target_id,bugged_id,bug_type,bug_line,original_segment,bugged_segment,line_count
scikit_learn__sklearn__preprocessing___data__PowerTransformer__3226_3609_15,scikit_learn__sklearn__preprocessing___data__PowerTransformer__3226_3609_15_bug,inject_wrong_comparison,290,        pos = x >= 0,        pos = x > 0,384
matplotlib__lib__mpl_toolkits__mplot3d__axes3d__errorbar__3598_3928_13,matplotlib__lib__mpl_toolkits__mplot3d__axes3d__errorbar__3598_3928_13_bug,inject_wrong_comparison,152,    if fmt.lower() != 'none':,    if fmt.lower() == 'none':,331
scikit_learn__sklearn__preprocessing___discretization__KBinsDiscretizer__24_547_1,scikit_learn__sklearn__preprocessing___discretization__KBinsDiscretizer__24_547_1_bug,inject_wrong_comparison,409,        if violating_indices.shape[0] > 0:,        if violating_indices.shape[0] >= 0:,524
scikit_learn__sklearn__gaussian_process___gpr__GaussianProcessRegressor__32_682_1,scikit_learn__sklearn__gaussian_process___gpr__GaussianProcessRegressor__32_682_1_bug,inject_wrong_comparison,501,        if y_mean.ndim == 1:,        if y_mean.ndim != 1:,651
scikit_learn__sklearn__model_selection___search__BaseSearchCV__440_1243_3,scikit_learn__sklearn__model_selection___search__BaseSearchCV__440_1243_3_bug,inject_wrong_comparison,393,"            if best_index < 0 or best_index >= len(results[""params""]):","            if best_index <= 0 or best_index >= len(results[""params""]):",804
pandas__pandas__core__arrays__interval__IntervalArray__116_1850_1,pandas__pandas__core__arrays__interval__IntervalArray__116_1850_1_bug,inject_wrong_comparison,198,        if type(left) != type(right):,        if type(left) == type(right):,1735
pandas__pandas__io__pytables__HDFStore__497_2018_2,pandas__pandas__io__pytables__HDFStore__497_2018_2_bug,inject_wrong_comparison,202,"        if include == ""pandas"":","        if include != ""pandas"":",1522
scikit_learn__sklearn__compose___column_transformer__ColumnTransformer__67_1333_1,scikit_learn__sklearn__compose___column_transformer__ColumnTransformer__67_1333_1_bug,inject_wrong_comparison,509,"        if dtype == ""str"":","        if dtype != ""str"":",1267
scikit_learn__sklearn__ensemble___stacking__StackingClassifier__422_838_2,scikit_learn__sklearn__ensemble___stacking__StackingClassifier__422_838_2_bug,inject_wrong_comparison,221,        if len(self.estimators) == 0:,        if len(self.estimators) != 0:,417
pandas__pandas__core__indexes__datetimelike__DatetimeIndexOpsMixin__85_552_1,pandas__pandas__core__indexes__datetimelike__DatetimeIndexOpsMixin__85_552_1_bug,inject_wrong_comparison,191,        if type(self) != type(other):,        if type(self) == type(other):,468
matplotlib__lib__matplotlib__contour__ContourLabeler__59_505_1,matplotlib__lib__matplotlib__contour__ContourLabeler__59_505_1_bug,inject_wrong_comparison,290,        is_closed_path = codes[stop - 1] == Path.CLOSEPOLY,        is_closed_path = codes[stop - 1] != Path.CLOSEPOLY,447
pandas__pandas__io__excel___base__BaseExcelReader__530_956_2,pandas__pandas__io__excel___base__BaseExcelReader__530_956_2_bug,inject_wrong_comparison,71,        if index >= n_sheets:,        if index > n_sheets:,427
pandas__pandas__core__indexes__datetimelike__DatetimeTimedeltaMixin__555_1153_2,pandas__pandas__core__indexes__datetimelike__DatetimeTimedeltaMixin__555_1153_2_bug,inject_wrong_comparison,247,        if self[0] <= other[0]:,        if self[0] < other[0]:,599
matplotlib__lib__matplotlib___mathtext__Parser__1807_2841_9,matplotlib__lib__matplotlib___mathtext__Parser__1807_2841_9_bug,inject_wrong_comparison,452,"        if c == ""-"":","        if c != ""-"":",1035
scikit_learn__sklearn__covariance___graph_lasso__GraphicalLassoCV__722_1152_5,scikit_learn__sklearn__covariance___graph_lasso__GraphicalLassoCV__722_1152_5_bug,inject_wrong_comparison,344,            if best_index == 0:,            if best_index != 0:,431
django__django__db__models__fields__related__RelatedField__98_523_1,django__django__db__models__fields__related__RelatedField__98_523_1_bug,inject_wrong_comparison,417,        if len(target_fields) > 1:,        if len(target_fields) >= 1:,426
scikit_learn__sklearn__manifold___t_sne__TSNE__560_1177_4,scikit_learn__sklearn__manifold___t_sne__TSNE__560_1177_4_bug,inject_wrong_comparison,287,        if self.perplexity >= X.shape[0]:,        if self.perplexity > X.shape[0]:,618
matplotlib__lib__matplotlib__dviread__Dvi__219_628_1,matplotlib__lib__matplotlib__dviread__Dvi__219_628_1_bug,inject_wrong_comparison,339,        if mag != 1000:,        if mag == 1000:,410
matplotlib__lib__matplotlib__axes___axes__hist__7196_7680_32,matplotlib__lib__matplotlib__axes___axes__hist__7196_7680_32_bug,inject_wrong_comparison,229,"        if orientation == ""vertical"":","        if orientation != ""vertical"":",485
pandas__pandas__core__strings__object_array__ObjectStringArrayMixin__35_526_1,pandas__pandas__core__strings__object_array__ObjectStringArrayMixin__35_526_1_bug,inject_wrong_comparison,95,"        if side == ""left"":","        if side != ""left"":",492
scikit_learn__sklearn__decomposition___incremental_pca__IncrementalPCA__19_423_1,scikit_learn__sklearn__decomposition___incremental_pca__IncrementalPCA__19_423_1_bug,inject_wrong_comparison,323,        if self.n_samples_seen_ == 0:,        if self.n_samples_seen_ != 0:,405
django__django__dispatch__dispatcher__Signal__68_536_1,django__django__dispatch__dispatcher__Signal__68_536_1_bug,inject_off_by_one,142,"            for index in range(len(self.receivers)):
                r_key, *_ = self.receivers[index]
                if r_key == lookup_key:
                    disconnected = True
                    del self.receivers[index]
                    break","            for index in range(len(self.receivers) - 1):
                r_key, *_ = self.receivers[index]
                if r_key == lookup_key:
                    disconnected = True
                    del self.receivers[index]
                    break",469
scikit_learn__sklearn__mixture___base__BaseMixture__49_614_1,scikit_learn__sklearn__mixture___base__BaseMixture__49_614_1_bug,inject_wrong_comparison,71,"        if self.init_params == ""kmeans"":","        if self.init_params != ""kmeans"":",566
scikit_learn__sklearn__linear_model___logistic__LogisticRegressionCV__1441_2320_4,scikit_learn__sklearn__linear_model___logistic__LogisticRegressionCV__1441_2320_4_bug,inject_wrong_comparison,431,"        if self.penalty == ""deprecated"":","        if self.penalty != ""deprecated"":",880
matplotlib__lib__matplotlib__image___ImageBase__233_824_1,matplotlib__lib__matplotlib__image___ImageBase__233_824_1_bug,inject_wrong_comparison,154,        if A.size == 0:,        if A.size != 0:,592
django__django__db__backends__mysql__operations__DatabaseOperations__13_431_1,django__django__db__backends__mysql__operations__DatabaseOperations__13_431_1_bug,inject_wrong_comparison,34,"        if lookup_type == ""week_day"":","        if lookup_type != ""week_day"":",419
pandas__pandas__core__generic__NDFrame__208_12795_1,pandas__pandas__core__generic__NDFrame__208_12795_1_bug,inject_wrong_comparison,320,        if ndim == 2:,        if ndim != 2:,12588
django__django__contrib__gis__geos__geometry__GEOSGeometryBase__23_695_1,django__django__contrib__gis__geos__geometry__GEOSGeometryBase__23_695_1_bug,inject_wrong_comparison,103,        if len(parts) == 2:,        if len(parts) != 2:,673
pandas__pandas__core__frame__DataFrame__270_18686_1,pandas__pandas__core__frame__DataFrame__270_18686_1_bug,inject_off_by_one,3891,"        for i in range(len(self.columns)):
            yield self._get_column_array(i)","        for i in range(len(self.columns) - 1):
            yield self._get_column_array(i)",18417
scikit_learn__sklearn__neighbors___classification__KNeighborsClassifier__44_456_1,scikit_learn__sklearn__neighbors___classification__KNeighborsClassifier__44_456_1_bug,inject_wrong_comparison,219,"        if self.weights == ""uniform"":","        if self.weights != ""uniform"":",413
matplotlib__lib__matplotlib___layoutgrid__LayoutGrid__31_490_1,matplotlib__lib__matplotlib___layoutgrid__LayoutGrid__31_490_1_bug,inject_wrong_comparison,257,        if size > self.margin_vals[todo][cell]:,        if size >= self.margin_vals[todo][cell]:,460
django__django__db__backends__base__operations__BaseDatabaseOperations__18_867_1,django__django__db__backends__base__operations__BaseDatabaseOperations__18_867_1_bug,inject_wrong_comparison,258,"        if operation == """":","        if operation != """":",850
scikit_learn__sklearn__ensemble___gb__BaseGradientBoosting__361_1142_2,scikit_learn__sklearn__ensemble___gb__BaseGradientBoosting__361_1142_2_bug,inject_wrong_comparison,111,        if neg_gradient.ndim == 1:,        if neg_gradient.ndim != 1:,782
pandas__pandas__io__stata__StataWriter__2390_3133_9,pandas__pandas__io__stata__StataWriter__2390_3133_9_bug,inject_wrong_comparison,718,        native_byteorder = self._byteorder == _set_endianness(sys.byteorder),        native_byteorder = self._byteorder != _set_endianness(sys.byteorder),744
matplotlib__lib__matplotlib__axes___axes__hexbin__5466_5866_25,matplotlib__lib__matplotlib__axes___axes__hexbin__5466_5866_25_bug,inject_wrong_comparison,182,    if xscale == 'log':,    if xscale != 'log':,401
django__django__db__models__query__QuerySet__303_2267_1,django__django__db__models__query__QuerySet__303_2267_1_bug,inject_wrong_comparison,86,        if len(data) > REPR_OUTPUT_SIZE:,        if len(data) >= REPR_OUTPUT_SIZE:,1965
django__django__db__backends__sqlite3__operations__DatabaseOperations__29_411_1,django__django__db__backends__sqlite3__operations__DatabaseOperations__29_411_1_bug,inject_wrong_comparison,110,        if len(params) > batch_size:,        if len(params) >= batch_size:,383
scikit_learn__sklearn__ensemble___forest__BaseForest__183_702_1,scikit_learn__sklearn__ensemble___forest__BaseForest__183_702_1_bug,inject_wrong_comparison,193,        if y.ndim == 1:,        if y.ndim != 1:,520
scikit_learn__sklearn__svm___classes__LinearSVC__44_364_1,scikit_learn__sklearn__svm___classes__LinearSVC__44_364_1_bug,inject_wrong_comparison,310,"        if self.multi_class == ""crammer_singer"" and len(self.classes_) == 2:","        if self.multi_class != ""crammer_singer"" and len(self.classes_) == 2:",321
pandas__pandas__core__arrays__arrow__array__ArrowExtensionArray__251_3409_1,pandas__pandas__core__arrays__arrow__array__ArrowExtensionArray__251_3409_1_bug,inject_wrong_comparison,182,        if len(values) == 0:,        if len(values) != 0:,3159
matplotlib__lib__matplotlib__lines__Line2D__243_1476_2,matplotlib__lib__matplotlib__lines__Line2D__243_1476_2_bug,inject_wrong_comparison,46,"        if self._label != """":","        if self._label == """":",1234
matplotlib__lib__matplotlib__widgets__SpanSelector__2670_3088_11,matplotlib__lib__matplotlib__widgets__SpanSelector__2670_3088_11_bug,inject_wrong_comparison,150,        if self.direction == 'horizontal':,        if self.direction != 'horizontal':,419
django__django__contrib__admin__sites__AdminSite__31_605_1,django__django__contrib__admin__sites__AdminSite__31_605_1_bug,inject_wrong_comparison,399,"        if request.method == ""GET"" and self.has_permission(request):","        if request.method != ""GET"" and self.has_permission(request):",575
scikit_learn__sklearn__linear_model___bayes__ARDRegression__466_824_2,scikit_learn__sklearn__linear_model___bayes__ARDRegression__466_824_2_bug,inject_wrong_comparison,242,            if n_samples >= n_features,            if n_samples > n_features,359
pandas__pandas__core__arrays__base__ExtensionArray__114_2896_1,pandas__pandas__core__arrays__base__ExtensionArray__114_2896_1_bug,inject_wrong_comparison,775,        if dtype == self.dtype:,        if dtype != self.dtype:,2783
matplotlib__lib__matplotlib__axes___base___AxesBase__542_4875_3,matplotlib__lib__matplotlib__axes___base___AxesBase__542_4875_3_bug,inject_wrong_comparison,427,        if which == 'grid':,        if which != 'grid':,4334
matplotlib__lib__matplotlib__colors__Colormap__705_1076_5,matplotlib__lib__matplotlib__colors__Colormap__705_1076_5_bug,inject_wrong_comparison,111,"        if xa.dtype.kind == ""f"":","        if xa.dtype.kind != ""f"":",372
scikit_learn__sklearn__pipeline__Pipeline__92_1373_1,scikit_learn__sklearn__pipeline__Pipeline__92_1373_1_bug,inject_wrong_comparison,229,"            and estimator != ""passthrough""","            and estimator == ""passthrough""",1282
scikit_learn__sklearn__tree___classes__BaseDecisionTree__93_698_1,scikit_learn__sklearn__tree___classes__BaseDecisionTree__93_698_1_bug,inject_wrong_comparison,196,        if y.ndim == 1:,        if y.ndim != 1:,606
django__django__contrib__admin__options__BaseModelAdmin__130_635_1,django__django__contrib__admin__options__BaseModelAdmin__130_635_1_bug,inject_wrong_comparison,367,        if len(relation_parts) <= 1:,        if len(relation_parts) < 1:,506
scikit_learn__sklearn__preprocessing___target_encoder__TargetEncoder__32_649_1,scikit_learn__sklearn__preprocessing___target_encoder__TargetEncoder__32_649_1_bug,inject_wrong_comparison,329,"        if self.target_type_ == ""multiclass"":","        if self.target_type_ != ""multiclass"":",618
scikit_learn__sklearn__linear_model___coordinate_descent__LinearModelCV__1552_1980_7,scikit_learn__sklearn__linear_model___coordinate_descent__LinearModelCV__1552_1980_7_bug,inject_wrong_comparison,120,"        if self.n_alphas == ""deprecated"":","        if self.n_alphas != ""deprecated"":",429
pandas__pandas__plotting___core__PlotAccessor__773_2154_6,pandas__pandas__plotting___core__PlotAccessor__773_2154_6_bug,inject_wrong_comparison,322,"        if backend_name == ""pandas.plotting._matplotlib"":","        if backend_name != ""pandas.plotting._matplotlib"":",1382
django__django__forms__formsets__BaseFormSet__52_531_1,django__django__forms__formsets__BaseFormSet__52_531_1_bug,inject_wrong_comparison,135,            if initial_forms > self.max_num >= 0:,            if initial_forms >= self.max_num >= 0:,480
scikit_learn__sklearn__tree___classes__DecisionTreeClassifier__706_1110_2,scikit_learn__sklearn__tree___classes__DecisionTreeClassifier__706_1110_2_bug,inject_wrong_comparison,357,        if self.n_outputs_ == 1:,        if self.n_outputs_ != 1:,405
matplotlib__lib__matplotlib__colors__BivarColormap__1675_2175_9,matplotlib__lib__matplotlib__colors__BivarColormap__1675_2175_9_bug,inject_wrong_comparison,79,        if len(X) != 2:,        if len(X) == 2:,501
matplotlib__lib__mpl_toolkits__mplot3d__axes3d__Axes3D__44_4068_1,matplotlib__lib__mpl_toolkits__mplot3d__axes3d__Axes3D__44_4068_1_bug,inject_wrong_comparison,295,        if aspect == 'equal':,        if aspect != 'equal':,4025
pandas__pandas__core__indexes__period__PeriodIndex__82_713_1,pandas__pandas__core__indexes__period__PeriodIndex__82_713_1_bug,inject_wrong_comparison,447,        return self.dtype == dtype,        return self.dtype != dtype,632
django__django__db__models__constraints__UniqueConstraint__263_680_3,django__django__db__models__constraints__UniqueConstraint__263_680_3_bug,inject_wrong_comparison,51,        if opclasses and len(fields) != len(opclasses):,        if opclasses and len(fields) == len(opclasses):,418
matplotlib__lib__matplotlib__backends__backend_ps__RendererPS__397_942_1,matplotlib__lib__matplotlib__backends__backend_ps__RendererPS__397_942_1_bug,inject_wrong_comparison,52,"        if (r, g, b) != self.color:","        if (r, g, b) == self.color:",546
scrapy__scrapy__core__http2__stream__Stream__86_500_1,scrapy__scrapy__core__http2__stream__Stream__86_500_1_bug,inject_wrong_comparison,146,"        if self._request.method != ""CONNECT"":","        if self._request.method == ""CONNECT"":",415
matplotlib__lib__matplotlib__contour__ContourSet__557_1279_2,matplotlib__lib__matplotlib__contour__ContourSet__557_1279_2_bug,inject_wrong_comparison,141,        if self.origin == 'image':,        if self.origin != 'image':,723
matplotlib__lib__matplotlib__sankey__add__351_776_3,matplotlib__lib__matplotlib__sankey__add__351_776_3_bug,inject_wrong_comparison,110,    if trunklength < 0:,    if trunklength <= 0:,426
pandas__pandas__core__window__rolling__BaseWindow__116_657_1,pandas__pandas__core__window__rolling__BaseWindow__116_657_1_bug,inject_wrong_comparison,93,        if len(start) != len(end):,        if len(start) == len(end):,542
pandas__pandas__core__window__rolling__Window__862_1518_3,pandas__pandas__core__window__rolling__Window__862_1518_3_bug,inject_wrong_comparison,283,"        if self.method != ""single"":","        if self.method == ""single"":",657
pandas__pandas__io__parsers__base_parser__ParserBase__86_760_1,pandas__pandas__io__parsers__base_parser__ParserBase__86_760_1_bug,inject_wrong_comparison,127,        if len(header) < 2:,        if len(header) <= 2:,675
scikit_learn__sklearn__preprocessing___data__StandardScaler__740_1170_4,scikit_learn__sklearn__preprocessing___data__StandardScaler__740_1170_4_bug,inject_wrong_comparison,319,        if xp.max(self.n_samples_seen_) == xp.min(self.n_samples_seen_):,        if xp.max(self.n_samples_seen_) != xp.min(self.n_samples_seen_):,431
pandas__pandas__core__tools__datetimes__to_datetime__688_1081_2,pandas__pandas__core__tools__datetimes__to_datetime__688_1081_2_bug,inject_wrong_comparison,327,"    if origin != ""unix"":","    if origin == ""unix"":",394
matplotlib__lib__matplotlib__figure__FigureBase__118_2219_1,matplotlib__lib__matplotlib__figure__FigureBase__118_2219_1_bug,inject_wrong_comparison,82,        if len(axes) == 1:,        if len(axes) != 1:,2102
matplotlib__lib__matplotlib__patches__Patch__35_759_1,matplotlib__lib__matplotlib__patches__Patch__35_759_1_bug,inject_wrong_comparison,315,        if self._hatch_color == 'edge':,        if self._hatch_color != 'edge':,725
django__django__core__management__commands__makemessages__Command__199_778_2,django__django__core__management__commands__makemessages__Command__199_778_2_bug,inject_wrong_comparison,159,"        if self.domain == ""djangojs"":","        if self.domain != ""djangojs"":",580
matplotlib__lib__matplotlib__backends__registry__BackendRegistry__15_410_1,matplotlib__lib__matplotlib__backends__registry__BackendRegistry__15_410_1_bug,inject_wrong_comparison,268,        if filter_ == BackendFilter.INTERACTIVE:,        if filter_ != BackendFilter.INTERACTIVE:,396
pandas__pandas__core__arrays__numpy___NumpyExtensionArray__61_652_1,pandas__pandas__core__arrays__numpy___NumpyExtensionArray__61_652_1_bug,inject_wrong_comparison,63,        if values.ndim == 0:,        if values.ndim != 0:,592
django__django__contrib__gis__gdal__geometries__OGRGeometry__65_589_1,django__django__contrib__gis__gdal__geometries__OGRGeometry__65_589_1_bug,inject_wrong_comparison,349,"        if sys.byteorder == ""little"":","        if sys.byteorder != ""little"":",525
scikit_learn__sklearn__cluster___kmeans__KMeans__1192_1560_7,scikit_learn__sklearn__cluster___kmeans__KMeans__1192_1560_7_bug,inject_wrong_comparison,304,"        if self._algorithm == ""elkan"":","        if self._algorithm != ""elkan"":",369
scikit_learn__sklearn__preprocessing___polynomial__SplineTransformer__585_1255_2,scikit_learn__sklearn__preprocessing___polynomial__SplineTransformer__585_1255_2_bug,inject_wrong_comparison,184,"        if knots == ""quantile"":","        if knots != ""quantile"":",671
matplotlib__lib__matplotlib__sankey__Sankey__30_814_1,matplotlib__lib__matplotlib__sankey__Sankey__30_814_1_bug,inject_wrong_comparison,96,        if gap < 0:,        if gap <= 0:,785
pandas__pandas__core__window__ewm__ExponentialMovingWindow__127_980_1,pandas__pandas__core__window__ewm__ExponentialMovingWindow__127_980_1_bug,inject_wrong_comparison,236,            if len(self.times) != len(obj):,            if len(self.times) == len(obj):,854
pandas__pandas__core__window__rolling__RollingAndExpandingMixin__1521_1959_4,pandas__pandas__core__window__rolling__RollingAndExpandingMixin__1521_1959_4_bug,inject_wrong_comparison,298,        if q == 1.0:,        if q != 1.0:,439
scikit_learn__sklearn__feature_selection___from_model__SelectFromModel__95_519_1,scikit_learn__sklearn__feature_selection___from_model__SelectFromModel__95_519_1_bug,inject_wrong_comparison,220,        mask[scores < threshold] = False,        mask[scores <= threshold] = False,425
matplotlib__lib__matplotlib__backends__backend_pdf__PdfFile__660_1969_3,matplotlib__lib__matplotlib__backends__backend_pdf__PdfFile__660_1969_3_bug,inject_wrong_comparison,814,        if fonttype == 3:,        if fonttype != 3:,1310
matplotlib__lib__matplotlib__transforms__BboxBase__207_686_2,matplotlib__lib__matplotlib__transforms__BboxBase__207_686_2_bug,inject_wrong_comparison,227,        if ax2 < ax1:,        if ax2 <= ax1:,480
scikit_learn__sklearn__linear_model___glm__glm___GeneralizedLinearRegressor__35_464_1,scikit_learn__sklearn__linear_model___glm__glm___GeneralizedLinearRegressor__35_464_1_bug,inject_wrong_comparison,228,"        if self.solver == ""lbfgs"":","        if self.solver != ""lbfgs"":",430
pandas__pandas__core__arrays___arrow_string_mixins__ArrowStringArrayMixin__31_426_1,pandas__pandas__core__arrays___arrow_string_mixins__ArrowStringArrayMixin__31_426_1_bug,inject_wrong_comparison,116,"        if side == ""left"":","        if side != ""left"":",396
django__django__core__management__commands__makemigrations__Command__26_518_1,django__django__core__management__commands__makemigrations__Command__26_518_1_bug,inject_wrong_comparison,222,            if self.verbosity >= 1:,            if self.verbosity > 1:,493
django__django__db__backends__base__schema___alter_field__950_1319_5,django__django__db__backends__base__schema___alter_field__950_1319_5_bug,inject_wrong_comparison,144,    if old_field.column != new_field.column:,    if old_field.column == new_field.column:,370
pandas__pandas__io__parsers__python_parser__PythonParser__96_1374_1,pandas__pandas__io__parsers__python_parser__PythonParser__96_1374_1_bug,inject_wrong_comparison,88,        if len(self.decimal) != 1:,        if len(self.decimal) == 1:,1279
pandas__pandas__core__groupby__ops__BaseGrouper__584_1076_2,pandas__pandas__core__groupby__ops__BaseGrouper__584_1076_2_bug,inject_wrong_comparison,135,        if len(self.groupings) > 1:,        if len(self.groupings) >= 1:,493
scikit_learn__sklearn__linear_model___logistic__fit__1828_2229_6,scikit_learn__sklearn__linear_model___logistic__fit__1828_2229_6_bug,inject_wrong_comparison,44,"    if self.penalty == ""deprecated"":","    if self.penalty != ""deprecated"":",402
scrapy__scrapy__core__scheduler__Scheduler__130_530_1,scrapy__scrapy__core__scheduler__Scheduler__130_530_1_bug,inject_wrong_comparison,214,        return len(self) > 0,        return len(self) >= 0,401
pandas__pandas__io__json___json__read_json__535_853_3,pandas__pandas__io__json___json__read_json__535_853_3_bug,inject_wrong_comparison,278,"    if orient == ""table"" and dtype:","    if orient != ""table"" and dtype:",319
pandas__pandas__io__pytables__Table__3506_4504_9,pandas__pandas__io__pytables__Table__3506_4504_9_bug,inject_wrong_comparison,88,        if other.table_type != self.table_type:,        if other.table_type == self.table_type:,999
scikit_learn__sklearn__externals__array_api_extra___lib___at__at__61_463_1,scikit_learn__sklearn__externals__array_api_extra___lib___at__at__61_463_1_bug,inject_wrong_comparison,240,            and idx.dtype == xp.bool,            and idx.dtype != xp.bool,403
pandas__pandas__core__indexes__range__RangeIndex__78_1584_1,pandas__pandas__core__indexes__range__RangeIndex__78_1584_1_bug,inject_wrong_comparison,104,        if step == 0:,        if step != 0:,1507
pandas__pandas__core__groupby__grouper__Grouper__71_410_1,pandas__pandas__core__groupby__grouper__Grouper__71_410_1_bug,inject_wrong_comparison,287,"            if getattr(gpr_index, ""name"", None) == key and isinstance(obj, Series):","            if getattr(gpr_index, ""name"", None) != key and isinstance(obj, Series):",340
django__django__db__backends__base__base__BaseDatabaseWrapper__30_789_1,django__django__db__backends__base__base__BaseDatabaseWrapper__30_789_1_bug,inject_wrong_comparison,146,        if len(self.queries_log) == self.queries_log.maxlen:,        if len(self.queries_log) != self.queries_log.maxlen:,760
pandas__pandas__core__groupby__generic__DataFrameGroupBy__2073_3912_2,pandas__pandas__core__groupby__generic__DataFrameGroupBy__2073_3912_2_bug,inject_wrong_comparison,253,        if len(values) == 0:,        if len(values) != 0:,1840
matplotlib__lib__matplotlib__figure__Figure__2431_3664_3,matplotlib__lib__matplotlib__figure__Figure__2431_3664_3_bug,inject_wrong_comparison,245,        if old.colorbar_gridspec == new.colorbar_gridspec:,        if old.colorbar_gridspec != new.colorbar_gridspec:,1234
scikit_learn__sklearn__utils__validation__check_array__725_1145_2,scikit_learn__sklearn__utils__validation__check_array__725_1145_2_bug,inject_wrong_comparison,370,    if ensure_min_samples > 0:,    if ensure_min_samples >= 0:,421
django__django__core__management__commands__migrate__Command__17_509_1,django__django__core__management__commands__migrate__Command__17_509_1_bug,inject_wrong_comparison,252,        if self.verbosity >= 1:,        if self.verbosity > 1:,493
scikit_learn__sklearn__externals___scipy__sparse__csgraph___laplacian__laplacian__20_369_1,scikit_learn__sklearn__externals___scipy__sparse__csgraph___laplacian__laplacian__20_369_1_bug,inject_wrong_comparison,330,"    if form == ""array"":","    if form != ""array"":",350
matplotlib__lib__matplotlib__tri___triinterpolate__CubicTriInterpolator__286_573_2,matplotlib__lib__matplotlib__tri___triinterpolate__CubicTriInterpolator__286_573_2_bug,inject_wrong_comparison,117,        valid_node = (node_renum != -1),        valid_node = (node_renum == -1),288
scikit_learn__sklearn__linear_model___logistic__LogisticRegression__813_1438_3,scikit_learn__sklearn__linear_model___logistic__LogisticRegression__813_1438_3_bug,inject_wrong_comparison,382,"        if self.penalty == ""deprecated"":","        if self.penalty != ""deprecated"":",626
django__django__db__backends__sqlite3__schema__DatabaseSchemaEditor__12_503_1,django__django__db__backends__sqlite3__schema__DatabaseSchemaEditor__12_503_1_bug,inject_wrong_comparison,232,        if delete_field and delete_field.attname == new_model._meta.pk.attname:,        if delete_field and delete_field.attname != new_model._meta.pk.attname:,492
scikit_learn__sklearn__ensemble___hist_gradient_boosting__gradient_boosting__HistGradientBoostingClassifier__1875_2373_3,scikit_learn__sklearn__ensemble___hist_gradient_boosting__gradient_boosting__HistGradientBoostingClassifier__1875_2373_3_bug,inject_wrong_comparison,355,        if raw_predictions.shape[1] == 1:,        if raw_predictions.shape[1] != 1:,499
pandas__pandas__core__indexes__interval__IntervalIndex__159_1253_1,pandas__pandas__core__indexes__interval__IntervalIndex__159_1253_1_bug,inject_wrong_comparison,402,        if self.isna().sum() > 1:,        if self.isna().sum() >= 1:,1095
scikit_learn__sklearn__feature_extraction___dict_vectorizer__DictVectorizer__17_457_1,scikit_learn__sklearn__feature_extraction___dict_vectorizer__DictVectorizer__17_457_1_bug,inject_wrong_comparison,184,"        assert array(""i"").itemsize == 4, (","        assert array(""i"").itemsize != 4, (",441
scikit_learn__sklearn__ensemble___weight_boosting__AdaBoostClassifier__321_820_2,scikit_learn__sklearn__ensemble___weight_boosting__AdaBoostClassifier__321_820_2_bug,inject_wrong_comparison,210,        if iboost == 0:,        if iboost != 0:,500
scikit_learn__sklearn__dummy__DummyClassifier__34_458_1,scikit_learn__sklearn__dummy__DummyClassifier__34_458_1_bug,inject_wrong_comparison,170,        if y.ndim == 1:,        if y.ndim != 1:,425
scikit_learn__sklearn__preprocessing___encoders__OneHotEncoder__473_1259_2,scikit_learn__sklearn__preprocessing___encoders__OneHotEncoder__473_1259_2_bug,inject_wrong_comparison,571,"        if self.handle_unknown == ""warn"":","        if self.handle_unknown != ""warn"":",787
scikit_learn__sklearn__linear_model___ransac__RANSACRegressor__81_726_1,scikit_learn__sklearn__linear_model___ransac__RANSACRegressor__81_726_1_bug,inject_wrong_comparison,309,        if min_samples > X.shape[0]:,        if min_samples >= X.shape[0]:,646
matplotlib__lib__matplotlib__axis__Axis__573_2358_2,matplotlib__lib__matplotlib__axis__Axis__573_2358_2_bug,inject_wrong_comparison,243,        if old_default_lims != new_default_lims:,        if old_default_lims == new_default_lims:,1786
pandas__pandas__core__groupby__groupby__BaseGroupBy__192_739_1,pandas__pandas__core__groupby__groupby__BaseGroupBy__192_739_1_bug,inject_wrong_comparison,204,        if len(self.indices) > 0:,        if len(self.indices) >= 0:,548
scikit_learn__sklearn__inspection___plot__partial_dependence__PartialDependenceDisplay__22_1490_1,scikit_learn__sklearn__inspection___plot__partial_dependence__PartialDependenceDisplay__22_1490_1_bug,inject_wrong_comparison,545,        if len(kind_) != len(features):,        if len(kind_) == len(features):,1469
matplotlib__lib__matplotlib___type1font__Type1Font__326_1000_2,matplotlib__lib__matplotlib___type1font__Type1Font__326_1000_2_bug,inject_wrong_comparison,44,"        if isinstance(input, tuple) and len(input) == 3:","        if isinstance(input, tuple) and len(input) != 3:",675
pandas__pandas__core__dtypes__dtypes__CategoricalDtype__164_714_1,pandas__pandas__core__dtypes__dtypes__CategoricalDtype__164_714_1_bug,inject_wrong_comparison,216,        if string != cls.name:,        if string == cls.name:,551
django__django__core__management__commands__inspectdb__Command__10_421_1,django__django__core__management__commands__inspectdb__Command__10_421_1_bug,inject_wrong_comparison,273,        if new_name != col_name:,        if new_name == col_name:,412
scikit_learn__sklearn__decomposition___pca__PCA__113_852_1,scikit_learn__sklearn__decomposition___pca__PCA__113_852_1_bug,inject_wrong_comparison,412,"        if self._fit_svd_solver == ""auto"":","        if self._fit_svd_solver != ""auto"":",740
django__django__contrib__admin__views__main__ChangeList__67_558_1,django__django__contrib__admin__views__main__ChangeList__67_558_1_bug,inject_wrong_comparison,246,        can_show_all = result_count <= self.list_max_show_all,        can_show_all = result_count < self.list_max_show_all,492
scikit_learn__sklearn__ensemble___hist_gradient_boosting__gradient_boosting__fit__513_1071_5,scikit_learn__sklearn__ensemble___hist_gradient_boosting__gradient_boosting__fit__513_1071_5_bug,inject_wrong_comparison,140,"    if self.early_stopping == ""auto"":","    if self.early_stopping != ""auto"":",559
scikit_learn__sklearn__decomposition___factor_analysis__FactorAnalysis__39_435_1,scikit_learn__sklearn__decomposition___factor_analysis__FactorAnalysis__39_435_1_bug,inject_wrong_comparison,215,"        if self.svd_method == ""lapack"":","        if self.svd_method != ""lapack"":",397
django__django__contrib__gis__utils__layermapping__LayerMapping__59_737_1,django__django__contrib__gis__utils__layermapping__LayerMapping__59_737_1_bug,inject_wrong_comparison,114,"        if transaction_mode == ""autocommit"":","        if transaction_mode != ""autocommit"":",679
scikit_learn__sklearn__inspection___plot__decision_boundary__DecisionBoundaryDisplay__57_635_1,scikit_learn__sklearn__inspection___plot__decision_boundary__DecisionBoundaryDisplay__57_635_1_bug,inject_wrong_comparison,193,        if self.n_classes == 2:,        if self.n_classes != 2:,579
matplotlib__lib__matplotlib__font_manager__FontProperties__592_967_2,matplotlib__lib__matplotlib__font_manager__FontProperties__592_967_2_bug,inject_wrong_comparison,125,        return hash(self) == hash(other),        return hash(self) != hash(other),376
pandas__pandas__core__resample__TimeGrouper__2399_2857_5,pandas__pandas__core__resample__TimeGrouper__2399_2857_5_bug,inject_wrong_comparison,216,        if len(ax) == 0:,        if len(ax) != 0:,459
pandas__pandas__io__formats__style__to_latex__728_1288_6,pandas__pandas__io__formats__style__to_latex__728_1288_6_bug,inject_wrong_comparison,503,"        if environment == ""longtable"":","        if environment != ""longtable"":",561
scikit_learn__sklearn__preprocessing___encoders__OrdinalEncoder__1262_1699_3,scikit_learn__sklearn__preprocessing___encoders__OrdinalEncoder__1262_1699_3_bug,inject_wrong_comparison,232,"        if self.handle_unknown == ""use_encoded_value"":","        if self.handle_unknown != ""use_encoded_value"":",438
pandas__pandas__core__series__Series__211_9923_1,pandas__pandas__core__series__Series__211_9923_1_bug,inject_wrong_comparison,999,        mask = indexer == -1,        mask = indexer != -1,9713
scikit_learn__sklearn__decomposition___fastica__FastICA__372_809_2,scikit_learn__sklearn__decomposition___fastica__FastICA__372_809_2_bug,inject_wrong_comparison,211,"        if self.fun == ""logcosh"":","        if self.fun != ""logcosh"":",438
pandas__pandas__io__excel___base__ExcelWriter__960_1408_3,pandas__pandas__io__excel___base__ExcelWriter__960_1408_3_bug,inject_wrong_comparison,209,"            if engine is None or (isinstance(engine, str) and engine == ""auto""):","            if engine is None or (isinstance(engine, str) and engine != ""auto""):",449
matplotlib__lib__matplotlib__projections__polar__PolarAxes__768_1499_4,matplotlib__lib__matplotlib__projections__polar__PolarAxes__768_1499_4_bug,inject_wrong_comparison,184,        if self.get_theta_direction() > 0:,        if self.get_theta_direction() >= 0:,732
matplotlib__lib__matplotlib__backend_bases__RendererBase__134_692_1,matplotlib__lib__matplotlib__backend_bases__RendererBase__134_692_1_bug,inject_wrong_comparison,186,        if Npaths == 0:,        if Npaths != 0:,559
matplotlib__lib__matplotlib__table__Table__239_654_2,matplotlib__lib__matplotlib__table__Table__239_654_2_bug,inject_wrong_comparison,291,        if len(self._cells) == 0:,        if len(self._cells) != 0:,416
scikit_learn__sklearn__gaussian_process___gpc__GaussianProcessClassifier__516_973_2,scikit_learn__sklearn__gaussian_process___gpc__GaussianProcessClassifier__516_973_2_bug,inject_wrong_comparison,240,        if self.n_classes_ == 1:,        if self.n_classes_ != 1:,458
matplotlib__lib__matplotlib__texmanager__TexManager__55_374_1,matplotlib__lib__matplotlib__texmanager__TexManager__55_374_1_bug,inject_wrong_comparison,105,        if requested_family == 'cursive':,        if requested_family != 'cursive':,320
matplotlib__lib__matplotlib__backend_bases__NavigationToolbar2__2915_3427_8,matplotlib__lib__matplotlib__backend_bases__NavigationToolbar2__2915_3427_8_bug,inject_wrong_comparison,155,        if self._draw_time - last_draw_time > 1:,        if self._draw_time - last_draw_time >= 1:,513
django__django__db__backends__base__schema__BaseDatabaseSchemaEditor__78_2086_1,django__django__db__backends__base__schema__BaseDatabaseSchemaEditor__78_2086_1_bug,inject_wrong_comparison,598,        if len(constraint_names) != 1:,        if len(constraint_names) == 1:,2009
django__django__db__models__fields__related__ForeignObject__526_954_2,django__django__db__models__fields__related__ForeignObject__526_954_2_bug,inject_wrong_comparison,160,            if len(self.foreign_related_fields) > 1:,            if len(self.foreign_related_fields) >= 1:,429
pandas__pandas__core__groupby__generic__SeriesGroupBy__187_2069_1,pandas__pandas__core__groupby__generic__SeriesGroupBy__187_2069_1_bug,inject_wrong_comparison,378,        if len(values) == 0:,        if len(values) != 0:,1883
pandas__pandas__core__arrays__datetimelike__TimelikeOps__1841_2630_2,pandas__pandas__core__arrays__datetimelike__TimelikeOps__1841_2630_2_bug,inject_wrong_comparison,236,        if self._creso != other._creso:,        if self._creso == other._creso:,790
matplotlib__lib__matplotlib__backend_bases__FigureCanvasBase__1703_2466_5,matplotlib__lib__matplotlib__backend_bases__FigureCanvasBase__1703_2466_5_bug,inject_wrong_comparison,323,        if self._device_pixel_ratio == ratio:,        if self._device_pixel_ratio != ratio:,764
scikit_learn__sklearn__linear_model___coordinate_descent__ElasticNet__769_1209_4,scikit_learn__sklearn__linear_model___coordinate_descent__ElasticNet__769_1209_4_bug,inject_wrong_comparison,252,        if self.alpha == 0:,        if self.alpha != 0:,441
pandas__pandas__core__arrays__masked__BaseMaskedArray__122_1980_1,pandas__pandas__core__arrays__masked__BaseMaskedArray__122_1980_1_bug,inject_wrong_comparison,28,        if values.shape != mask.shape:,        if values.shape == mask.shape:,1859
pandas__pandas__core__groupby__groupby__GroupBy__746_5909_2,pandas__pandas__core__groupby__groupby__GroupBy__746_5909_2_bug,inject_wrong_comparison,209,        if self.obj.ndim == 1:,        if self.obj.ndim != 1:,5164
scikit_learn__sklearn__linear_model___stochastic_gradient__SGDClassifier__958_1427_4,scikit_learn__sklearn__linear_model___stochastic_gradient__SGDClassifier__958_1427_4_bug,inject_wrong_comparison,405,"        if self.loss == ""log_loss"":","        if self.loss != ""log_loss"":",470
matplotlib__lib__matplotlib__patches__ArrowStyle__3269_3986_14,matplotlib__lib__matplotlib__patches__ArrowStyle__3269_3986_14_bug,inject_wrong_comparison,171,"            if beginarrow == ""<"":","            if beginarrow != ""<"":",718
scikit_learn__sklearn__preprocessing___function_transformer__FunctionTransformer__29_440_1,scikit_learn__sklearn__preprocessing___function_transformer__FunctionTransformer__29_440_1_bug,inject_wrong_comparison,335,"        if self.feature_names_out == ""one-to-one"":","        if self.feature_names_out != ""one-to-one"":",412
pandas__pandas__core__resample__Resampler__118_1991_1,pandas__pandas__core__resample__Resampler__118_1991_1_bug,inject_wrong_comparison,125,        assert len(bins) == len(binlabels),        assert len(bins) != len(binlabels),1874
scikit_learn__sklearn__manifold___mds__MDS__440_836_3,scikit_learn__sklearn__manifold___mds__MDS__440_836_3_bug,inject_wrong_comparison,304,"        if self.n_init == ""warn"":","        if self.n_init != ""warn"":",397
pandas__pandas__core__interchange__column__PandasColumn__74_479_1,pandas__pandas__core__interchange__column__PandasColumn__74_479_1_bug,inject_wrong_comparison,98,"        if dtype == ""bool[pyarrow]"":","        if dtype != ""bool[pyarrow]"":",406
scikit_learn__sklearn__model_selection___classification_threshold__TunedThresholdClassifierCV__498_883_3,scikit_learn__sklearn__model_selection___classification_threshold__TunedThresholdClassifierCV__498_883_3_bug,inject_wrong_comparison,252,"        if cv == ""prefit"":","        if cv != ""prefit"":",386
pandas__pandas__core__internals__managers__BaseBlockManager__143_1074_1,pandas__pandas__core__internals__managers__BaseBlockManager__143_1074_1_bug,inject_wrong_comparison,115,        if self.ndim == 1:,        if self.ndim != 1:,932
pandas__pandas__core__reshape__reshape___Unstacker__74_456_1,pandas__pandas__core__reshape__reshape___Unstacker__74_456_1_bug,inject_wrong_comparison,158,        if mask.sum() < len(self.index):,        if mask.sum() <= len(self.index):,383
scikit_learn__sklearn__ensemble___bagging__BaggingClassifier__685_1194_2,scikit_learn__sklearn__ensemble___bagging__BaggingClassifier__685_1194_2_bug,inject_wrong_comparison,234,        if (predictions.sum(axis=1) == 0).any():,        if (predictions.sum(axis=1) != 0).any():,510
pandas__pandas__core__arrays__string_arrow__ArrowStringArray__85_592_1,pandas__pandas__core__arrays__string_arrow__ArrowStringArray__85_592_1_bug,inject_wrong_comparison,236,        if dtype == self.dtype:,        if dtype != self.dtype:,508
django__django__db__models__fields__related__ManyToManyField__1454_2163_4,django__django__db__models__fields__related__ManyToManyField__1454_2163_4_bug,inject_wrong_comparison,50,            symmetrical = to == RECURSIVE_RELATIONSHIP_CONSTANT,            symmetrical = to != RECURSIVE_RELATIONSHIP_CONSTANT,710
django__django__contrib__sessions__backends__base__SessionBase__35_528_1,django__django__contrib__sessions__backends__base__SessionBase__35_528_1_bug,inject_wrong_comparison,80,        return self.get(self.TEST_COOKIE_NAME) == self.TEST_COOKIE_VALUE,        return self.get(self.TEST_COOKIE_NAME) != self.TEST_COOKIE_VALUE,494
scikit_learn__sklearn__cluster___optics__OPTICS__33_394_1,scikit_learn__sklearn__cluster___optics__OPTICS__33_394_1_bug,inject_wrong_comparison,332,"        if self.cluster_method == ""xi"":","        if self.cluster_method != ""xi"":",362
pandas__pandas__core__window__rolling__Rolling__1963_3451_5,pandas__pandas__core__window__rolling__Rolling__1963_3451_5_bug,inject_wrong_comparison,59,        elif not is_integer(self.window) or self.window < 0:,        elif not is_integer(self.window) or self.window <= 0:,1489
matplotlib__lib__mpl_toolkits__axisartist__axis_artist__AxisArtist__656_1117_4,matplotlib__lib__mpl_toolkits__axisartist__axis_artist__AxisArtist__656_1117_4_bug,inject_wrong_comparison,355,        if self._ticklabel_add_angle != self._axislabel_add_angle:,        if self._ticklabel_add_angle == self._axislabel_add_angle:,462
scikit_learn__sklearn__cluster___kmeans__MiniBatchKMeans__1684_2324_9,scikit_learn__sklearn__cluster___kmeans__MiniBatchKMeans__1684_2324_9_bug,inject_wrong_comparison,271,        if self.reassignment_ratio < 0:,        if self.reassignment_ratio <= 0:,641
scikit_learn__sklearn__linear_model___glm___newton_solver__NewtonSolver__22_449_1,scikit_learn__sklearn__linear_model___glm___newton_solver__NewtonSolver__22_449_1_bug,inject_off_by_one,222,"        for i in range(21):  # until and including t = beta**20 ~ 1e-6
            self.coef = self.coef_old + t * self.coef_newton
            raw = self.raw_prediction + t * raw_prediction_newton
            self.loss_value, self.gradient = self.linear_loss.loss_gradient(
                coef=self.coef,
                X=X,
                y=y,
                sample_weight=sample_weight,
                l2_reg_strength=self.l2_reg_strength,
                n_threads=self.n_threads,
                raw_prediction=raw,
            )
            # Note: If coef_newton is too large, loss_gradient may produce inf values,
            # potentially accompanied by a RuntimeWarning.
            # This case will be captured by the Armijo condition.

            # 1. Check Armijo / sufficient decrease condition.
            # The smaller (more negative) the better.
            loss_improvement = self.loss_value - self.loss_value_old
            check = loss_improvement <= t * armijo_term
            if is_verbose:
                print(
                    f""    line search iteration={i + 1}, step size={t}\n""
                    f""      check loss improvement <= armijo term: {loss_improvement} ""
                    f""<= {t * armijo_term} {check}""
                )
            if check:
                break
            # 2. Deal with relative loss differences around machine precision.
            tiny_loss = np.abs(self.loss_value_old * eps)
            check = np.abs(loss_improvement) <= tiny_loss
            if is_verbose:
                print(
                    ""      check loss |improvement| <= eps * |loss_old|:""
                    f"" {np.abs(loss_improvement)} <= {tiny_loss} {check}""
                )
            if check:
                if sum_abs_grad_old < 0:
                    sum_abs_grad_old = scipy.linalg.norm(self.gradient_old, ord=1)
                # 2.1 Check sum of absolute gradients as alternative condition.
                sum_abs_grad = scipy.linalg.norm(self.gradient, ord=1)
                check = sum_abs_grad < sum_abs_grad_old
                if is_verbose:
                    print(
                        ""      check sum(|gradient|) < sum(|gradient_old|): ""
                        f""{sum_abs_grad} < {sum_abs_grad_old} {check}""
                    )
                if check:
                    break

            t *= beta
        else:
            warnings.warn(
                (
                    f""Line search of Newton solver {self.__class__.__name__} at""
                    f"" iteration #{self.iteration} did not converge after 21 line ""
                    ""search refinement iterations. It will now resort to lbfgs instead.""
                ),
                ConvergenceWarning,
            )
            if self.verbose:
                print(""  Line search did not converge and resorts to lbfgs instead."")
            self.use_fallback_lbfgs_solve = True
            return","        for i in range(20):  # until and including t = beta**20 ~ 1e-6
            self.coef = self.coef_old + t * self.coef_newton
            raw = self.raw_prediction + t * raw_prediction_newton
            self.loss_value, self.gradient = self.linear_loss.loss_gradient(
                coef=self.coef,
                X=X,
                y=y,
                sample_weight=sample_weight,
                l2_reg_strength=self.l2_reg_strength,
                n_threads=self.n_threads,
                raw_prediction=raw,
            )
            # Note: If coef_newton is too large, loss_gradient may produce inf values,
            # potentially accompanied by a RuntimeWarning.
            # This case will be captured by the Armijo condition.

            # 1. Check Armijo / sufficient decrease condition.
            # The smaller (more negative) the better.
            loss_improvement = self.loss_value - self.loss_value_old
            check = loss_improvement <= t * armijo_term
            if is_verbose:
                print(
                    f""    line search iteration={i + 1}, step size={t}\n""
                    f""      check loss improvement <= armijo term: {loss_improvement} ""
                    f""<= {t * armijo_term} {check}""
                )
            if check:
                break
            # 2. Deal with relative loss differences around machine precision.
            tiny_loss = np.abs(self.loss_value_old * eps)
            check = np.abs(loss_improvement) <= tiny_loss
            if is_verbose:
                print(
                    ""      check loss |improvement| <= eps * |loss_old|:""
                    f"" {np.abs(loss_improvement)} <= {tiny_loss} {check}""
                )
            if check:
                if sum_abs_grad_old < 0:
                    sum_abs_grad_old = scipy.linalg.norm(self.gradient_old, ord=1)
                # 2.1 Check sum of absolute gradients as alternative condition.
                sum_abs_grad = scipy.linalg.norm(self.gradient, ord=1)
                check = sum_abs_grad < sum_abs_grad_old
                if is_verbose:
                    print(
                        ""      check sum(|gradient|) < sum(|gradient_old|): ""
                        f""{sum_abs_grad} < {sum_abs_grad_old} {check}""
                    )
                if check:
                    break

            t *= beta
        else:
            warnings.warn(
                (
                    f""Line search of Newton solver {self.__class__.__name__} at""
                    f"" iteration #{self.iteration} did not converge after 21 line ""
                    ""search refinement iterations. It will now resort to lbfgs instead.""
                ),
                ConvergenceWarning,
            )
            if self.verbose:
                print(""  Line search did not converge and resorts to lbfgs instead."")
            self.use_fallback_lbfgs_solve = True
            return",428
pandas__pandas__core__apply__Apply__226_806_2,pandas__pandas__core__apply__Apply__226_806_2_bug,inject_wrong_comparison,99,        is_series = obj.ndim == 1,        is_series = obj.ndim != 1,581
scikit_learn__sklearn__pipeline__FeatureUnion__1525_2113_2,scikit_learn__sklearn__pipeline__FeatureUnion__1525_2113_2_bug,inject_wrong_comparison,232,"            if trans == ""drop"":","            if trans != ""drop"":",589
scikit_learn__sklearn__svm___base__BaseLibSVM__77_717_1,scikit_learn__sklearn__svm___base__BaseLibSVM__77_717_1_bug,inject_wrong_comparison,81,"        tags.input_tags.pairwise = self.kernel == ""precomputed""","        tags.input_tags.pairwise = self.kernel != ""precomputed""",641
scikit_learn__sklearn__ensemble___hist_gradient_boosting__gradient_boosting__BaseHistGradientBoosting__143_1469_1,scikit_learn__sklearn__ensemble___hist_gradient_boosting__gradient_boosting__BaseHistGradientBoosting__143_1469_1_bug,inject_wrong_comparison,266,        if categorical_features.size == 0:,        if categorical_features.size != 0:,1327
scikit_learn__sklearn__neighbors___lof__LocalOutlierFactor__19_521_1,scikit_learn__sklearn__neighbors___lof__LocalOutlierFactor__19_521_1_bug,inject_wrong_comparison,266,        if self.n_neighbors > n_samples:,        if self.n_neighbors >= n_samples:,503
pandas__pandas__core__internals__blocks__Block__138_1606_1,pandas__pandas__core__internals__blocks__Block__138_1606_1_bug,inject_wrong_comparison,29,        return self.values.dtype == _dtype_obj,        return self.values.dtype != _dtype_obj,1469
scikit_learn__sklearn__datasets___openml__fetch_openml__778_1164_4,scikit_learn__sklearn__datasets___openml__fetch_openml__778_1164_4_bug,inject_wrong_comparison,257,"    if data_description[""status""] != ""active"":","    if data_description[""status""] == ""active"":",387
scikit_learn__sklearn__decomposition___lda__LatentDirichletAllocation__160_956_2,scikit_learn__sklearn__decomposition___lda__LatentDirichletAllocation__160_956_2_bug,inject_wrong_comparison,446,        if n_features != self.components_.shape[1]:,        if n_features == self.components_.shape[1]:,797
pandas__pandas__core__indexes__datetimes__DatetimeIndex__142_1259_1,pandas__pandas__core__indexes__datetimes__DatetimeIndex__142_1259_1_bug,inject_wrong_comparison,673,"        if self.unit == ""ns"":","        if self.unit != ""ns"":",1118
scikit_learn__sklearn__decomposition___nmf__NMF__1317_1755_9,scikit_learn__sklearn__decomposition___nmf__NMF__1317_1755_9_bug,inject_wrong_comparison,369,"        if self.solver == ""cd"":","        if self.solver != ""cd"":",439
django__django__contrib__admin__checks__ModelAdminChecks__828_1262_3,django__django__contrib__admin__checks__ModelAdminChecks__828_1262_3_bug,inject_wrong_comparison,422,            if count > 1:,            if count >= 1:,435
matplotlib__lib__mpl_toolkits__mplot3d__axis3d__Axis__38_728_1,matplotlib__lib__mpl_toolkits__mplot3d__axis3d__Axis__38_728_1_bug,inject_off_by_one,246,"        for i in range(3):
            means_z0[i] = np.mean(bounds_proj[self._PLANES[2 * i], 2])
            means_z1[i] = np.mean(bounds_proj[self._PLANES[2 * i + 1], 2])","        for i in range(2):
            means_z0[i] = np.mean(bounds_proj[self._PLANES[2 * i], 2])
            means_z1[i] = np.mean(bounds_proj[self._PLANES[2 * i + 1], 2])",691
scikit_learn__sklearn__preprocessing___encoders___BaseEncoder__32_470_1,scikit_learn__sklearn__preprocessing___encoders___BaseEncoder__32_470_1_bug,inject_wrong_comparison,60,"        if self.categories != ""auto"":","        if self.categories == ""auto"":",439
scikit_learn__sklearn__decomposition___nmf__MiniBatchNMF__1758_2401_10,scikit_learn__sklearn__decomposition___nmf__MiniBatchNMF__1758_2401_10_bug,inject_wrong_comparison,265,        if self._beta_loss < 1:,        if self._beta_loss <= 1:,644
pandas__pandas__core__arrays__categorical__Categorical__250_2854_1,pandas__pandas__core__arrays__categorical__Categorical__250_2854_1_bug,inject_wrong_comparison,1152,        if len(already_included) != 0:,        if len(already_included) == 0:,2605
scikit_learn__sklearn__impute___base__SimpleImputer__170_778_1,scikit_learn__sklearn__impute___base__SimpleImputer__170_778_1_bug,inject_wrong_comparison,231,"        if self.strategy == ""constant"":","        if self.strategy != ""constant"":",609
pandas__pandas__io__json___normalize__json_normalize__302_648_1,pandas__pandas__io__json___normalize__json_normalize__302_648_1_bug,inject_wrong_comparison,291,        if len(path) > 1:,        if len(path) >= 1:,347
scikit_learn__sklearn__mixture___bayesian_mixture__BayesianGaussianMixture__74_891_1,scikit_learn__sklearn__mixture___bayesian_mixture__BayesianGaussianMixture__74_891_1_bug,inject_wrong_comparison,466,"        if self.weight_concentration_prior_type == ""dirichlet_process"":","        if self.weight_concentration_prior_type != ""dirichlet_process"":",818
pandas__pandas__core__arrays__period__PeriodArray__121_1181_1,pandas__pandas__core__arrays__period__PeriodArray__121_1181_1_bug,inject_wrong_comparison,299,"        if dtype == ""i8"":","        if dtype != ""i8"":",1061
matplotlib__lib__matplotlib__colors__LightSource__3790_4217_19,matplotlib__lib__matplotlib__colors__LightSource__3790_4217_19_bug,inject_wrong_comparison,156,        if (imax - imin) > 1e-6:,        if (imax - imin) >= 1e-6:,428
scikit_learn__sklearn__linear_model___least_angle___lars_path_solver__411_913_3,scikit_learn__sklearn__linear_model___least_angle___lars_path_solver__411_913_3_bug,inject_wrong_comparison,171,    if len(dtypes) == 1:,    if len(dtypes) != 1:,503
django__django__db__backends__postgresql__operations__DatabaseOperations__27_405_1,django__django__db__backends__postgresql__operations__DatabaseOperations__27_405_1_bug,inject_wrong_comparison,63,"        if lookup_type == ""week_day"":","        if lookup_type != ""week_day"":",379
matplotlib__lib__matplotlib__legend__Legend__353_1248_1,matplotlib__lib__matplotlib__legend__Legend__353_1248_1_bug,inject_wrong_comparison,123,        if len(handles) < 2:,        if len(handles) <= 2:,896
scikit_learn__sklearn__linear_model___ridge___RidgeGCV__1751_2425_7,scikit_learn__sklearn__linear_model___ridge___RidgeGCV__1751_2425_7_bug,inject_wrong_comparison,139,        if len(B.shape) > 1:,        if len(B.shape) >= 1:,675
matplotlib__lib__matplotlib__widgets__RectangleSelector__3363_3867_13,matplotlib__lib__matplotlib__widgets__RectangleSelector__3363_3867_13_bug,inject_wrong_comparison,169,        if self.spancoords == 'data':,        if self.spancoords != 'data':,505
scikit_learn__sklearn__linear_model___logistic___logistic_regression_path__99_556_1,scikit_learn__sklearn__linear_model___logistic___logistic_regression_path__99_556_1_bug,inject_wrong_comparison,188,    is_binary = n_classes == 2,    is_binary = n_classes != 2,458
pandas__pandas__io__stata__StataWriter117__3381_3759_11,pandas__pandas__io__stata__StataWriter117__3381_3759_11_bug,inject_wrong_comparison,151,"        nvar_type = ""H"" if self._dta_version <= 118 else ""I""","        nvar_type = ""H"" if self._dta_version < 118 else ""I""",379
pandas__pandas__core__arrays___mixins__NDArrayBackedExtensionArray__92_631_1,pandas__pandas__core__arrays___mixins__NDArrayBackedExtensionArray__92_631_1_bug,inject_wrong_comparison,93,        if self.dtype != other.dtype:,        if self.dtype == other.dtype:,540
pandas__pandas__io__excel___base__ExcelFile__1490_1875_4,pandas__pandas__io__excel___base__ExcelFile__1490_1875_4_bug,inject_wrong_comparison,129,"            if engine == ""auto"":","            if engine != ""auto"":",386
scikit_learn__sklearn__preprocessing___data__QuantileTransformer__2650_3075_13,scikit_learn__sklearn__preprocessing___data__QuantileTransformer__2650_3075_13_bug,inject_wrong_comparison,235,        if self.n_quantiles > n_samples:,        if self.n_quantiles >= n_samples:,426
django__django__db__models__sql__query__Query__231_2775_1,django__django__db__models__sql__query__Query__231_2775_1_bug,inject_wrong_comparison,104,        if len(self.select) == 1:,        if len(self.select) != 1:,2545
scikit_learn__sklearn__neural_network___rbm__BernoulliRBM__25_445_1,scikit_learn__sklearn__neural_network___rbm__BernoulliRBM__25_445_1_bug,inject_wrong_comparison,187,        return rng.uniform(size=p.shape) < p,        return rng.uniform(size=p.shape) <= p,421
matplotlib__lib__matplotlib__backends__backend_wx___FigureCanvasWxBase__393_862_3,matplotlib__lib__matplotlib__backends__backend_wx___FigureCanvasWxBase__393_862_3_bug,inject_wrong_comparison,86,        if wx.Platform != '__WXMSW__':,        if wx.Platform == '__WXMSW__':,470
scikit_learn__sklearn__linear_model___stochastic_gradient__SGDOneClassSVM__2125_2680_7,scikit_learn__sklearn__linear_model___stochastic_gradient__SGDOneClassSVM__2125_2680_7_bug,inject_wrong_comparison,276,        if self.average > 0:,        if self.average >= 0:,556
matplotlib__lib__matplotlib__markers__MarkerStyle__150_907_1,matplotlib__lib__matplotlib__markers__MarkerStyle__150_907_1_bug,inject_wrong_comparison,114,        self._filled = self._fillstyle != 'none',        self._filled = self._fillstyle == 'none',758
pandas__pandas__io__excel___base__read_excel__165_524_1,pandas__pandas__io__excel___base__read_excel__165_524_1_bug,inject_wrong_comparison,325,    elif engine and engine != io.engine:,    elif engine and engine == io.engine:,360
matplotlib__lib__matplotlib__collections__Collection__36_1074_1,matplotlib__lib__matplotlib__collections__Collection__36_1074_1_bug,inject_wrong_comparison,596,"        if offsets.shape == (2,):  # Broadcast (2,) -> (1, 2) but nothing else.","        if offsets.shape != (2,):  # Broadcast (2,) -> (1, 2) but nothing else.",1039
django__django__contrib__staticfiles__storage__HashedFilesMixin__47_456_1,django__django__contrib__staticfiles__storage__HashedFilesMixin__47_456_1_bug,inject_wrong_comparison,400,            if intermediate_name == cache_name:,            if intermediate_name != cache_name:,410
django__django__db__models__fields__related_descriptors__create_forward_many_to_many_manager__1051_1679_4,django__django__db__models__fields__related_descriptors__create_forward_many_to_many_manager__1051_1679_4_bug,inject_wrong_comparison,127,            if querysets and len(querysets) != 1:,            if querysets and len(querysets) == 1:,629
django__django__db__backends__postgresql__base__DatabaseWrapper__98_556_1,django__django__db__backends__postgresql__base__DatabaseWrapper__98_556_1_bug,inject_wrong_comparison,157,"        if len(settings_dict[""NAME""] or """") > self.ops.max_name_length():","        if len(settings_dict[""NAME""] or """") >= self.ops.max_name_length():",459
scikit_learn__sklearn__ensemble___iforest__IsolationForest__55_645_1,scikit_learn__sklearn__ensemble___iforest__IsolationForest__55_645_1_bug,inject_wrong_comparison,323,"        if self.contamination == ""auto"":","        if self.contamination != ""auto"":",591
pandas__pandas__core__arrays__timedeltas__TimedeltaArray__112_1101_1,pandas__pandas__core__arrays__timedeltas__TimedeltaArray__112_1101_1_bug,inject_wrong_comparison,79,        if y == NaT._value:,        if y != NaT._value:,990
scikit_learn__sklearn__cluster___spectral__SpectralClustering__379_805_3,scikit_learn__sklearn__cluster___spectral__SpectralClustering__379_805_3_bug,inject_wrong_comparison,335,"        if self.affinity == ""nearest_neighbors"":","        if self.affinity != ""nearest_neighbors"":",427
matplotlib__lib__matplotlib__axes___axes__bar__2310_2650_12,matplotlib__lib__matplotlib__axes___axes__bar__2310_2650_12_bug,inject_wrong_comparison,170,    if orientation == 'vertical':,    if orientation != 'vertical':,341
matplotlib__lib__matplotlib__spines__Spine__14_501_1,matplotlib__lib__matplotlib__spines__Spine__14_501_1_bug,inject_wrong_comparison,242,        if self.spine_type == 'circle':,        if self.spine_type != 'circle':,488
scikit_learn__sklearn__gaussian_process___gpc___BinaryGaussianProcessClassifierLaplace__36_513_1,scikit_learn__sklearn__gaussian_process___gpc___BinaryGaussianProcessClassifierLaplace__36_513_1_bug,inject_wrong_comparison,167,        if self.classes_.size > 2:,        if self.classes_.size >= 2:,478
pandas__pandas__io__sas__sas7bdat__SAS7BDATReader__120_738_1,pandas__pandas__io__sas__sas7bdat__SAS7BDATReader__120_738_1_bug,inject_wrong_comparison,120,        if self._cached_page[0 : len(const.magic)] != const.magic:,        if self._cached_page[0 : len(const.magic)] == const.magic:,619
pandas__pandas__core__arrays__datetimes__DatetimeArray__176_2485_1,pandas__pandas__core__arrays__datetimes__DatetimeArray__176_2485_1_bug,inject_off_by_one,509,"            for i in range(len(self)):
                yield self[i]","            for i in range(len(self) - 1):
                yield self[i]",2310
django__django__db__models__options__Options__90_1052_1,django__django__db__models__options__Options__90_1052_1_bug,inject_wrong_comparison,144,            if meta_attrs != {}:,            if meta_attrs == {}:,963
scikit_learn__sklearn__inspection___partial_dependence__partial_dependence__371_779_3,scikit_learn__sklearn__inspection___partial_dependence__partial_dependence__371_779_3_bug,inject_wrong_comparison,230,"    if kind != ""average"":","    if kind == ""average"":",409
pandas__pandas__io__sql__SQLTable__924_1453_5,pandas__pandas__io__sql__SQLTable__924_1453_5_bug,inject_wrong_comparison,179,        if nrows == 0:,        if nrows != 0:,530
pandas__pandas__core__construction__array__78_426_1,pandas__pandas__core__construction__array__78_426_1_bug,inject_wrong_comparison,267,"    if isinstance(data, ExtensionArray) and (dtype is None or data.dtype == dtype):","    if isinstance(data, ExtensionArray) and (dtype is None or data.dtype != dtype):",349
django__django__db__backends__oracle__creation__DatabaseCreation__12_471_1,django__django__db__backends__oracle__creation__DatabaseCreation__12_471_1_bug,inject_wrong_comparison,223,        if verbosity >= 2:,        if verbosity > 2:,460
scikit_learn__sklearn___loss__loss__BaseLoss__78_534_1,scikit_learn__sklearn___loss__loss__BaseLoss__78_534_1_bug,inject_wrong_comparison,368,        if self.interval_y_pred.low == -np.inf:,        if self.interval_y_pred.low != -np.inf:,457
pandas__pandas__core__generic__replace__7394_7869_30,pandas__pandas__core__generic__replace__7394_7869_30_bug,inject_wrong_comparison,420,            if len(to_replace) != len(value):,            if len(to_replace) == len(value):,476
scikit_learn__sklearn__linear_model___stochastic_gradient__BaseSGDClassifier__522_955_3,scikit_learn__sklearn__linear_model___stochastic_gradient__BaseSGDClassifier__522_955_3_bug,inject_wrong_comparison,138,        if n_classes > 2:,        if n_classes >= 2:,434
django__django__contrib__admin__options__ModelAdmin__638_2390_2,django__django__contrib__admin__options__ModelAdmin__638_2390_2_bug,inject_wrong_comparison,1253,"        if request.method == ""POST"":","        if request.method != ""POST"":",1753
django__django__apps__registry__Apps__13_435_1,django__django__apps__registry__Apps__13_435_1_bug,inject_wrong_comparison,211,                model.__name__ == app_models[model_name].__name__,                model.__name__ != app_models[model_name].__name__,423
scikit_learn__sklearn__naive_bayes__GaussianNB__163_550_2,scikit_learn__sklearn__naive_bayes__GaussianNB__163_550_2_bug,inject_wrong_comparison,166,        if X.shape[0] == 0:,        if X.shape[0] != 0:,388
scikit_learn__sklearn__metrics___plot__precision_recall_curve__PrecisionRecallDisplay__22_926_1,scikit_learn__sklearn__metrics___plot__precision_recall_curve__PrecisionRecallDisplay__22_926_1_bug,inject_wrong_comparison,308,        if len(self.line_) == 1:,        if len(self.line_) != 1:,905
scikit_learn__sklearn__neighbors___nca__NeighborhoodComponentsAnalysis__34_534_1,scikit_learn__sklearn__neighbors___nca__NeighborhoodComponentsAnalysis__34_534_1_bug,inject_wrong_comparison,268,"        same_class_mask = y[:, np.newaxis] == y[np.newaxis, :]","        same_class_mask = y[:, np.newaxis] != y[np.newaxis, :]",501
matplotlib__lib__matplotlib__ticker__ScalarFormatter__397_845_1,matplotlib__lib__matplotlib__ticker__ScalarFormatter__397_845_1_bug,inject_wrong_comparison,213,        if len(self.locs) == 0:,        if len(self.locs) != 0:,449
scikit_learn__sklearn__decomposition___dict_learning__MiniBatchDictionaryLearning__1760_2341_9,scikit_learn__sklearn__decomposition___dict_learning__MiniBatchDictionaryLearning__1760_2341_9_bug,inject_wrong_comparison,310,        if self._n_components <= len(dictionary):,        if self._n_components < len(dictionary):,582
pandas__pandas__io__formats__style__Styler__82_4159_1,pandas__pandas__io__formats__style__Styler__82_4159_1_bug,inject_wrong_comparison,297,"        if get_option(""styler.render.repr"") == ""html"":","        if get_option(""styler.render.repr"") != ""html"":",4078
scikit_learn__sklearn__metrics___plot__roc_curve__RocCurveDisplay__19_793_1,scikit_learn__sklearn__metrics___plot__roc_curve__RocCurveDisplay__19_793_1_bug,inject_wrong_comparison,265,        if len(self.line_) == 1:,        if len(self.line_) != 1:,775
scikit_learn__sklearn__cluster___hdbscan__hdbscan__HDBSCAN__423_1020_3,scikit_learn__sklearn__cluster___hdbscan__hdbscan__HDBSCAN__423_1020_3_bug,inject_wrong_comparison,299,"        if self.copy == ""warn"":","        if self.copy != ""warn"":",598
requests__src__requests__adapters__HTTPAdapter__145_698_1,requests__src__requests__adapters__HTTPAdapter__145_698_1_bug,inject_wrong_comparison,43,        if max_retries == DEFAULT_RETRIES:,        if max_retries != DEFAULT_RETRIES:,554
matplotlib__lib__matplotlib__transforms__Transform__1320_1734_5,matplotlib__lib__matplotlib__transforms__Transform__1320_1734_5_bug,inject_wrong_comparison,116,        if self.depth < other.depth:,        if self.depth <= other.depth:,415
pandas__pandas__core__reshape__merge___MergeOperation__940_2042_4,pandas__pandas__core__reshape__merge___MergeOperation__940_2042_4_bug,inject_wrong_comparison,65,        if _left.columns.nlevels != _right.columns.nlevels:,        if _left.columns.nlevels == _right.columns.nlevels:,1103
matplotlib__lib__matplotlib__text__Annotation__1743_2144_3,matplotlib__lib__matplotlib__text__Annotation__1743_2144_3_bug,inject_wrong_comparison,198,                textcoords != xycoords):,                textcoords == xycoords):,402
django__django__db__models__fields__related_descriptors__ManyRelatedManager__1059_1677_6,django__django__db__models__fields__related_descriptors__ManyRelatedManager__1059_1677_6_bug,inject_wrong_comparison,119,        if querysets and len(querysets) != 1:,        if querysets and len(querysets) == 1:,619
requests__src__requests__sessions__Session__357_819_2,requests__src__requests__sessions__Session__357_819_2_bug,inject_wrong_comparison,452,        keys_to_move = [k for k in self.adapters if len(k) < len(prefix)],        keys_to_move = [k for k in self.adapters if len(k) <= len(prefix)],463
matplotlib__lib__matplotlib__backends__backend_pdf__RendererPdf__1972_2508_4,matplotlib__lib__matplotlib__backends__backend_pdf__RendererPdf__1972_2508_4_bug,inject_wrong_comparison,125,            len_path + uses_per_path + 5 < len_path * uses_per_path,            len_path + uses_per_path + 5 <= len_path * uses_per_path,537
pandas__pandas__core__indexes__base__Index__314_7757_1,pandas__pandas__core__indexes__base__Index__314_7757_1_bug,inject_wrong_comparison,276,        if data.ndim > 1:,        if data.ndim >= 1:,7444
scikit_learn__sklearn__ensemble___gb__GradientBoostingClassifier__1145_1753_3,scikit_learn__sklearn__ensemble___gb__GradientBoostingClassifier__1145_1753_3_bug,inject_wrong_comparison,409,        if n_trim_classes < 2:,        if n_trim_classes <= 2:,609
django__django__http__request__HttpRequest__53_504_1,django__django__http__request__HttpRequest__53_504_1_bug,inject_wrong_comparison,274,"        return self.scheme == ""https""","        return self.scheme != ""https""",452
django__django__db__models__base__Model__501_2512_2,django__django__db__models__base__Model__501_2512_2_bug,inject_wrong_comparison,20,        if len(args) > len(opts.concrete_fields):,        if len(args) >= len(opts.concrete_fields):,2012
pandas__pandas__io__parsers__readers__TextFileReader__1593_2023_4,pandas__pandas__io__parsers__readers__TextFileReader__1593_2023_4_bug,inject_wrong_comparison,32,"        if kwds.get(""header"", ""infer"") == ""infer"":","        if kwds.get(""header"", ""infer"") != ""infer"":",431
django__django__db__backends__oracle__operations__DatabaseOperations__26_726_1,django__django__db__backends__oracle__operations__DatabaseOperations__26_726_1_bug,inject_wrong_comparison,66,"        if lookup_type == ""week_day"":","        if lookup_type != ""week_day"":",701
scikit_learn__sklearn__multiclass__OneVsRestClassifier__202_636_1,scikit_learn__sklearn__multiclass__OneVsRestClassifier__202_636_1_bug,inject_wrong_comparison,297,"        if self.label_binarizer_.y_type_ == ""multiclass"":","        if self.label_binarizer_.y_type_ != ""multiclass"":",435
scikit_learn__sklearn__decomposition___kernel_pca__KernelPCA__32_579_1,scikit_learn__sklearn__decomposition___kernel_pca__KernelPCA__32_579_1_bug,inject_wrong_comparison,309,"        if self.eigen_solver == ""auto"":","        if self.eigen_solver != ""auto"":",548
scikit_learn__sklearn__feature_extraction__text__TfidfVectorizer__1744_2136_5,scikit_learn__sklearn__feature_extraction__text__TfidfVectorizer__1744_2136_5_bug,inject_wrong_comparison,291,            if len(self.vocabulary_) != len(value):,            if len(self.vocabulary_) == len(value):,393
pandas__pandas__core__indexing___LocIndexer__1273_1963_3,pandas__pandas__core__indexing___LocIndexer__1273_1963_3_bug,inject_wrong_comparison,392,        if len(key) != self.ndim:,        if len(key) == self.ndim:,691
scikit_learn__sklearn__metrics___plot__confusion_matrix__ConfusionMatrixDisplay__15_499_1,scikit_learn__sklearn__metrics___plot__confusion_matrix__ConfusionMatrixDisplay__15_499_1_bug,inject_wrong_comparison,152,"                color = cmap_max if cm[i, j] < thresh else cmap_min","                color = cmap_max if cm[i, j] <= thresh else cmap_min",485
pandas__pandas__core__dtypes__dtypes__SparseDtype__1718_2154_7,pandas__pandas__core__dtypes__dtypes__SparseDtype__1718_2154_7_bug,inject_wrong_comparison,189,"        return self.subtype.kind == ""b""","        return self.subtype.kind != ""b""",437
matplotlib__lib__matplotlib__backends__backend_pgf__RendererPgf__366_746_2,matplotlib__lib__matplotlib__backends__backend_pgf__RendererPgf__366_746_2_bug,inject_wrong_comparison,171,        if strokeopacity != 1.0:,        if strokeopacity == 1.0:,381
pandas__pandas__core__computation__expr__BaseExprVisitor__348_756_1,pandas__pandas__core__computation__expr__BaseExprVisitor__348_756_1_bug,inject_wrong_comparison,76,        if len(node.body) != 1:,        if len(node.body) == 1:,409
pandas__pandas__core__arrays__sparse__array__SparseArray__293_1915_2,pandas__pandas__core__arrays__sparse__array__SparseArray__293_1915_2_bug,inject_wrong_comparison,254,        if ncol != 1:,        if ncol == 1:,1623
django__django__contrib__gis__gdal__raster__source__GDALRaster__70_543_1,django__django__contrib__gis__gdal__raster__source__GDALRaster__70_543_1_bug,inject_wrong_comparison,284,"        if len(values) != 6 or not all(isinstance(x, (int, float)) for x in values):","        if len(values) == 6 or not all(isinstance(x, (int, float)) for x in values):",474
matplotlib__lib__matplotlib__backends__backend_svg__RendererSVG__293_1306_2,matplotlib__lib__matplotlib__backends__backend_svg__RendererSVG__293_1306_2_bug,inject_wrong_comparison,463,            len_path + 9 * uses_per_path + 3 < (len_path + 5) * uses_per_path,            len_path + 9 * uses_per_path + 3 <= (len_path + 5) * uses_per_path,1014
django__django__core__management__base__BaseCommand__193_625_1,django__django__core__management__base__BaseCommand__193_625_1_bug,inject_wrong_comparison,287,        if self.requires_system_checks == ALL_CHECKS:,        if self.requires_system_checks != ALL_CHECKS:,433
pandas__pandas__core__indexes__multi__MultiIndex__198_4670_1,pandas__pandas__core__indexes__multi__MultiIndex__198_4670_1_bug,inject_wrong_comparison,120,        if len(levels) != len(codes):,        if len(levels) == len(codes):,4473
django__django__db__models__fields____init____Field__119_1155_1,django__django__db__models__fields____init____Field__119_1155_1_bug,inject_wrong_comparison,422,        if alias == self.model._meta.db_table and (,        if alias != self.model._meta.db_table and (,1037
scikit_learn__sklearn__neural_network___multilayer_perceptron__MLPRegressor__1386_1801_3,scikit_learn__sklearn__neural_network___multilayer_perceptron__MLPRegressor__1386_1801_3_bug,inject_wrong_comparison,369,        if y_pred.shape[1] == 1:,        if y_pred.shape[1] != 1:,416
scikit_learn__sklearn__linear_model___linear_loss__LinearModelLoss__44_857_1,scikit_learn__sklearn__linear_model___linear_loss__LinearModelLoss__44_857_1_bug,inject_wrong_comparison,240,        if l2_reg_strength > 0:,        if l2_reg_strength >= 0:,814
scikit_learn__sklearn__calibration__CalibratedClassifierCV__74_596_1,scikit_learn__sklearn__calibration__CalibratedClassifierCV__74_596_1_bug,inject_wrong_comparison,296,"        if _ensemble == ""auto"":","        if _ensemble != ""auto"":",523
scikit_learn__sklearn__mixture___gaussian_mixture__GaussianMixture__556_1005_1,scikit_learn__sklearn__mixture___gaussian_mixture__GaussianMixture__556_1005_1_bug,inject_wrong_comparison,378,"        if self.covariance_type == ""full"":","        if self.covariance_type != ""full"":",450
scikit_learn__sklearn__discriminant_analysis__QuadraticDiscriminantAnalysis__832_1186_2,scikit_learn__sklearn__discriminant_analysis__QuadraticDiscriminantAnalysis__832_1186_2_bug,inject_wrong_comparison,245,        if n_classes < 2:,        if n_classes <= 2:,355
pandas__pandas__io__stata__StataReader__967_2095_7,pandas__pandas__io__stata__StataReader__967_2095_7_bug,inject_off_by_one,828,"        for i in range(len(data.columns)):
            fmt = self._typlist[i]
            # recode instances of the old missing code to the currently used value
            if self._format_version <= 105 and fmt == ""d"":
                data.iloc[:, i] = data.iloc[:, i].replace(
                    old_missingdouble, self.MISSING_VALUES[""d""]
                )

            if self._format_version <= 111:
                if fmt not in self.OLD_VALID_RANGE:
                    continue

                fmt = cast(""str"", fmt)  # only strs in OLD_VALID_RANGE
                nmin, nmax = self.OLD_VALID_RANGE[fmt]
            else:
                if fmt not in self.VALID_RANGE:
                    continue

                fmt = cast(""str"", fmt)  # only strs in VALID_RANGE
                nmin, nmax = self.VALID_RANGE[fmt]
            series = data.iloc[:, i]

            # appreciably faster to do this with ndarray instead of Series
            svals = series._values
            missing = (svals < nmin) | (svals > nmax)

            if not missing.any():
                continue

            if convert_missing:  # Replacement follows Stata notation
                missing_loc = np.nonzero(np.asarray(missing))[0]
                umissing, umissing_loc = np.unique(series[missing], return_inverse=True)
                replacement = Series(series, dtype=object)
                for j, um in enumerate(umissing):
                    if self._format_version <= 111:
                        missing_value = StataMissingValue(
                            float(self.MISSING_VALUES[fmt])
                        )
                    else:
                        missing_value = StataMissingValue(um)

                    loc = missing_loc[umissing_loc == j]
                    replacement.iloc[loc] = missing_value
            else:  # All replacements are identical
                dtype = series.dtype
                if dtype not in (np.float32, np.float64):
                    dtype = np.float64
                replacement = Series(series, dtype=dtype)
                # Note: operating on ._values is much faster than directly
                # TODO: can we fix that?
                replacement._values[missing] = np.nan
            replacements[i] = replacement","        for i in range(len(data.columns) - 1):
            fmt = self._typlist[i]
            # recode instances of the old missing code to the currently used value
            if self._format_version <= 105 and fmt == ""d"":
                data.iloc[:, i] = data.iloc[:, i].replace(
                    old_missingdouble, self.MISSING_VALUES[""d""]
                )

            if self._format_version <= 111:
                if fmt not in self.OLD_VALID_RANGE:
                    continue

                fmt = cast(""str"", fmt)  # only strs in OLD_VALID_RANGE
                nmin, nmax = self.OLD_VALID_RANGE[fmt]
            else:
                if fmt not in self.VALID_RANGE:
                    continue

                fmt = cast(""str"", fmt)  # only strs in VALID_RANGE
                nmin, nmax = self.VALID_RANGE[fmt]
            series = data.iloc[:, i]

            # appreciably faster to do this with ndarray instead of Series
            svals = series._values
            missing = (svals < nmin) | (svals > nmax)

            if not missing.any():
                continue

            if convert_missing:  # Replacement follows Stata notation
                missing_loc = np.nonzero(np.asarray(missing))[0]
                umissing, umissing_loc = np.unique(series[missing], return_inverse=True)
                replacement = Series(series, dtype=object)
                for j, um in enumerate(umissing):
                    if self._format_version <= 111:
                        missing_value = StataMissingValue(
                            float(self.MISSING_VALUES[fmt])
                        )
                    else:
                        missing_value = StataMissingValue(um)

                    loc = missing_loc[umissing_loc == j]
                    replacement.iloc[loc] = missing_value
            else:  # All replacements are identical
                dtype = series.dtype
                if dtype not in (np.float32, np.float64):
                    dtype = np.float64
                replacement = Series(series, dtype=dtype)
                # Note: operating on ._values is much faster than directly
                # TODO: can we fix that?
                replacement._values[missing] = np.nan
            replacements[i] = replacement",1129
pandas__pandas__plotting___matplotlib__core__MPLPlot__114_1253_1,pandas__pandas__plotting___matplotlib__core__MPLPlot__114_1253_1_bug,inject_wrong_comparison,283,        if columns.nunique() != len(columns):,        if columns.nunique() == len(columns):,1140
scikit_learn__sklearn__neural_network___multilayer_perceptron__BaseMultilayerPerceptron__58_876_1,scikit_learn__sklearn__neural_network___multilayer_perceptron__BaseMultilayerPerceptron__58_876_1_bug,inject_wrong_comparison,392,"        if self.activation == ""logistic"":","        if self.activation != ""logistic"":",819
scikit_learn__sklearn__ensemble___hist_gradient_boosting__gradient_boosting__HistGradientBoostingRegressor__1472_1872_2,scikit_learn__sklearn__ensemble___hist_gradient_boosting__gradient_boosting__HistGradientBoostingRegressor__1472_1872_2_bug,inject_wrong_comparison,380,"        if self.loss == ""gamma"":","        if self.loss != ""gamma"":",401
scikit_learn__sklearn__tree___classes__DecisionTreeRegressor__1113_1462_3,scikit_learn__sklearn__tree___classes__DecisionTreeRegressor__1113_1462_3_bug,inject_wrong_comparison,250,"        if isinstance(criterion, str) and criterion == ""friedman_mse"":","        if isinstance(criterion, str) and criterion != ""friedman_mse"":",350
scikit_learn__sklearn__neural_network___multilayer_perceptron__MLPClassifier__879_1383_2,scikit_learn__sklearn__neural_network___multilayer_perceptron__MLPClassifier__879_1383_2_bug,inject_wrong_comparison,409,        if self.n_outputs_ == 1:,        if self.n_outputs_ != 1:,505
scikit_learn__sklearn__impute___iterative__IterativeImputer__60_1002_1,scikit_learn__sklearn__impute___iterative__IterativeImputer__60_1002_1_bug,inject_wrong_comparison,371,        if np.sum(missing_row_mask) == 0:,        if np.sum(missing_row_mask) != 0:,943
pandas__pandas__io__pytables__GenericFixed__2973_3354_7,pandas__pandas__io__pytables__GenericFixed__2973_3354_7_bug,inject_wrong_comparison,24,        if index_class == DatetimeIndex:,        if index_class != DatetimeIndex:,382
pandas__pandas__core__indexing___LocationIndexer__757_1270_2,pandas__pandas__core__indexing___LocationIndexer__757_1270_2_bug,inject_wrong_comparison,24,"        if self.name == ""loc"":","        if self.name != ""loc"":",514
django__django__db__models__sql__compiler__SQLCompiler__40_1686_1,django__django__db__models__sql__compiler__SQLCompiler__40_1686_1_bug,inject_wrong_comparison,1037,"        descending = order == ""DESC""","        descending = order != ""DESC""",1647
scikit_learn__sklearn__cluster___bisect_k_means__BisectingKMeans__83_543_1,scikit_learn__sklearn__cluster___bisect_k_means__BisectingKMeans__83_543_1_bug,inject_wrong_comparison,269,"        if self.bisecting_strategy == ""biggest_inertia"":","        if self.bisecting_strategy != ""biggest_inertia"":",461
pandas__pandas__io__formats__html__HTMLFormatter__39_607_1,pandas__pandas__io__formats__html__HTMLFormatter__39_607_1_bug,inject_off_by_one,541,"            for i in range(len(frame)):
                if is_truncated_vertically and i == (self.fmt.tr_row_num):
                    str_sep_row = [""...""] * len(row)
                    self.write_tr(
                        str_sep_row,
                        indent,
                        self.indent_delta,
                        tags=None,
                        nindex_levels=self.row_levels,
                    )

                idx_values = list(
                    zip(
                        *frame.index._format_multi(sparsify=False, include_names=False),
                        strict=True,
                    )
                )
                row = []
                row.extend(idx_values[i])
                row.extend(fmt_values[j][i] for j in range(self.ncols))
                if is_truncated_horizontally:
                    row.insert(self.row_levels + self.fmt.tr_col_num, ""..."")
                self.write_tr(
                    row,
                    indent,
                    self.indent_delta,
                    tags=None,
                    nindex_levels=frame.index.nlevels,
                )","            for i in range(len(frame) - 1):
                if is_truncated_vertically and i == (self.fmt.tr_row_num):
                    str_sep_row = [""...""] * len(row)
                    self.write_tr(
                        str_sep_row,
                        indent,
                        self.indent_delta,
                        tags=None,
                        nindex_levels=self.row_levels,
                    )

                idx_values = list(
                    zip(
                        *frame.index._format_multi(sparsify=False, include_names=False),
                        strict=True,
                    )
                )
                row = []
                row.extend(idx_values[i])
                row.extend(fmt_values[j][i] for j in range(self.ncols))
                if is_truncated_horizontally:
                    row.insert(self.row_levels + self.fmt.tr_col_num, ""..."")
                self.write_tr(
                    row,
                    indent,
                    self.indent_delta,
                    tags=None,
                    nindex_levels=frame.index.nlevels,
                )",569
scikit_learn__sklearn__feature_extraction__text__CountVectorizer__938_1492_3,scikit_learn__sklearn__feature_extraction__text__CountVectorizer__938_1492_3_bug,inject_wrong_comparison,313,        if len(kept_indices) == 0:,        if len(kept_indices) != 0:,555
matplotlib__lib__matplotlib__axes___axes__bxp__4635_5008_22,matplotlib__lib__matplotlib__axes___axes__bxp__4635_5008_22_bug,inject_wrong_comparison,217,"       maybe_swap = slice(None) if orientation == 'vertical' else slice(None, None, -1)","       maybe_swap = slice(None) if orientation != 'vertical' else slice(None, None, -1)",374
django__django__contrib__admin__checks__BaseModelAdminChecks__177_825_2,django__django__contrib__admin__checks__BaseModelAdminChecks__177_825_2_bug,inject_wrong_comparison,607,        if obj.readonly_fields == ():,        if obj.readonly_fields != ():,649
matplotlib__lib__matplotlib__artist__Artist__110_1456_1,matplotlib__lib__matplotlib__artist__Artist__110_1456_1_bug,inject_wrong_comparison,104,        self._mouseover = type(self).get_cursor_data != Artist.get_cursor_data,        self._mouseover = type(self).get_cursor_data == Artist.get_cursor_data,1347
matplotlib__lib__matplotlib__font_manager__FontManager__1040_1541_3,matplotlib__lib__matplotlib__font_manager__FontManager__1040_1541_3_bug,inject_wrong_comparison,89,"        if Path(path).suffix.lower() == "".afm"":","        if Path(path).suffix.lower() != "".afm"":",502
django__django__db__models__deletion__Collector__117_552_1,django__django__db__models__deletion__Collector__117_552_1_bug,inject_wrong_comparison,147,        if len(objs) > conn_batch_size:,        if len(objs) >= conn_batch_size:,436
scikit_learn__sklearn__feature_selection___rfe__RFECV__558_1014_2,scikit_learn__sklearn__feature_selection___rfe__RFECV__558_1014_2_bug,inject_wrong_comparison,299,        if self.min_features_to_select > n_features:,        if self.min_features_to_select >= n_features:,457
matplotlib__lib__matplotlib__path__Path__24_1092_1,matplotlib__lib__matplotlib__path__Path__24_1092_1_bug,inject_wrong_comparison,303,        if two != 2:,        if two == 2:,1069
matplotlib__lib__matplotlib__axes___axes__boxplot__4297_4632_21,matplotlib__lib__matplotlib__axes___axes__boxplot__4297_4632_21_bug,inject_wrong_comparison,275,        if sym == '':,        if sym != '':,336
scikit_learn__sklearn__feature_selection___rfe__RFE__73_555_1,scikit_learn__sklearn__feature_selection___rfe__RFE__73_555_1_bug,inject_wrong_comparison,238,        if 0.0 < self.step < 1.0:,        if 0.0 <= self.step < 1.0:,483
scikit_learn__sklearn__ensemble___forest__ExtraTreesRegressor__2353_2715_7,scikit_learn__sklearn__ensemble___forest__ExtraTreesRegressor__2353_2715_7_bug,inject_wrong_comparison,344,"        if isinstance(criterion, str) and criterion == ""friedman_mse"":","        if isinstance(criterion, str) and criterion != ""friedman_mse"":",363
django__django__core__cache__backends__base__BaseCache__58_418_1,django__django__core__cache__backends__base__BaseCache__58_418_1_bug,inject_wrong_comparison,35,        if timeout == DEFAULT_TIMEOUT:,        if timeout != DEFAULT_TIMEOUT:,361
matplotlib__lib__matplotlib__patches__ConnectionStyle__2847_3253_13,matplotlib__lib__matplotlib__patches__ConnectionStyle__2847_3253_13_bug,inject_wrong_comparison,221,            if self.rad == 0.:,            if self.rad != 0.:,407
scikit_learn__sklearn__inspection___plot__partial_dependence__from_estimator__245_784_2,scikit_learn__sklearn__inspection___plot__partial_dependence__from_estimator__245_784_2_bug,inject_wrong_comparison,322,    if len(kind_) != len(features):,    if len(kind_) == len(features):,540
pandas__pandas__core__internals__managers__BlockManager__1077_1991_2,pandas__pandas__core__internals__managers__BlockManager__1077_1991_2_bug,inject_wrong_comparison,39,        if len(self.items) != tot_items:,        if len(self.items) == tot_items:,915
pandas__pandas__core__base__IndexOpsMixin__268_1690_2,pandas__pandas__core__base__IndexOpsMixin__268_1690_2_bug,inject_wrong_comparison,173,        if len(self) == 1:,        if len(self) != 1:,1423
scikit_learn__sklearn__model_selection___search_successive_halving__HalvingRandomSearchCV__729_1106_3,scikit_learn__sklearn__model_selection___search_successive_halving__HalvingRandomSearchCV__729_1106_3_bug,inject_wrong_comparison,370,"        if n_candidates_first_iter == ""exhaust"":","        if n_candidates_first_iter != ""exhaust"":",378
scikit_learn__sklearn__semi_supervised___self_training__SelfTrainingClassifier__31_580_1,scikit_learn__sklearn__semi_supervised___self_training__SelfTrainingClassifier__31_580_1_bug,inject_wrong_comparison,211,        has_label = y != -1,        has_label = y == -1,550
scikit_learn__sklearn__ensemble___forest__RandomForestRegressor__1578_1961_5,scikit_learn__sklearn__ensemble___forest__RandomForestRegressor__1578_1961_5_bug,inject_wrong_comparison,365,"        if isinstance(criterion, str) and criterion == ""friedman_mse"":","        if isinstance(criterion, str) and criterion != ""friedman_mse"":",384
matplotlib__lib__matplotlib__axes___axes__errorbar__3908_4292_20,matplotlib__lib__matplotlib__axes___axes__errorbar__3908_4292_20_bug,inject_wrong_comparison,200,    if len(x) != len(y):,    if len(x) == len(y):,385
matplotlib__lib__matplotlib__axes___axes__Axes__88_9301_1,matplotlib__lib__matplotlib__axes___axes__Axes__88_9301_1_bug,inject_off_by_one,5625,"            for i in range(len(x)):
                if bdist[i]:
                    Cs_at_i1[i1[i]].append(C[i])
                else:
                    Cs_at_i2[i2[i]].append(C[i])","            for i in range(len(x) - 1):
                if bdist[i]:
                    Cs_at_i1[i1[i]].append(C[i])
                else:
                    Cs_at_i2[i2[i]].append(C[i])",9214
pandas__pandas__core__strings__accessor__StringMethods__150_4738_1,pandas__pandas__core__strings__accessor__StringMethods__150_4738_1_bug,inject_wrong_comparison,129,        assert result.ndim < 3,        assert result.ndim <= 3,4589
pandas__pandas__io__formats__format__DataFrameFormatter__350_868_2,pandas__pandas__io__formats__format__DataFrameFormatter__350_868_2_bug,inject_wrong_comparison,317,        if col_num >= 1:,        if col_num > 1:,519
scrapy__scrapy__core__spidermw__SpiderMiddlewareManager__54_571_1,scrapy__scrapy__core__spidermw__SpiderMiddlewareManager__54_571_1_bug,inject_wrong_comparison,432,            and mro.index(start_requests_cls) < mro.index(start_cls),            and mro.index(start_requests_cls) <= mro.index(start_cls),518
pandas__pandas__io__excel___openpyxl__OpenpyxlWriter__38_534_1,pandas__pandas__io__excel___openpyxl__OpenpyxlWriter__38_534_1_bug,inject_wrong_comparison,185,"            if k == ""color"":","            if k != ""color"":",497
pandas__pandas__core__reshape__melt__wide_to_long__369_676_3,pandas__pandas__core__reshape__melt__wide_to_long__369_676_3_bug,inject_wrong_comparison,305,    if len(i) == 1:,    if len(i) != 1:,308
matplotlib__lib__matplotlib__axes___base___process_plot_var_args__205_538_2,matplotlib__lib__matplotlib__axes___base___process_plot_var_args__205_538_2_bug,inject_wrong_comparison,277,        if len(xy) == 2:,        if len(xy) != 2:,334
matplotlib__lib__matplotlib__animation__Animation__852_1417_5,matplotlib__lib__matplotlib__animation__Animation__852_1417_5_bug,inject_wrong_comparison,218,        if dpi == 'figure':,        if dpi != 'figure':,566
scikit_learn__sklearn__discriminant_analysis__LinearDiscriminantAnalysis__249_829_1,scikit_learn__sklearn__discriminant_analysis__LinearDiscriminantAnalysis__249_829_1_bug,inject_wrong_comparison,373,        if self._max_components == 0:,        if self._max_components != 0:,581
scikit_learn__sklearn__ensemble___hist_gradient_boosting__grower__TreeGrower__149_744_2,scikit_learn__sklearn__ensemble___hist_gradient_boosting__grower__TreeGrower__149_744_2_bug,inject_wrong_comparison,166,        hessians_are_constant = hessians.shape[0] == 1,        hessians_are_constant = hessians.shape[0] != 1,596
django__django__db__backends__base__features__BaseDatabaseFeatures__5_466_1,django__django__db__backends__base__features__BaseDatabaseFeatures__5_466_1_bug,inject_wrong_comparison,457,        return count == 0,        return count != 0,462
scikit_learn__sklearn__neighbors___classification__RadiusNeighborsClassifier__459_923_2,scikit_learn__sklearn__neighbors___classification__RadiusNeighborsClassifier__459_923_2_bug,inject_wrong_comparison,223,"        elif self.outlier_label == ""most_frequent"":","        elif self.outlier_label != ""most_frequent"":",465
pandas__pandas__core__indexing___iLocIndexer__1966_3019_4,pandas__pandas__core__indexing___iLocIndexer__1966_3019_4_bug,inject_wrong_comparison,245,        if len(key) != self.ndim:,        if len(key) == self.ndim:,1054
scikit_learn__sklearn__linear_model___bayes__BayesianRidge__26_459_1,scikit_learn__sklearn__linear_model___bayes__BayesianRidge__26_459_1_bug,inject_wrong_comparison,389,        if n_samples > n_features:,        if n_samples >= n_features:,434
pandas__pandas__io__formats__style_render__StylerRenderer__69_1732_1,pandas__pandas__io__formats__style_render__StylerRenderer__69_1732_1_bug,inject_wrong_comparison,362,        if self.data.columns.nlevels == 1:,        if self.data.columns.nlevels != 1:,1664
scikit_learn__sklearn__manifold___isomap__Isomap__28_442_1,scikit_learn__sklearn__manifold___isomap__Isomap__28_442_1_bug,inject_wrong_comparison,242,        if n_connected_components > 1:,        if n_connected_components >= 1:,415
scikit_learn__sklearn__externals___numpydoc__docscrape__NumpyDocString__111_568_1,scikit_learn__sklearn__externals___numpydoc__docscrape__NumpyDocString__111_568_1_bug,inject_wrong_comparison,246,        if len(section) > 1:,        if len(section) >= 1:,458
pandas__pandas__core__groupby__ops__WrappedCythonOp__118_581_1,pandas__pandas__core__groupby__ops__WrappedCythonOp__118_581_1_bug,inject_wrong_comparison,153,"        if how == ""ohlc"":","        if how != ""ohlc"":",464
pandas__pandas__core__arrays__string___StringArray__611_1232_3,pandas__pandas__core__arrays__string___StringArray__611_1232_3_bug,inject_wrong_comparison,306,        if dtype == self.dtype:,        if dtype != self.dtype:,622
pandas__pandas__core__indexes__category__CategoricalIndex__78_552_1,pandas__pandas__core__indexes__category__CategoricalIndex__78_552_1_bug,inject_wrong_comparison,335,"        if self.categories._typ == ""rangeindex"":","        if self.categories._typ != ""rangeindex"":",475
matplotlib__lib__matplotlib__text__Text__167_1495_1,matplotlib__lib__matplotlib__text__Text__167_1495_1_bug,inject_wrong_comparison,335,        if malign == 'left':,        if malign != 'left':,1329
scikit_learn__sklearn__preprocessing___polynomial__PolynomialFeatures__90_582_1,scikit_learn__sklearn__preprocessing___polynomial__PolynomialFeatures__90_582_1_bug,inject_off_by_one,443,"            for _ in range(2, self._max_degree + 1):
                new_index = []
                end = index[-1]
                for feature_idx in range(n_features):
                    start = index[feature_idx]
                    new_index.append(current_col)
                    if self.interaction_only:
                        start += index[feature_idx + 1] - index[feature_idx]
                    next_col = current_col + end - start
                    if next_col <= current_col:
                        break
                    # XP[:, start:end] are terms of degree d - 1
                    # that exclude feature #feature_idx.
                    if _is_numpy_namespace(xp):
                        # numpy performs this multiplication in place
                        np.multiply(
                            XP[:, start:end],
                            X[:, feature_idx : feature_idx + 1],
                            out=XP[:, current_col:next_col],
                            casting=""no"",
                        )
                    else:
                        XP[:, current_col:next_col] = xp.multiply(
                            XP[:, start:end], X[:, feature_idx : feature_idx + 1]
                        )
                    current_col = next_col

                new_index.append(current_col)
                index = new_index","            for _ in range(1, self._max_degree + 1):
                new_index = []
                end = index[-1]
                for feature_idx in range(n_features):
                    start = index[feature_idx]
                    new_index.append(current_col)
                    if self.interaction_only:
                        start += index[feature_idx + 1] - index[feature_idx]
                    next_col = current_col + end - start
                    if next_col <= current_col:
                        break
                    # XP[:, start:end] are terms of degree d - 1
                    # that exclude feature #feature_idx.
                    if _is_numpy_namespace(xp):
                        # numpy performs this multiplication in place
                        np.multiply(
                            XP[:, start:end],
                            X[:, feature_idx : feature_idx + 1],
                            out=XP[:, current_col:next_col],
                            casting=""no"",
                        )
                    else:
                        XP[:, current_col:next_col] = xp.multiply(
                            XP[:, start:end], X[:, feature_idx : feature_idx + 1]
                        )
                    current_col = next_col

                new_index.append(current_col)
                index = new_index",493
requests__src__requests__models__Response__642_1041_4,requests__src__requests__models__Response__642_1041_4_bug,inject_wrong_comparison,376,        if 400 <= self.status_code < 500:,        if 400 < self.status_code < 500:,400
pandas__pandas__core__arrays__datetimelike__DatetimeLikeArrayMixin__201_1780_1,pandas__pandas__core__arrays__datetimelike__DatetimeLikeArrayMixin__201_1780_1_bug,inject_wrong_comparison,117,        if self.ndim > 1:,        if self.ndim >= 1:,1580
scrapy__scrapy__settings____init____BaseSettings__83_672_1,scrapy__scrapy__settings____init____BaseSettings__83_672_1_bug,inject_wrong_comparison,299,        if len(self) > 0:,        if len(self) >= 0:,590
django__django__db__backends__base__creation__BaseDatabaseCreation__19_422_1,django__django__db__backends__base__creation__BaseDatabaseCreation__19_422_1_bug,inject_wrong_comparison,39,        if verbosity >= 1:,        if verbosity > 1:,404
pandas__pandas__io__formats__excel__ExcelFormatter__500_1024_2,pandas__pandas__io__formats__excel__ExcelFormatter__500_1024_2_bug,inject_off_by_one,361,"        for colidx in range(len(self.columns)):
            series = self.df.iloc[:, colidx]
            for i, val in enumerate(series):
                yield CssExcelCell(
                    row=self.rowcounter + i,
                    col=colidx + coloffset,
                    val=val,
                    style=None,
                    css_styles=getattr(self.styler, ""ctx"", None),
                    css_row=i,
                    css_col=colidx,
                    css_converter=self.style_converter,
                )","        for colidx in range(len(self.columns) - 1):
            series = self.df.iloc[:, colidx]
            for i, val in enumerate(series):
                yield CssExcelCell(
                    row=self.rowcounter + i,
                    col=colidx + coloffset,
                    val=val,
                    style=None,
                    css_styles=getattr(self.styler, ""ctx"", None),
                    css_row=i,
                    css_col=colidx,
                    css_converter=self.style_converter,
                )",525
matplotlib__lib__matplotlib__colorbar__Colorbar__198_1334_1,matplotlib__lib__matplotlib__colorbar__Colorbar__198_1334_1_bug,inject_wrong_comparison,186,        if ticklocation == 'auto':,        if ticklocation != 'auto':,1137
matplotlib__lib__matplotlib__widgets__PolygonSelector__3988_4359_14,matplotlib__lib__matplotlib__widgets__PolygonSelector__3988_4359_14_bug,inject_off_by_one,278,"            for k in range(len(self._xys)):
                x_at_press, y_at_press = self._xys_at_press[k]
                self._xys[k] = x_at_press + dx, y_at_press + dy","            for k in range(len(self._xys) - 1):
                x_at_press, y_at_press = self._xys_at_press[k]
                self._xys[k] = x_at_press + dx, y_at_press + dy",372
scikit_learn__sklearn__impute___knn__KNNImputer__24_411_1,scikit_learn__sklearn__impute___knn__KNNImputer__24_411_1_bug,inject_wrong_comparison,325,                    if len(all_nan_receivers_idx) == len(receivers_idx):,                    if len(all_nan_receivers_idx) != len(receivers_idx):,388
matplotlib__lib__matplotlib__transforms__Bbox__692_1121_3,matplotlib__lib__matplotlib__transforms__Bbox__692_1121_3_bug,inject_wrong_comparison,91,"        if points.shape != (2, 2):","        if points.shape == (2, 2):",430
