snippet_id,file_name,line_count,token_count
django__django__apps__config__AppConfig__13_274_1,django__django__apps__config__AppConfig__13_274_1.py,262,2167
django__django__apps__config__create__100_222_2,django__django__apps__config__create__100_222_2.py,123,1049
django__django__apps__registry__Apps__13_435_1,django__django__apps__registry__Apps__13_435_1.py,423,3380
django__django__conf____init____LazySettings__39_148_1,django__django__conf____init____LazySettings__39_148_1.py,110,921
django__django__contrib__admindocs__views__get_context_data__234_412_2,django__django__contrib__admindocs__views__get_context_data__234_412_2.py,179,1228
django__django__contrib__admindocs__views__ModelDetailView__231_412_1,django__django__contrib__admindocs__views__ModelDetailView__231_412_1.py,182,1248
django__django__contrib__admin__checks__BaseModelAdminChecks__177_825_2,django__django__contrib__admin__checks__BaseModelAdminChecks__177_825_2.py,649,4784
django__django__contrib__admin__checks__check_dependencies__56_174_1,django__django__contrib__admin__checks__check_dependencies__56_174_1.py,119,773
django__django__contrib__admin__checks__InlineModelAdminChecks__1265_1353_4,django__django__contrib__admin__checks__InlineModelAdminChecks__1265_1353_4.py,89,635
django__django__contrib__admin__checks__ModelAdminChecks__828_1262_3,django__django__contrib__admin__checks__ModelAdminChecks__828_1262_3.py,435,3151
django__django__contrib__admin__filters__DateFieldListFilter__464_555_2,django__django__contrib__admin__filters__DateFieldListFilter__464_555_2.py,92,779
django__django__contrib__admin__filters__RelatedFieldListFilter__222_322_1,django__django__contrib__admin__filters__RelatedFieldListFilter__222_322_1.py,101,851
django__django__contrib__admin__helpers__AdminReadonlyField__203_301_1,django__django__contrib__admin__helpers__AdminReadonlyField__203_301_1.py,99,754
django__django__contrib__admin__helpers__InlineAdminFormSet__304_465_2,django__django__contrib__admin__helpers__InlineAdminFormSet__304_465_2.py,162,1030
django__django__contrib__admin__models__LogEntry__57_199_1,django__django__contrib__admin__models__LogEntry__57_199_1.py,143,948
django__django__contrib__admin__options__BaseModelAdmin__130_635_1,django__django__contrib__admin__options__BaseModelAdmin__130_635_1.py,506,3985
django__django__contrib__admin__options__changelist_view__2025_2197_8,django__django__contrib__admin__options__changelist_view__2025_2197_8.py,173,1342
django__django__contrib__admin__options__get_formset__2450_2542_9,django__django__contrib__admin__options__get_formset__2450_2542_9.py,93,797
django__django__contrib__admin__options__get_search_results__1133_1220_4,django__django__contrib__admin__options__get_search_results__1133_1220_4.py,88,726
django__django__contrib__admin__options__InlineModelAdmin__2393_2599_3,django__django__contrib__admin__options__InlineModelAdmin__2393_2599_3.py,207,1768
django__django__contrib__admin__options__ModelAdmin__638_2390_2,django__django__contrib__admin__options__ModelAdmin__638_2390_2.py,1753,13297
django__django__contrib__admin__options__response_add__1386_1516_5,django__django__contrib__admin__options__response_add__1386_1516_5.py,131,1023
django__django__contrib__admin__options__response_change__1518_1610_6,django__django__contrib__admin__options__response_change__1518_1610_6.py,93,631
django__django__contrib__admin__options___changeform_view__1854_1993_7,django__django__contrib__admin__options___changeform_view__1854_1993_7.py,140,1066
django__django__contrib__admin__sites__AdminSite__31_605_1,django__django__contrib__admin__sites__AdminSite__31_605_1.py,575,4270
django__django__contrib__admin__templatetags__admin_list__date_hierarchy__372_478_3,django__django__contrib__admin__templatetags__admin_list__date_hierarchy__372_478_3.py,107,805
django__django__contrib__admin__templatetags__admin_list__items_for_result__203_311_2,django__django__contrib__admin__templatetags__admin_list__items_for_result__203_311_2.py,109,895
django__django__contrib__admin__templatetags__admin_list__result_headers__88_181_1,django__django__contrib__admin__templatetags__admin_list__result_headers__88_181_1.py,94,840
django__django__contrib__admin__tests__AdminSeleniumTestCase__25_257_1,django__django__contrib__admin__tests__AdminSeleniumTestCase__25_257_1.py,233,1673
django__django__contrib__admin__views__main__ChangeList__67_558_1,django__django__contrib__admin__views__main__ChangeList__67_558_1.py,492,3971
django__django__contrib__admin__views__main__get_filters__175_277_3,django__django__contrib__admin__views__main__get_filters__175_277_3.py,103,878
django__django__contrib__admin__views__main____init____70_153_2,django__django__contrib__admin__views__main____init____70_153_2.py,84,717
django__django__contrib__admin__widgets__AutocompleteMixin__515_623_3,django__django__contrib__admin__widgets__AutocompleteMixin__515_623_3.py,109,857
django__django__contrib__admin__widgets__ForeignKeyRawIdWidget__148_229_1,django__django__contrib__admin__widgets__ForeignKeyRawIdWidget__148_229_1.py,82,594
django__django__contrib__admin__widgets__RelatedFieldWidgetWrapper__262_389_2,django__django__contrib__admin__widgets__RelatedFieldWidgetWrapper__262_389_2.py,128,980
django__django__contrib__auth__admin__UserAdmin__41_251_1,django__django__contrib__auth__admin__UserAdmin__41_251_1.py,211,1657
django__django__contrib__auth__admin__user_change_password__150_235_2,django__django__contrib__auth__admin__user_change_password__150_235_2.py,86,632
django__django__contrib__auth__backends__ModelBackend__54_242_1,django__django__contrib__auth__backends__ModelBackend__54_242_1.py,189,1562
django__django__contrib__auth__backends__RemoteUserBackend__250_337_2,django__django__contrib__auth__backends__RemoteUserBackend__250_337_2.py,88,687
django__django__contrib__auth__base_user__AbstractBaseUser__43_164_1,django__django__contrib__auth__base_user__AbstractBaseUser__43_164_1.py,122,735
django__django__contrib__auth__checks__check_models_permissions__123_236_2,django__django__contrib__auth__checks__check_models_permissions__123_236_2.py,114,786
django__django__contrib__auth__checks__check_user_model__27_120_1,django__django__contrib__auth__checks__check_user_model__27_120_1.py,94,684
django__django__contrib__auth__forms__AuthenticationForm__305_384_1,django__django__contrib__auth__forms__AuthenticationForm__305_384_1.py,80,563
django__django__contrib__auth__forms__PasswordResetForm__387_488_2,django__django__contrib__auth__forms__PasswordResetForm__387_488_2.py,102,689
django__django__contrib__auth__hashers__Argon2PasswordHasher__387_486_2,django__django__contrib__auth__hashers__Argon2PasswordHasher__387_486_2.py,100,786
django__django__contrib__auth__hashers__BasePasswordHasher__210_314_1,django__django__contrib__auth__hashers__BasePasswordHasher__210_314_1.py,105,760
django__django__contrib__auth__management__commands__createsuperuser__Command__26_317_1,django__django__contrib__auth__management__commands__createsuperuser__Command__26_317_1.py,292,2226
django__django__contrib__auth__management__commands__createsuperuser__handle__92_254_2,django__django__contrib__auth__management__commands__createsuperuser__handle__92_254_2.py,163,1309
django__django__contrib__auth__middleware__RemoteUserMiddleware__92_261_1,django__django__contrib__auth__middleware__RemoteUserMiddleware__92_261_1.py,170,1368
django__django__contrib__auth__models__AnonymousUser__529_634_3,django__django__contrib__auth__models__AnonymousUser__529_634_3.py,106,685
django__django__contrib__auth__models__PermissionsMixin__317_443_2,django__django__contrib__auth__models__PermissionsMixin__317_443_2.py,127,951
django__django__contrib__auth__models__UserManager__140_239_1,django__django__contrib__auth__models__UserManager__140_239_1.py,100,835
django__django__contrib__auth__views__PasswordResetConfirmView__258_340_1,django__django__contrib__auth__views__PasswordResetConfirmView__258_340_1.py,83,618
django__django__contrib__contenttypes__fields__create_generic_related_manager__610_861_4,django__django__contrib__contenttypes__fields__create_generic_related_manager__610_861_4.py,252,1921
django__django__contrib__contenttypes__fields__GenericForeignKeyDescriptor__176_305_2,django__django__contrib__contenttypes__fields__GenericForeignKeyDescriptor__176_305_2.py,130,1106
django__django__contrib__contenttypes__fields__GenericForeignKey__28_173_1,django__django__contrib__contenttypes__fields__GenericForeignKey__28_173_1.py,146,1042
django__django__contrib__contenttypes__fields__GenericRelatedObjectManager__617_859_5,django__django__contrib__contenttypes__fields__GenericRelatedObjectManager__617_859_5.py,243,1865
django__django__contrib__contenttypes__fields__GenericRelation__331_586_3,django__django__contrib__contenttypes__fields__GenericRelation__331_586_3.py,256,1924
django__django__contrib__contenttypes__models__ContentTypeManager__9_131_1,django__django__contrib__contenttypes__models__ContentTypeManager__9_131_1.py,123,1036
django__django__contrib__gis__db__backends__base__operations__BaseSpatialOperations__9_217_1,django__django__contrib__gis__db__backends__base__operations__BaseSpatialOperations__9_217_1.py,209,1336
django__django__contrib__gis__db__backends__mysql__operations__MySQLOperations__12_152_1,django__django__contrib__gis__db__backends__mysql__operations__MySQLOperations__12_152_1.py,141,993
django__django__contrib__gis__db__backends__oracle__operations__OracleOperations__58_255_1,django__django__contrib__gis__db__backends__oracle__operations__OracleOperations__58_255_1.py,198,1667
django__django__contrib__gis__db__backends__oracle__schema__OracleGISSchemaEditor__6_151_1,django__django__contrib__gis__db__backends__oracle__schema__OracleGISSchemaEditor__6_151_1.py,146,1119
django__django__contrib__gis__db__backends__postgis__operations__PostGISOperations__121_434_1,django__django__contrib__gis__db__backends__postgis__operations__PostGISOperations__121_434_1.py,314,2727
django__django__contrib__gis__db__backends__spatialite__operations__SpatiaLiteOperations__25_235_1,django__django__contrib__gis__db__backends__spatialite__operations__SpatiaLiteOperations__25_235_1.py,211,1670
django__django__contrib__gis__db__backends__spatialite__schema__SpatialiteSchemaEditor__5_195_1,django__django__contrib__gis__db__backends__spatialite__schema__SpatialiteSchemaEditor__5_195_1.py,191,1407
django__django__contrib__gis__db__models__fields__BaseSpatialField__70_223_1,django__django__contrib__gis__db__models__fields__BaseSpatialField__70_223_1.py,154,1147
django__django__contrib__gis__db__models__fields__GeometryField__226_323_2,django__django__contrib__gis__db__models__fields__GeometryField__226_323_2.py,98,770
django__django__contrib__gis__db__models__functions__GeoFuncMixin__26_109_1,django__django__contrib__gis__db__models__functions__GeoFuncMixin__26_109_1.py,84,617
django__django__contrib__gis__feeds__GeoFeedMixin__5_87_1,django__django__contrib__gis__feeds__GeoFeedMixin__5_87_1.py,83,785
django__django__contrib__gis__gdal__envelope__Envelope__33_205_1,django__django__contrib__gis__gdal__envelope__Envelope__33_205_1.py,173,1455
django__django__contrib__gis__gdal__field__Field__14_131_1,django__django__contrib__gis__gdal__field__Field__14_131_1.py,118,822
django__django__contrib__gis__gdal__geometries__OGRGeometry__65_589_1,django__django__contrib__gis__gdal__geometries__OGRGeometry__65_589_1.py,525,4215
django__django__contrib__gis__gdal__layer__Layer__21_234_1,django__django__contrib__gis__gdal__layer__Layer__21_234_1.py,214,1735
django__django__contrib__gis__gdal__raster__band__GDALBand__17_254_1,django__django__contrib__gis__gdal__raster__band__GDALBand__17_254_1.py,238,1576
django__django__contrib__gis__gdal__raster__source__GDALRaster__70_543_1,django__django__contrib__gis__gdal__raster__source__GDALRaster__70_543_1.py,474,3630
django__django__contrib__gis__gdal__raster__source____init____77_213_2,django__django__contrib__gis__gdal__raster__source____init____77_213_2.py,137,1221
django__django__contrib__gis__gdal__srs__SpatialReference__45_349_1,django__django__contrib__gis__gdal__srs__SpatialReference__45_349_1.py,305,2454
django__django__contrib__gis__geoip2__GeoIP2__51_230_1,django__django__contrib__gis__geoip2__GeoIP2__51_230_1.py,180,1613
django__django__contrib__gis__geos__coordseq__GEOSCoordSeq__16_272_1,django__django__contrib__gis__geos__coordseq__GEOSCoordSeq__16_272_1.py,257,2081
django__django__contrib__gis__geos__geometry__GEOSGeometryBase__23_695_1,django__django__contrib__gis__geos__geometry__GEOSGeometryBase__23_695_1.py,673,5189
django__django__contrib__gis__geos__linestring__LineString__9_181_1,django__django__contrib__gis__geos__linestring__LineString__9_181_1.py,173,1290
django__django__contrib__gis__geos__linestring____init____14_97_2,django__django__contrib__gis__geos__linestring____init____14_97_2.py,84,693
django__django__contrib__gis__geos__mutable_list__ListMixin__16_315_1,django__django__contrib__gis__geos__mutable_list__ListMixin__16_315_1.py,300,2171
django__django__contrib__gis__geos__point__Point__9_163_1,django__django__contrib__gis__geos__point__Point__9_163_1.py,155,1155
django__django__contrib__gis__geos__polygon__Polygon__7_189_1,django__django__contrib__gis__geos__polygon__Polygon__7_189_1.py,183,1591
django__django__contrib__gis__management__commands__ogrinspect__Command__35_164_1,django__django__contrib__gis__management__commands__ogrinspect__Command__35_164_1.py,130,1033
django__django__contrib__gis__measure__Distance__250_346_2,django__django__contrib__gis__measure__Distance__250_346_2.py,97,1007
django__django__contrib__gis__measure__MeasureBase__54_247_1,django__django__contrib__gis__measure__MeasureBase__54_247_1.py,194,1305
django__django__contrib__gis__utils__layermapping__check_layer__192_308_3,django__django__contrib__gis__utils__layermapping__check_layer__192_308_3.py,117,984
django__django__contrib__gis__utils__layermapping__LayerMapping__59_737_1,django__django__contrib__gis__utils__layermapping__LayerMapping__59_737_1.py,679,5348
django__django__contrib__gis__utils__layermapping__save__560_737_4,django__django__contrib__gis__utils__layermapping__save__560_737_4.py,178,1352
django__django__contrib__gis__utils__layermapping___save__620_702_5,django__django__contrib__gis__utils__layermapping___save__620_702_5.py,83,628
django__django__contrib__gis__utils__layermapping____init____97_177_2,django__django__contrib__gis__utils__layermapping____init____97_177_2.py,81,554
django__django__contrib__gis__utils__ogrinspect___ogrinspect__130_269_1,django__django__contrib__gis__utils__ogrinspect___ogrinspect__130_269_1.py,140,1111
django__django__contrib__humanize__templatetags__humanize__NaturalTimeFormatter__216_343_1,django__django__contrib__humanize__templatetags__humanize__NaturalTimeFormatter__216_343_1.py,128,1328
django__django__contrib__messages__storage__base__BaseStorage__49_183_1,django__django__contrib__messages__storage__base__BaseStorage__49_183_1.py,135,974
django__django__contrib__messages__storage__cookie__CookieStorage__76_214_1,django__django__contrib__messages__storage__cookie__CookieStorage__76_214_1.py,139,1112
django__django__contrib__postgres__constraints__ExclusionConstraint__22_242_1,django__django__contrib__postgres__constraints__ExclusionConstraint__22_242_1.py,221,1819
django__django__contrib__postgres__fields__array__ArrayField__21_247_1,django__django__contrib__postgres__fields__array__ArrayField__21_247_1.py,227,1626
django__django__contrib__postgres__fields__ranges__RangeField__55_134_1,django__django__contrib__postgres__fields__ranges__RangeField__55_134_1.py,80,586
django__django__contrib__postgres__forms__array__SimpleArrayField__14_112_1,django__django__contrib__postgres__forms__array__SimpleArrayField__14_112_1.py,99,589
django__django__contrib__sessions__backends__base__SessionBase__35_528_1,django__django__contrib__sessions__backends__base__SessionBase__35_528_1.py,494,3327
django__django__contrib__sessions__backends__db__SessionStore__12_198_1,django__django__contrib__sessions__backends__db__SessionStore__12_198_1.py,187,1253
django__django__contrib__sessions__backends__file__SessionStore__18_226_1,django__django__contrib__sessions__backends__file__SessionStore__18_226_1.py,209,1515
django__django__contrib__sitemaps____init____Sitemap__8_172_1,django__django__contrib__sitemaps____init____Sitemap__8_172_1.py,165,1152
django__django__contrib__staticfiles__finders__FileSystemFinder__39_143_1,django__django__contrib__staticfiles__finders__FileSystemFinder__39_143_1.py,105,711
django__django__contrib__staticfiles__management__commands__collectstatic__Command__13_399_1,django__django__contrib__staticfiles__management__commands__collectstatic__Command__13_399_1.py,387,2939
django__django__contrib__staticfiles__storage__HashedFilesMixin__47_456_1,django__django__contrib__staticfiles__storage__HashedFilesMixin__47_456_1.py,410,3295
django__django__contrib__syndication__views__Feed__29_235_1,django__django__contrib__syndication__views__Feed__29_235_1.py,207,1646
django__django__contrib__syndication__views__get_feed__135_235_2,django__django__contrib__syndication__views__get_feed__135_235_2.py,101,824
django__django__core__cache__backends__base__BaseCache__58_418_1,django__django__core__cache__backends__base__BaseCache__58_418_1.py,361,3030
django__django__core__cache__backends__db__DatabaseCache__43_295_1,django__django__core__cache__backends__db__DatabaseCache__43_295_1.py,253,1911
django__django__core__cache__backends__db___base_set__113_205_2,django__django__core__cache__backends__db___base_set__113_205_2.py,93,724
django__django__core__cache__backends__filebased__FileBasedCache__17_171_1,django__django__core__cache__backends__filebased__FileBasedCache__17_171_1.py,155,1174
django__django__core__cache__backends__memcached__BaseMemcachedCache__15_142_1,django__django__core__cache__backends__memcached__BaseMemcachedCache__15_142_1.py,128,1117
django__django__core__cache__backends__redis__RedisCacheClient__32_170_1,django__django__core__cache__backends__redis__RedisCacheClient__32_170_1.py,139,1012
django__django__core__checks__model_checks___check_lazy_references__93_222_1,django__django__core__checks__model_checks___check_lazy_references__93_222_1.py,130,1113
django__django__core__exceptions__ValidationError__144_247_1,django__django__core__exceptions__ValidationError__144_247_1.py,104,713
django__django__core__files__base__File__8_121_1,django__django__core__files__base__File__8_121_1.py,114,777
django__django__core__files__storage__base__Storage__11_206_1,django__django__core__files__storage__base__Storage__11_206_1.py,196,1595
django__django__core__files__storage__filesystem__FileSystemStorage__19_229_1,django__django__core__files__storage__filesystem__FileSystemStorage__19_229_1.py,211,1562
django__django__core__files__storage__filesystem___save__68_149_2,django__django__core__files__storage__filesystem___save__68_149_2.py,82,673
django__django__core__files__storage__memory__InMemoryDirNode__81_164_1,django__django__core__files__storage__memory__InMemoryDirNode__81_164_1.py,84,642
django__django__core__files__storage__memory__InMemoryStorage__168_293_2,django__django__core__files__storage__memory__InMemoryStorage__168_293_2.py,126,890
django__django__core__files__uploadhandler__FileUploadHandler__70_159_1,django__django__core__files__uploadhandler__FileUploadHandler__70_159_1.py,90,534
django__django__core__handlers__asgi__ASGIHandler__144_361_2,django__django__core__handlers__asgi__ASGIHandler__144_361_2.py,218,1639
django__django__core__handlers__asgi__ASGIRequest__39_141_1,django__django__core__handlers__asgi__ASGIRequest__39_141_1.py,103,861
django__django__core__handlers__base__BaseHandler__21_367_1,django__django__core__handlers__base__BaseHandler__21_367_1.py,347,2506
django__django__core__handlers__exception__response_for_exception__64_160_1,django__django__core__handlers__exception__response_for_exception__64_160_1.py,97,607
django__django__core__mail__backends__smtp__EmailBackend__16_193_1,django__django__core__mail__backends__smtp__EmailBackend__16_193_1.py,178,1386
django__django__core__mail__message__EmailMessage__230_538_1,django__django__core__mail__message__EmailMessage__230_538_1.py,309,2365
django__django__core__mail__message__EmailMultiAlternatives__541_636_2,django__django__core__mail__message__EmailMultiAlternatives__541_636_2.py,96,589
django__django__core__management__base__BaseCommand__193_625_1,django__django__core__management__base__BaseCommand__193_625_1.py,433,3227
django__django__core__management__base__check__483_583_2,django__django__core__management__base__check__483_583_2.py,101,671
django__django__core__management__commands__compilemessages__Command__29_195_1,django__django__core__management__commands__compilemessages__Command__29_195_1.py,167,1214
django__django__core__management__commands__dumpdata__Command__30_286_1,django__django__core__management__commands__dumpdata__Command__30_286_1.py,257,1884
django__django__core__management__commands__dumpdata__handle__104_286_2,django__django__core__management__commands__dumpdata__handle__104_286_2.py,183,1400
django__django__core__management__commands__inspectdb__Command__10_421_1,django__django__core__management__commands__inspectdb__Command__10_421_1.py,412,3121
django__django__core__management__commands__inspectdb__handle_inspection__56_272_2,django__django__core__management__commands__inspectdb__handle_inspection__56_272_2.py,217,1665
django__django__core__management__commands__loaddata__Command__44_419_1,django__django__core__management__commands__loaddata__Command__44_419_1.py,376,2908
django__django__core__management__commands__makemessages__add_arguments__218_315_3,django__django__core__management__commands__makemessages__add_arguments__218_315_3.py,98,667
django__django__core__management__commands__makemessages__BuildFile__70_154_1,django__django__core__management__commands__makemessages__BuildFile__70_154_1.py,85,586
django__django__core__management__commands__makemessages__Command__199_778_2,django__django__core__management__commands__makemessages__Command__199_778_2.py,580,4566
django__django__core__management__commands__makemessages__handle__317_470_4,django__django__core__management__commands__makemessages__handle__317_470_4.py,154,1288
django__django__core__management__commands__makemessages__process_locale_dir__597_700_5,django__django__core__management__commands__makemessages__process_locale_dir__597_700_5.py,104,749
django__django__core__management__commands__makemigrations__Command__26_518_1,django__django__core__management__commands__makemigrations__Command__26_518_1.py,493,3818
django__django__core__management__commands__makemigrations__handle_merge__409_518_3,django__django__core__management__commands__makemigrations__handle_merge__409_518_3.py,110,926
django__django__core__management__commands__makemigrations__handle__106_264_2,django__django__core__management__commands__makemigrations__handle__106_264_2.py,159,1222
django__django__core__management__commands__migrate__Command__17_509_1,django__django__core__management__commands__migrate__Command__17_509_1.py,493,3793
django__django__core__management__commands__migrate__handle__97_388_2,django__django__core__management__commands__migrate__handle__97_388_2.py,292,2335
django__django__core__management__commands__runserver__Command__27_202_1,django__django__core__management__commands__runserver__Command__27_202_1.py,176,1465
django__django__core__management__commands__shell__Command__15_283_1,django__django__core__management__commands__shell__Command__15_283_1.py,269,1834
django__django__core__management__commands__shell__get_namespace__164_256_2,django__django__core__management__commands__shell__get_namespace__164_256_2.py,93,638
django__django__core__management__commands__showmigrations__Command__10_177_1,django__django__core__management__commands__showmigrations__Command__10_177_1.py,168,1254
django__django__core__management__commands__squashmigrations__Command__15_253_1,django__django__core__management__commands__squashmigrations__Command__15_253_1.py,239,1819
django__django__core__management__commands__squashmigrations__handle__61_239_2,django__django__core__management__commands__squashmigrations__handle__61_239_2.py,179,1432
django__django__core__management__templates__handle__88_234_2,django__django__core__management__templates__handle__88_234_2.py,147,1163
django__django__core__management__templates__TemplateCommand__25_404_1,django__django__core__management__templates__TemplateCommand__25_404_1.py,380,2913
django__django__core__management____init____call_command__83_195_1,django__django__core__management____init____call_command__83_195_1.py,113,909
django__django__core__management____init____execute__354_437_3,django__django__core__management____init____execute__354_437_3.py,84,734
django__django__core__management____init____ManagementUtility__198_437_2,django__django__core__management____init____ManagementUtility__198_437_2.py,240,2111
django__django__core__paginator__AsyncPage__369_459_3,django__django__core__paginator__AsyncPage__369_459_3.py,91,636
django__django__core__paginator__AsyncPaginator__215_306_2,django__django__core__paginator__AsyncPaginator__215_306_2.py,92,695
django__django__core__paginator__BasePaginator__30_151_1,django__django__core__paginator__BasePaginator__30_151_1.py,122,1041
django__django__core__serializers__base__Serializer__73_238_1,django__django__core__serializers__base__Serializer__73_238_1.py,166,1034
django__django__core__serializers__python__Deserializer__102_221_2,django__django__core__serializers__python__Deserializer__102_221_2.py,120,897
django__django__core__serializers__python__Serializer__14_99_1,django__django__core__serializers__python__Serializer__14_99_1.py,86,652
django__django__core__serializers__xml_serializer__Deserializer__214_441_2,django__django__core__serializers__xml_serializer__Deserializer__214_441_2.py,228,1689
django__django__core__serializers__xml_serializer__Serializer__38_211_1,django__django__core__serializers__xml_serializer__Serializer__38_211_1.py,174,1261
django__django__core__serializers__xml_serializer___handle_object__243_327_3,django__django__core__serializers__xml_serializer___handle_object__243_327_3.py,85,672
django__django__core__serializers____init____sort_dependencies__167_255_1,django__django__core__serializers____init____sort_dependencies__167_255_1.py,89,779
django__django__core__validators__DecimalValidator__507_591_1,django__django__core__validators__DecimalValidator__507_591_1.py,85,676
django__django__db__backends__base__base__BaseDatabaseWrapper__30_789_1,django__django__db__backends__base__base__BaseDatabaseWrapper__30_789_1.py,760,5446
django__django__db__backends__base__creation__BaseDatabaseCreation__19_422_1,django__django__db__backends__base__creation__BaseDatabaseCreation__19_422_1.py,404,3194
django__django__db__backends__base__creation__create_test_db__45_129_2,django__django__db__backends__base__creation__create_test_db__45_129_2.py,85,680
django__django__db__backends__base__features__BaseDatabaseFeatures__5_466_1,django__django__db__backends__base__features__BaseDatabaseFeatures__5_466_1.py,462,3762
django__django__db__backends__base__introspection__BaseDatabaseIntrospection__16_228_1,django__django__db__backends__base__introspection__BaseDatabaseIntrospection__16_228_1.py,213,1527
django__django__db__backends__base__operations__BaseDatabaseOperations__18_867_1,django__django__db__backends__base__operations__BaseDatabaseOperations__18_867_1.py,850,6609
django__django__db__backends__base__schema__add_field__726_813_3,django__django__db__backends__base__schema__add_field__726_813_3.py,88,783
django__django__db__backends__base__schema__alter_field__847_937_4,django__django__db__backends__base__schema__alter_field__847_937_4.py,91,748
django__django__db__backends__base__schema__BaseDatabaseSchemaEditor__78_2086_1,django__django__db__backends__base__schema__BaseDatabaseSchemaEditor__78_2086_1.py,2009,16007
django__django__db__backends__base__schema__table_sql__210_308_2,django__django__db__backends__base__schema__table_sql__210_308_2.py,99,839
django__django__db__backends__base__schema___alter_field__950_1319_5,django__django__db__backends__base__schema___alter_field__950_1319_5.py,370,3096
django__django__db__backends__mysql__base__DatabaseWrapper__103_441_1,django__django__db__backends__mysql__base__DatabaseWrapper__103_441_1.py,339,2606
django__django__db__backends__mysql__features__DatabaseFeatures__7_243_1,django__django__db__backends__mysql__features__DatabaseFeatures__7_243_1.py,237,1699
django__django__db__backends__mysql__introspection__DatabaseIntrospection__31_375_1,django__django__db__backends__mysql__introspection__DatabaseIntrospection__31_375_1.py,345,2644
django__django__db__backends__mysql__introspection__get_constraints__262_375_3,django__django__db__backends__mysql__introspection__get_constraints__262_375_3.py,114,929
django__django__db__backends__mysql__introspection__get_table_description__95_186_2,django__django__db__backends__mysql__introspection__get_table_description__95_186_2.py,92,652
django__django__db__backends__mysql__operations__DatabaseOperations__13_431_1,django__django__db__backends__mysql__operations__DatabaseOperations__13_431_1.py,419,3814
django__django__db__backends__mysql__schema__DatabaseSchemaEditor__6_249_1,django__django__db__backends__mysql__schema__DatabaseSchemaEditor__6_249_1.py,244,2069
django__django__db__backends__oracle__base__DatabaseWrapper__115_408_1,django__django__db__backends__oracle__base__DatabaseWrapper__115_408_1.py,294,2588
django__django__db__backends__oracle__base__FormatStylePlaceholderCursor__489_669_2,django__django__db__backends__oracle__base__FormatStylePlaceholderCursor__489_669_2.py,181,1649
django__django__db__backends__oracle__creation__DatabaseCreation__12_471_1,django__django__db__backends__oracle__creation__DatabaseCreation__12_471_1.py,460,4003
django__django__db__backends__oracle__creation___create_test_db__31_127_2,django__django__db__backends__oracle__creation___create_test_db__31_127_2.py,97,763
django__django__db__backends__oracle__features__DatabaseFeatures__6_242_1,django__django__db__backends__oracle__features__DatabaseFeatures__6_242_1.py,237,2008
django__django__db__backends__oracle__introspection__DatabaseIntrospection__16_429_1,django__django__db__backends__oracle__introspection__DatabaseIntrospection__16_429_1.py,414,2854
django__django__db__backends__oracle__introspection__get_constraints__313_429_3,django__django__db__backends__oracle__introspection__get_constraints__313_429_3.py,117,861
django__django__db__backends__oracle__introspection__get_table_description__87_218_2,django__django__db__backends__oracle__introspection__get_table_description__87_218_2.py,132,837
django__django__db__backends__oracle__operations__DatabaseOperations__26_726_1,django__django__db__backends__oracle__operations__DatabaseOperations__26_726_1.py,701,6053
django__django__db__backends__oracle__schema__DatabaseSchemaEditor__13_256_1,django__django__db__backends__oracle__schema__DatabaseSchemaEditor__13_256_1.py,244,2308
django__django__db__backends__postgresql__base__DatabaseWrapper__98_556_1,django__django__db__backends__postgresql__base__DatabaseWrapper__98_556_1.py,459,3743
django__django__db__backends__postgresql__features__DatabaseFeatures__9_192_1,django__django__db__backends__postgresql__features__DatabaseFeatures__9_192_1.py,184,1397
django__django__db__backends__postgresql__introspection__DatabaseIntrospection__13_325_1,django__django__db__backends__postgresql__introspection__DatabaseIntrospection__13_325_1.py,313,2636
django__django__db__backends__postgresql__introspection__get_constraints__204_325_2,django__django__db__backends__postgresql__introspection__get_constraints__204_325_2.py,122,951
django__django__db__backends__postgresql__operations__DatabaseOperations__27_405_1,django__django__db__backends__postgresql__operations__DatabaseOperations__27_405_1.py,379,3242
django__django__db__backends__postgresql__schema__DatabaseSchemaEditor__7_380_1,django__django__db__backends__postgresql__schema__DatabaseSchemaEditor__7_380_1.py,374,2871
django__django__db__backends__postgresql__schema___alter_column_type_sql__152_261_2,django__django__db__backends__postgresql__schema___alter_column_type_sql__152_261_2.py,110,830
django__django__db__backends__sqlite3__base__DatabaseWrapper__60_334_1,django__django__db__backends__sqlite3__base__DatabaseWrapper__60_334_1.py,275,2461
django__django__db__backends__sqlite3__creation__DatabaseCreation__12_157_1,django__django__db__backends__sqlite3__creation__DatabaseCreation__12_157_1.py,146,1256
django__django__db__backends__sqlite3__features__DatabaseFeatures__13_174_1,django__django__db__backends__sqlite3__features__DatabaseFeatures__13_174_1.py,162,1279
django__django__db__backends__sqlite3__introspection__DatabaseIntrospection__59_456_1,django__django__db__backends__sqlite3__introspection__DatabaseIntrospection__59_456_1.py,398,2964
django__django__db__backends__sqlite3__introspection__get_constraints__324_421_3,django__django__db__backends__sqlite3__introspection__get_constraints__324_421_3.py,98,773
django__django__db__backends__sqlite3__introspection___parse_column_or_constraint_definition__185_283_2,django__django__db__backends__sqlite3__introspection___parse_column_or_constraint_definition__185_283_2.py,99,756
django__django__db__backends__sqlite3__operations__DatabaseOperations__29_411_1,django__django__db__backends__sqlite3__operations__DatabaseOperations__29_411_1.py,383,3090
django__django__db__backends__sqlite3__schema__DatabaseSchemaEditor__12_503_1,django__django__db__backends__sqlite3__schema__DatabaseSchemaEditor__12_503_1.py,492,3966
django__django__db__backends__sqlite3__schema___remake_table__77_279_2,django__django__db__backends__sqlite3__schema___remake_table__77_279_2.py,203,1695
django__django__db__backends__utils__CursorWrapper__17_114_1,django__django__db__backends__utils__CursorWrapper__17_114_1.py,98,857
django__django__db__models__aggregates__Aggregate__72_220_1,django__django__db__models__aggregates__Aggregate__72_220_1.py,149,1260
django__django__db__models__base__ModelBase__95_459_1,django__django__db__models__base__ModelBase__95_459_1.py,365,2756
django__django__db__models__base__Model__501_2512_2,django__django__db__models__base__Model__501_2512_2.py,2012,14952
django__django__db__models__base__refresh_from_db__727_809_5,django__django__db__models__base__refresh_from_db__727_809_5.py,83,656
django__django__db__models__base___check_ordering__2276_2382_7,django__django__db__models__base___check_ordering__2276_2382_7.py,107,720
django__django__db__models__base___save_table__1061_1196_6,django__django__db__models__base___save_table__1061_1196_6.py,136,951
django__django__db__models__base____init____502_615_4,django__django__db__models__base____init____502_615_4.py,114,942
django__django__db__models__base____new____98_390_3,django__django__db__models__base____new____98_390_3.py,293,2205
django__django__db__models__constraints__BaseConstraint__19_130_1,django__django__db__models__constraints__BaseConstraint__19_130_1.py,112,876
django__django__db__models__constraints__CheckConstraint__133_251_2,django__django__db__models__constraints__CheckConstraint__133_251_2.py,119,889
django__django__db__models__constraints__check__338_434_4,django__django__db__models__constraints__check__338_434_4.py,97,681
django__django__db__models__constraints__UniqueConstraint__263_680_3,django__django__db__models__constraints__UniqueConstraint__263_680_3.py,418,3179
django__django__db__models__constraints__validate__572_680_5,django__django__db__models__constraints__validate__572_680_5.py,109,784
django__django__db__models__deletion__Collector__117_552_1,django__django__db__models__deletion__Collector__117_552_1.py,436,3432
django__django__db__models__deletion__collect__271_431_2,django__django__db__models__deletion__collect__271_431_2.py,161,1346
django__django__db__models__deletion__delete__466_552_3,django__django__db__models__deletion__delete__466_552_3.py,87,626
django__django__db__models__expressions__BaseExpression__174_516_2,django__django__db__models__expressions__BaseExpression__174_516_2.py,343,2238
django__django__db__models__expressions__Case__1682_1778_6,django__django__db__models__expressions__Case__1682_1778_6.py,97,670
django__django__db__models__expressions__Combinable__38_167_1,django__django__db__models__expressions__Combinable__38_167_1.py,130,965
django__django__db__models__expressions__CombinedExpression__724_808_3,django__django__db__models__expressions__CombinedExpression__724_808_3.py,85,650
django__django__db__models__expressions__Func__1050_1140_4,django__django__db__models__expressions__Func__1050_1140_4.py,91,717
django__django__db__models__expressions__OrderBy__1880_1982_7,django__django__db__models__expressions__OrderBy__1880_1982_7.py,103,793
django__django__db__models__expressions__Value__1144_1233_5,django__django__db__models__expressions__Value__1144_1233_5.py,90,693
django__django__db__models__expressions__WindowFrame__2102_2186_9,django__django__db__models__expressions__WindowFrame__2102_2186_9.py,85,720
django__django__db__models__expressions__Window__1985_2089_8,django__django__db__models__expressions__Window__1985_2089_8.py,105,810
django__django__db__models__fields__composite__CompositePrimaryKey__50_156_1,django__django__db__models__fields__composite__CompositePrimaryKey__50_156_1.py,107,775
django__django__db__models__fields__files__FieldFile__19_153_1,django__django__db__models__fields__files__FieldFile__19_153_1.py,135,892
django__django__db__models__fields__files__FileField__236_377_2,django__django__db__models__fields__files__FileField__236_377_2.py,142,1071
django__django__db__models__fields__files__ImageField__417_538_3,django__django__db__models__fields__files__ImageField__417_538_3.py,122,947
django__django__db__models__fields__generated__GeneratedField__11_223_1,django__django__db__models__fields__generated__GeneratedField__11_223_1.py,213,1479
django__django__db__models__fields__json__HasKeyLookup__206_288_2,django__django__db__models__fields__json__HasKeyLookup__206_288_2.py,83,767
django__django__db__models__fields__json__JSONField__25_151_1,django__django__db__models__fields__json__JSONField__25_151_1.py,127,858
django__django__db__models__fields__related_descriptors__create_forward_many_to_many_manager__1051_1679_4,django__django__db__models__fields__related_descriptors__create_forward_many_to_many_manager__1051_1679_4.py,629,4873
django__django__db__models__fields__related_descriptors__create_reverse_many_to_one_manager__700_1001_3,django__django__db__models__fields__related_descriptors__create_reverse_many_to_one_manager__700_1001_3.py,302,2310
django__django__db__models__fields__related_descriptors__ForwardManyToOneDescriptor__132_369_1,django__django__db__models__fields__related_descriptors__ForwardManyToOneDescriptor__132_369_1.py,238,1908
django__django__db__models__fields__related_descriptors__ManyRelatedManager__1059_1677_6,django__django__db__models__fields__related_descriptors__ManyRelatedManager__1059_1677_6.py,619,4805
django__django__db__models__fields__related_descriptors__RelatedManager__708_999_5,django__django__db__models__fields__related_descriptors__RelatedManager__708_999_5.py,292,2245
django__django__db__models__fields__related_descriptors__ReverseOneToOneDescriptor__425_640_2,django__django__db__models__fields__related_descriptors__ReverseOneToOneDescriptor__425_640_2.py,216,1658
django__django__db__models__fields__related__ForeignKey__966_1344_3,django__django__db__models__fields__related__ForeignKey__966_1344_3.py,379,2664
django__django__db__models__fields__related__ForeignObject__526_954_2,django__django__db__models__fields__related__ForeignObject__526_954_2.py,429,3035
django__django__db__models__fields__related__ManyToManyField__1454_2163_4,django__django__db__models__fields__related__ManyToManyField__1454_2163_4.py,710,5460
django__django__db__models__fields__related__RelatedField__98_523_1,django__django__db__models__fields__related__RelatedField__98_523_1.py,426,3107
django__django__db__models__fields__related___check_clashes__237_351_5,django__django__db__models__fields__related___check_clashes__237_351_5.py,115,959
django__django__db__models__fields__related___check_on_delete__1077_1164_6,django__django__db__models__fields__related___check_on_delete__1077_1164_6.py,88,657
django__django__db__models__fields__related___check_relationship_model__1593_1846_7,django__django__db__models__fields__related___check_relationship_model__1593_1846_7.py,254,1774
django__django__db__models__fields__reverse_related__ForeignObjectRel__20_246_1,django__django__db__models__fields__reverse_related__ForeignObjectRel__20_246_1.py,227,1539
django__django__db__models__fields__tuple_lookups__TupleIn__299_410_2,django__django__db__models__fields__tuple_lookups__TupleIn__299_410_2.py,112,928
django__django__db__models__fields__tuple_lookups__TupleLookupMixin__49_148_1,django__django__db__models__fields__tuple_lookups__TupleLookupMixin__49_148_1.py,100,784
django__django__db__models__fields____init____CharField__1204_1320_2,django__django__db__models__fields____init____CharField__1204_1320_2.py,117,803
django__django__db__models__fields____init____DateField__1422_1554_3,django__django__db__models__fields____init____DateField__1422_1554_3.py,133,913
django__django__db__models__fields____init____DateTimeField__1557_1695_4,django__django__db__models__fields____init____DateTimeField__1557_1695_4.py,139,1016
django__django__db__models__fields____init____DecimalField__1698_1891_5,django__django__db__models__fields____init____DecimalField__1698_1891_5.py,194,1163
django__django__db__models__fields____init____deconstruct__570_664_9,django__django__db__models__fields____init____deconstruct__570_664_9.py,95,866
django__django__db__models__fields____init____Field__119_1155_1,django__django__db__models__fields____init____Field__119_1155_1.py,1037,7536
django__django__db__models__fields____init____GenericIPAddressField__2254_2342_7,django__django__db__models__fields____init____GenericIPAddressField__2254_2342_7.py,89,584
django__django__db__models__fields____init____IntegerField__2099_2196_6,django__django__db__models__fields____init____IntegerField__2099_2196_6.py,98,594
django__django__db__models__fields____init____TimeField__2559_2674_8,django__django__db__models__fields____init____TimeField__2559_2674_8.py,116,857
django__django__db__models__functions__datetime__Extract__41_123_1,django__django__db__models__functions__datetime__Extract__41_123_1.py,83,650
django__django__db__models__functions__datetime__TruncBase__246_363_2,django__django__db__models__functions__datetime__TruncBase__246_363_2.py,118,900
django__django__db__models__indexes__check__86_175_3,django__django__db__models__indexes__check__86_175_3.py,90,610
django__django__db__models__indexes__IndexExpression__307_391_2,django__django__db__models__indexes__IndexExpression__307_391_2.py,85,615
django__django__db__models__indexes__Index__14_304_1,django__django__db__models__indexes__Index__14_304_1.py,291,2310
django__django__db__models__lookups__Lookup__28_202_1,django__django__db__models__lookups__Lookup__28_202_1.py,175,1433
django__django__db__models__manager__BaseManager__10_173_1,django__django__db__models__manager__BaseManager__10_173_1.py,164,1208
django__django__db__models__options__Options__90_1052_1,django__django__db__models__options__Options__90_1052_1.py,963,7302
django__django__db__models__options___get_fields__881_974_2,django__django__db__models__options___get_fields__881_974_2.py,94,798
django__django__db__models__query_utils__Q__39_240_1,django__django__db__models__query_utils__Q__39_240_1.py,202,1460
django__django__db__models__query_utils__RegisterLookupMixin__320_421_2,django__django__db__models__query_utils__RegisterLookupMixin__320_421_2.py,102,781
django__django__db__models__query__bulk_create__771_874_6,django__django__db__models__query__bulk_create__771_874_6.py,104,961
django__django__db__models__query__in_bulk__1185_1279_7,django__django__db__models__query__in_bulk__1185_1279_7.py,95,795
django__django__db__models__query__prefetch_one_level__2749_2856_4,django__django__db__models__query__prefetch_one_level__2749_2856_4.py,108,972
django__django__db__models__query__prefetch_related_objects__2521_2674_3,django__django__db__models__query__prefetch_related_objects__2521_2674_3.py,154,1286
django__django__db__models__query__QuerySet__303_2267_1,django__django__db__models__query__QuerySet__303_2267_1.py,1965,15297
django__django__db__models__query__RawQuerySet__2285_2442_2,django__django__db__models__query__RawQuerySet__2285_2442_2.py,158,1054
django__django__db__models__query__RelatedPopulator__2859_2954_5,django__django__db__models__query__RelatedPopulator__2859_2954_5.py,96,1007
django__django__db__models__sql__compiler__as_sql__1802_1926_11,django__django__db__models__sql__compiler__as_sql__1802_1926_11.py,125,1029
django__django__db__models__sql__compiler__as_sql__763_988_8,django__django__db__models__sql__compiler__as_sql__763_988_8.py,226,1684
django__django__db__models__sql__compiler__get_group_by__96_197_4,django__django__db__models__sql__compiler__get_group_by__96_197_4.py,102,985
django__django__db__models__sql__compiler__get_qualify_sql__667_761_7,django__django__db__models__sql__compiler__get_qualify_sql__667_761_7.py,95,762
django__django__db__models__sql__compiler__get_related_selections__1181_1412_9,django__django__db__models__sql__compiler__get_related_selections__1181_1412_9.py,232,1641
django__django__db__models__sql__compiler__get_select_for_update_of_arguments__1414_1518_10,django__django__db__models__sql__compiler__get_select_for_update_of_arguments__1414_1518_10.py,105,774
django__django__db__models__sql__compiler__get_select__238_334_5,django__django__db__models__sql__compiler__get_select__238_334_5.py,97,734
django__django__db__models__sql__compiler__SQLCompiler__40_1686_1,django__django__db__models__sql__compiler__SQLCompiler__40_1686_1.py,1647,13029
django__django__db__models__sql__compiler__SQLInsertCompiler__1689_1973_2,django__django__db__models__sql__compiler__SQLInsertCompiler__1689_1973_2.py,285,2393
django__django__db__models__sql__compiler__SQLUpdateCompiler__2036_2234_3,django__django__db__models__sql__compiler__SQLUpdateCompiler__2036_2234_3.py,199,1644
django__django__db__models__sql__compiler___order_by_pairs__336_477_6,django__django__db__models__sql__compiler___order_by_pairs__336_477_6.py,142,1034
django__django__db__models__sql__datastructures__Join__27_176_1,django__django__db__models__sql__datastructures__Join__27_176_1.py,150,1109
django__django__db__models__sql__query__build_filter__1487_1647_5,django__django__db__models__sql__query__build_filter__1487_1647_5.py,161,1415
django__django__db__models__sql__query__combine__700_814_4,django__django__db__models__sql__query__combine__700_814_4.py,115,1194
django__django__db__models__sql__query__get_aggregation__457_649_3,django__django__db__models__sql__query__get_aggregation__457_649_3.py,193,1653
django__django__db__models__sql__query__JoinPromoter__2792_2881_2,django__django__db__models__sql__query__JoinPromoter__2792_2881_2.py,90,1047
django__django__db__models__sql__query__names_to_path__1764_1878_6,django__django__db__models__sql__query__names_to_path__1764_1878_6.py,115,1018
django__django__db__models__sql__query__Query__231_2775_1,django__django__db__models__sql__query__Query__231_2775_1.py,2545,21749
django__django__db__models__sql__query__setup_joins__1880_1995_7,django__django__db__models__sql__query__setup_joins__1880_1995_7.py,116,931
django__django__db__models__sql__subqueries__UpdateQuery__49_145_1,django__django__db__models__sql__subqueries__UpdateQuery__49_145_1.py,97,742
django__django__db__models__sql__where__WhereNode__21_321_1,django__django__db__models__sql__where__WhereNode__21_321_1.py,301,2262
django__django__db__transaction__Atomic__142_313_1,django__django__db__transaction__Atomic__142_313_1.py,172,1316
django__django__db__transaction____exit____224_313_2,django__django__db__transaction____exit____224_313_2.py,90,630
django__django__db__utils__ConnectionRouter__200_282_1,django__django__db__utils__ConnectionRouter__200_282_1.py,83,568
django__django__dispatch__dispatcher__Signal__68_536_1,django__django__dispatch__dispatcher__Signal__68_536_1.py,469,3322
django__django__forms__boundfield__BoundField__13_329_1,django__django__forms__boundfield__BoundField__13_329_1.py,317,2396
django__django__forms__fields__Field__83_272_1,django__django__forms__fields__Field__83_272_1.py,190,1476
django__django__forms__fields__MultiValueField__1061_1190_2,django__django__forms__fields__MultiValueField__1061_1190_2.py,130,1024
django__django__forms__fields____init____97_176_3,django__django__forms__fields____init____97_176_3.py,80,680
django__django__forms__formsets__BaseFormSet__52_531_1,django__django__forms__formsets__BaseFormSet__52_531_1.py,480,3531
django__django__forms__forms__BaseForm__52_429_1,django__django__forms__forms__BaseForm__52_429_1.py,378,2844
django__django__forms__models__BaseInlineFormSet__1110_1224_5,django__django__forms__models__BaseInlineFormSet__1110_1224_5.py,115,1044
django__django__forms__models__BaseModelFormSet__681_1036_4,django__django__forms__models__BaseModelFormSet__681_1036_4.py,356,2700
django__django__forms__models__BaseModelForm__347_582_2,django__django__forms__models__BaseModelForm__347_582_2.py,236,1732
django__django__forms__models__fields_for_model__141_257_1,django__django__forms__models__fields_for_model__141_257_1.py,117,846
django__django__forms__models__ModelChoiceField__1467_1610_6,django__django__forms__models__ModelChoiceField__1467_1610_6.py,144,1018
django__django__forms__models__modelform_factory__589_675_3,django__django__forms__models__modelform_factory__589_675_3.py,87,713
django__django__forms__models__ModelMultipleChoiceField__1613_1710_7,django__django__forms__models__ModelMultipleChoiceField__1613_1710_7.py,98,723
django__django__forms__models__validate_unique__824_921_8,django__django__forms__models__validate_unique__824_921_8.py,98,778
django__django__forms__widgets__ChoiceWidget__686_821_3,django__django__forms__widgets__ChoiceWidget__686_821_3.py,136,923
django__django__forms__widgets__Media__114_238_1,django__django__forms__widgets__Media__114_238_1.py,125,903
django__django__forms__widgets__MultiWidget__954_1058_4,django__django__forms__widgets__MultiWidget__954_1058_4.py,105,789
django__django__forms__widgets__SelectDateWidget__1116_1279_5,django__django__forms__widgets__SelectDateWidget__1116_1279_5.py,164,1425
django__django__forms__widgets__Widget__282_365_2,django__django__forms__widgets__Widget__282_365_2.py,84,628
django__django__http__multipartparser__BoundaryIter__579_672_3,django__django__http__multipartparser__BoundaryIter__579_672_3.py,94,645
django__django__http__multipartparser__LazyStream__417_533_2,django__django__http__multipartparser__LazyStream__417_533_2.py,117,808
django__django__http__multipartparser__MultiPartParser__48_414_1,django__django__http__multipartparser__MultiPartParser__48_414_1.py,367,2832
django__django__http__multipartparser___parse__133_366_4,django__django__http__multipartparser___parse__133_366_4.py,234,1733
django__django__http__request__HttpRequest__53_504_1,django__django__http__request__HttpRequest__53_504_1.py,452,3400
django__django__http__request__QueryDict__558_727_2,django__django__http__request__QueryDict__558_727_2.py,170,1273
django__django__http__response__FileResponse__550_629_3,django__django__http__response__FileResponse__550_629_3.py,80,659
django__django__http__response__HttpResponseBase__107_367_1,django__django__http__response__HttpResponseBase__107_367_1.py,261,2010
django__django__http__response__StreamingHttpResponse__443_547_2,django__django__http__response__StreamingHttpResponse__443_547_2.py,105,720
django__django__middleware__common__CommonMiddleware__13_117_1,django__django__middleware__common__CommonMiddleware__13_117_1.py,105,959
django__django__middleware__csrf__CsrfViewMiddleware__165_484_1,django__django__middleware__csrf__CsrfViewMiddleware__165_484_1.py,320,2736
django__django__tasks__base__Task__45_131_1,django__django__tasks__base__Task__45_131_1.py,87,599
django__django__templatetags__i18n__BlockTranslateNode__104_204_1,django__django__templatetags__i18n__BlockTranslateNode__104_204_1.py,101,741
django__django__templatetags__i18n__do_block_translate__458_596_3,django__django__templatetags__i18n__do_block_translate__458_596_3.py,139,947
django__django__templatetags__i18n__do_translate__360_453_2,django__django__templatetags__i18n__do_translate__360_453_2.py,94,639
django__django__template__base__FilterExpression__722_847_3,django__django__template__base__FilterExpression__722_847_3.py,126,943
django__django__template__base__Parser__501_682_2,django__django__template__base__Parser__501_682_2.py,182,1442
django__django__template__base__Template__141_291_1,django__django__template__base__Template__141_291_1.py,151,1008
django__django__template__base__Variable__850_1028_4,django__django__template__base__Variable__850_1028_4.py,179,1436
django__django__template__base___resolve_lookup__948_1028_5,django__django__template__base___resolve_lookup__948_1028_5.py,81,626
django__django__template__context__BaseContext__28_138_1,django__django__template__context__BaseContext__28_138_1.py,111,700
django__django__template__defaultfilters__floatformat__95_220_1,django__django__template__defaultfilters__floatformat__95_220_1.py,126,1117
django__django__template__defaulttags__cycle__612_701_2,django__django__template__defaulttags__cycle__612_701_2.py,90,810
django__django__template__defaulttags__do_for__808_906_3,django__django__template__defaulttags__do_for__808_906_3.py,99,771
django__django__template__defaulttags__do_if__933_1020_4,django__django__template__defaulttags__do_if__933_1020_4.py,88,689
django__django__template__defaulttags__ForNode__166_256_1,django__django__template__defaulttags__ForNode__166_256_1.py,91,724
django__django__template__engine__Engine__13_234_1,django__django__template__engine__Engine__13_234_1.py,222,1552
django__django__template__library__Library__17_313_1,django__django__template__library__Library__17_313_1.py,297,1793
django__django__template__library__simple_block_tag__167_254_2,django__django__template__library__simple_block_tag__167_254_2.py,88,526
django__django__template__response__SimpleTemplateResponse__10_144_1,django__django__template__response__SimpleTemplateResponse__10_144_1.py,135,991
django__django__urls__base__reverse__28_108_1,django__django__urls__base__reverse__28_108_1.py,81,530
django__django__urls__resolvers__URLResolver__503_842_1,django__django__urls__resolvers__URLResolver__503_842_1.py,340,2577
django__django__urls__resolvers___populate__545_627_2,django__django__urls__resolvers___populate__545_627_2.py,83,571
django__django__urls__resolvers___reverse_with_prefix__755_842_3,django__django__urls__resolvers___reverse_with_prefix__755_842_3.py,88,717
django__django__utils__autoreload__BaseReloader__291_393_1,django__django__utils__autoreload__BaseReloader__291_393_1.py,103,761
django__django__utils__autoreload__WatchmanReloader__443_650_2,django__django__utils__autoreload__WatchmanReloader__443_650_2.py,208,1786
django__django__utils__datastructures__MultiValueDict__49_219_1,django__django__utils__datastructures__MultiValueDict__49_219_1.py,171,1239
django__django__utils__dateformat__DateFormat__198_323_2,django__django__utils__dateformat__DateFormat__198_323_2.py,126,1046
django__django__utils__dateformat__TimeFormat__55_195_1,django__django__utils__dateformat__TimeFormat__55_195_1.py,141,1109
django__django__utils__deprecation__decorator__156_271_2,django__django__utils__deprecation__decorator__156_271_2.py,116,978
django__django__utils__deprecation__deprecate_posargs__101_273_1,django__django__utils__deprecation__deprecate_posargs__101_273_1.py,173,1510
django__django__utils__feedgenerator__Atom1Feed__419_520_2,django__django__utils__feedgenerator__Atom1Feed__419_520_2.py,102,898
django__django__utils__feedgenerator__SyndicationFeed__110_283_1,django__django__utils__feedgenerator__SyndicationFeed__110_283_1.py,174,1089
django__django__utils__functional__LazyObject__259_372_2,django__django__utils__functional__LazyObject__259_372_2.py,114,1002
django__django__utils__functional__lazy__77_197_1,django__django__utils__functional__lazy__77_197_1.py,121,872
django__django__utils__functional____proxy____85_170_3,django__django__utils__functional____proxy____85_170_3.py,86,570
django__django__utils__html__Urlizer__289_495_1,django__django__utils__html__Urlizer__289_495_1.py,207,1795
django__django__utils__regex_helper__normalize__42_193_1,django__django__utils__regex_helper__normalize__42_193_1.py,152,1324
django__django__utils__text__Truncator__185_267_1,django__django__utils__text__Truncator__185_267_1.py,83,622
django__django__utils__translation__template__templatize__39_246_1,django__django__utils__translation__template__templatize__39_246_1.py,208,1604
django__django__utils__translation__trans_real__DjangoTranslation__130_286_1,django__django__utils__translation__trans_real__DjangoTranslation__130_286_1.py,157,1235
django__django__views__debug__ExceptionReporter__315_609_2,django__django__views__debug__ExceptionReporter__315_609_2.py,295,2452
django__django__views__debug__get_traceback_data__349_429_3,django__django__views__debug__get_traceback_data__349_429_3.py,81,730
django__django__views__debug__SafeExceptionReporterFilter__112_312_1,django__django__views__debug__SafeExceptionReporterFilter__112_312_1.py,201,1625
django__django__views__generic__base__View__37_180_1,django__django__views__generic__base__View__37_180_1.py,144,1013
django__django__views__generic__dates__BaseDateListView__302_390_1,django__django__views__generic__dates__BaseDateListView__302_390_1.py,89,665
django__django__views__generic__dates___get_next_prev__728_815_2,django__django__views__generic__dates___get_next_prev__728_815_2.py,88,767
django__django__views__generic__detail__SingleObjectMixin__8_101_1,django__django__views__generic__detail__SingleObjectMixin__8_101_1.py,94,704
django__django__views__generic__list__MultipleObjectMixin__9_147_1,django__django__views__generic__list__MultipleObjectMixin__9_147_1.py,139,992
django__django__views__i18n__JavaScriptCatalog__98_231_1,django__django__views__i18n__JavaScriptCatalog__98_231_1.py,134,1077
matplotlib__lib__matplotlib__animation__AbstractMovieWriter__128_227_1,matplotlib__lib__matplotlib__animation__AbstractMovieWriter__128_227_1.py,100,812
matplotlib__lib__matplotlib__animation__Animation__852_1417_5,matplotlib__lib__matplotlib__animation__Animation__852_1417_5.py,566,5142
matplotlib__lib__matplotlib__animation__FileMovieWriter__375_475_3,matplotlib__lib__matplotlib__animation__FileMovieWriter__375_475_3.py,101,855
matplotlib__lib__matplotlib__animation__FuncAnimation__1566_1824_6,matplotlib__lib__matplotlib__animation__FuncAnimation__1566_1824_6.py,259,2280
matplotlib__lib__matplotlib__animation__HTMLWriter__744_849_4,matplotlib__lib__matplotlib__animation__HTMLWriter__744_849_4.py,106,911
matplotlib__lib__matplotlib__animation__MovieWriter__230_372_2,matplotlib__lib__matplotlib__animation__MovieWriter__230_372_2.py,143,1362
matplotlib__lib__matplotlib__animation__save__947_1142_7,matplotlib__lib__matplotlib__animation__save__947_1142_7.py,196,1898
matplotlib__lib__matplotlib__artist__ArtistInspector__1471_1770_2,matplotlib__lib__matplotlib__artist__ArtistInspector__1471_1770_2.py,300,2411
matplotlib__lib__matplotlib__artist__Artist__110_1456_1,matplotlib__lib__matplotlib__artist__Artist__110_1456_1.py,1347,9736
matplotlib__lib__matplotlib__artist__setp__1812_1893_3,matplotlib__lib__matplotlib__artist__setp__1812_1893_3.py,82,634
matplotlib__lib__matplotlib__axes___axes__Axes__88_9301_1,matplotlib__lib__matplotlib__axes___axes__Axes__88_9301_1.py,9214,84260
matplotlib__lib__matplotlib__axes___axes__axhline__748_828_5,matplotlib__lib__matplotlib__axes___axes__axhline__748_828_5.py,81,742
matplotlib__lib__matplotlib__axes___axes__axvline__831_911_6,matplotlib__lib__matplotlib__axes___axes__axvline__831_911_6.py,81,746
matplotlib__lib__matplotlib__axes___axes__barh__2654_2788_13,matplotlib__lib__matplotlib__axes___axes__barh__2654_2788_13.py,135,1294
matplotlib__lib__matplotlib__axes___axes__bar_label__2790_2968_14,matplotlib__lib__matplotlib__axes___axes__bar_label__2790_2968_14.py,179,1583
matplotlib__lib__matplotlib__axes___axes__bar__2310_2650_12,matplotlib__lib__matplotlib__axes___axes__bar__2310_2650_12.py,341,3184
matplotlib__lib__matplotlib__axes___axes__boxplot__4297_4632_21,matplotlib__lib__matplotlib__axes___axes__boxplot__4297_4632_21.py,336,3390
matplotlib__lib__matplotlib__axes___axes__broken_barh__2972_3051_15,matplotlib__lib__matplotlib__axes___axes__broken_barh__2972_3051_15.py,80,715
matplotlib__lib__matplotlib__axes___axes__bxp__4635_5008_22,matplotlib__lib__matplotlib__axes___axes__bxp__4635_5008_22.py,374,3722
matplotlib__lib__matplotlib__axes___axes__csd__8106_8204_37,matplotlib__lib__matplotlib__axes___axes__csd__8106_8204_37.py,99,831
matplotlib__lib__matplotlib__axes___axes__ecdf__7891_7989_35,matplotlib__lib__matplotlib__axes___axes__ecdf__7891_7989_35.py,99,964
matplotlib__lib__matplotlib__axes___axes__errorbar__3908_4292_20,matplotlib__lib__matplotlib__axes___axes__errorbar__3908_4292_20.py,385,3989
matplotlib__lib__matplotlib__axes___axes__eventplot__1302_1541_9,matplotlib__lib__matplotlib__axes___axes__eventplot__1302_1541_9.py,240,2264
matplotlib__lib__matplotlib__axes___axes__grouped_bar__3054_3367_16,matplotlib__lib__matplotlib__axes___axes__grouped_bar__3054_3367_16.py,314,2608
matplotlib__lib__matplotlib__axes___axes__hexbin__5466_5866_25,matplotlib__lib__matplotlib__axes___axes__hexbin__5466_5866_25.py,401,4006
matplotlib__lib__matplotlib__axes___axes__hist2d__7782_7887_34,matplotlib__lib__matplotlib__axes___axes__hist2d__7782_7887_34.py,106,876
matplotlib__lib__matplotlib__axes___axes__hist__7196_7680_32,matplotlib__lib__matplotlib__axes___axes__hist__7196_7680_32.py,485,4719
matplotlib__lib__matplotlib__axes___axes__hlines__1116_1203_7,matplotlib__lib__matplotlib__axes___axes__hlines__1116_1203_7.py,88,771
matplotlib__lib__matplotlib__axes___axes__imshow__6140_6384_27,matplotlib__lib__matplotlib__axes___axes__imshow__6140_6384_27.py,245,2461
matplotlib__lib__matplotlib__axes___axes__indicate_inset__432_512_4,matplotlib__lib__matplotlib__axes___axes__indicate_inset__432_512_4.py,81,695
matplotlib__lib__matplotlib__axes___axes__legend__234_354_3,matplotlib__lib__matplotlib__axes___axes__legend__234_354_3.py,121,886
matplotlib__lib__matplotlib__axes___axes__magnitude_spectrum__8209_8291_38,matplotlib__lib__matplotlib__axes___axes__magnitude_spectrum__8209_8291_38.py,83,593
matplotlib__lib__matplotlib__axes___axes__pcolorfast__6936_7134_31,matplotlib__lib__matplotlib__axes___axes__pcolorfast__6936_7134_31.py,199,1842
matplotlib__lib__matplotlib__axes___axes__pcolormesh__6700_6909_30,matplotlib__lib__matplotlib__axes___axes__pcolormesh__6700_6909_30.py,210,2289
matplotlib__lib__matplotlib__axes___axes__pcolor__6501_6696_29,matplotlib__lib__matplotlib__axes___axes__pcolor__6501_6696_29.py,196,1944
matplotlib__lib__matplotlib__axes___axes__pie_label__3772_3869_19,matplotlib__lib__matplotlib__axes___axes__pie_label__3772_3869_19.py,98,933
matplotlib__lib__matplotlib__axes___axes__pie__3533_3770_18,matplotlib__lib__matplotlib__axes___axes__pie__3533_3770_18.py,238,2114
matplotlib__lib__matplotlib__axes___axes__plot__1548_1799_10,matplotlib__lib__matplotlib__axes___axes__plot__1548_1799_10.py,252,2211
matplotlib__lib__matplotlib__axes___axes__psd__7994_8101_36,matplotlib__lib__matplotlib__axes___axes__psd__7994_8101_36.py,108,888
matplotlib__lib__matplotlib__axes___axes__scatter__5174_5461_24,matplotlib__lib__matplotlib__axes___axes__scatter__5174_5461_24.py,288,2707
matplotlib__lib__matplotlib__axes___axes__set_title__138_217_2,matplotlib__lib__matplotlib__axes___axes__set_title__138_217_2.py,80,641
matplotlib__lib__matplotlib__axes___axes__specgram__8501_8658_39,matplotlib__lib__matplotlib__axes___axes__specgram__8501_8658_39.py,158,1438
matplotlib__lib__matplotlib__axes___axes__spy__8662_8798_40,matplotlib__lib__matplotlib__axes___axes__spy__8662_8798_40.py,137,1221
matplotlib__lib__matplotlib__axes___axes__stairs__7683_7777_33,matplotlib__lib__matplotlib__axes___axes__stairs__7683_7777_33.py,95,749
matplotlib__lib__matplotlib__axes___axes__stem__3370_3529_17,matplotlib__lib__matplotlib__axes___axes__stem__3370_3529_17.py,160,1409
matplotlib__lib__matplotlib__axes___axes__violinplot__8853_8982_41,matplotlib__lib__matplotlib__axes___axes__violinplot__8853_8982_41.py,130,1206
matplotlib__lib__matplotlib__axes___axes__violin__8985_9275_42,matplotlib__lib__matplotlib__axes___axes__violin__8985_9275_42.py,291,2633
matplotlib__lib__matplotlib__axes___axes__vlines__1208_1295_8,matplotlib__lib__matplotlib__axes___axes__vlines__1208_1295_8.py,88,773
matplotlib__lib__matplotlib__axes___axes__xcorr__2025_2133_11,matplotlib__lib__matplotlib__axes___axes__xcorr__2025_2133_11.py,109,943
matplotlib__lib__matplotlib__axes___axes___fill_between_x_or_y__5998_6101_26,matplotlib__lib__matplotlib__axes___axes___fill_between_x_or_y__5998_6101_26.py,104,1048
matplotlib__lib__matplotlib__axes___axes___parse_scatter_color_args__5011_5166_23,matplotlib__lib__matplotlib__axes___axes___parse_scatter_color_args__5011_5166_23.py,156,1511
matplotlib__lib__matplotlib__axes___axes___pcolorargs__6386_6497_28,matplotlib__lib__matplotlib__axes___axes___pcolorargs__6386_6497_28.py,112,1217
matplotlib__lib__matplotlib__axes___base__apply_aspect__1927_2089_7,matplotlib__lib__matplotlib__axes___base__apply_aspect__1927_2089_7.py,163,1538
matplotlib__lib__matplotlib__axes___base__autoscale_view__2972_3098_10,matplotlib__lib__matplotlib__axes___base__autoscale_view__2972_3098_10.py,127,1348
matplotlib__lib__matplotlib__axes___base__axis__2091_2227_8,matplotlib__lib__matplotlib__axes___base__axis__2091_2227_8.py,137,1303
matplotlib__lib__matplotlib__axes___base__get_tightbbox__4555_4638_12,matplotlib__lib__matplotlib__axes___base__get_tightbbox__4555_4638_12.py,84,689
matplotlib__lib__matplotlib__axes___base__margins__2821_2901_9,matplotlib__lib__matplotlib__axes___base__margins__2821_2901_9.py,81,727
matplotlib__lib__matplotlib__axes___base__tick_params__3490_3572_11,matplotlib__lib__matplotlib__axes___base__tick_params__3490_3572_11.py,83,722
matplotlib__lib__matplotlib__axes___base___AxesBase__542_4875_3,matplotlib__lib__matplotlib__axes___base___AxesBase__542_4875_3.py,4334,36690
matplotlib__lib__matplotlib__axes___base___plot_args__395_538_4,matplotlib__lib__matplotlib__axes___base___plot_args__395_538_4.py,144,1331
matplotlib__lib__matplotlib__axes___base___process_plot_format__122_202_1,matplotlib__lib__matplotlib__axes___base___process_plot_format__122_202_1.py,81,676
matplotlib__lib__matplotlib__axes___base___process_plot_var_args__205_538_2,matplotlib__lib__matplotlib__axes___base___process_plot_var_args__205_538_2.py,334,3255
matplotlib__lib__matplotlib__axes___base____clear__1300_1430_6,matplotlib__lib__matplotlib__axes___base____clear__1300_1430_6.py,131,1146
matplotlib__lib__matplotlib__axes___base____init____601_768_5,matplotlib__lib__matplotlib__axes___base____init____601_768_5.py,168,1606
matplotlib__lib__matplotlib__axes___secondary_axes__SecondaryAxis__13_290_1,matplotlib__lib__matplotlib__axes___secondary_axes__SecondaryAxis__13_290_1.py,278,2356
matplotlib__lib__matplotlib__axis__Axis__573_2358_2,matplotlib__lib__matplotlib__axis__Axis__573_2358_2.py,1786,14558
matplotlib__lib__matplotlib__axis__set_ticklabels__2043_2169_6,matplotlib__lib__matplotlib__axis__set_ticklabels__2043_2169_6.py,127,1079
matplotlib__lib__matplotlib__axis__Tick__38_373_1,matplotlib__lib__matplotlib__axis__Tick__38_373_1.py,336,2848
matplotlib__lib__matplotlib__axis__XAxis__2391_2612_3,matplotlib__lib__matplotlib__axis__XAxis__2391_2612_3.py,222,1974
matplotlib__lib__matplotlib__axis__YAxis__2615_2841_4,matplotlib__lib__matplotlib__axis__YAxis__2615_2841_4.py,227,1958
matplotlib__lib__matplotlib__axis____init____60_195_5,matplotlib__lib__matplotlib__axis____init____60_195_5.py,136,1141
matplotlib__lib__matplotlib__backends__backend_agg__FigureCanvasAgg__363_540_2,matplotlib__lib__matplotlib__backends__backend_agg__FigureCanvasAgg__363_540_2.py,178,1504
matplotlib__lib__matplotlib__backends__backend_agg__RendererAgg__58_360_1,matplotlib__lib__matplotlib__backends__backend_agg__RendererAgg__58_360_1.py,303,2762
matplotlib__lib__matplotlib__backends__backend_cairo__FigureCanvasCairo__402_522_3,matplotlib__lib__matplotlib__backends__backend_cairo__FigureCanvasCairo__402_522_3.py,121,1159
matplotlib__lib__matplotlib__backends__backend_cairo__GraphicsContextCairo__312_393_2,matplotlib__lib__matplotlib__backends__backend_cairo__GraphicsContextCairo__312_393_2.py,82,614
matplotlib__lib__matplotlib__backends__backend_cairo__RendererCairo__82_309_1,matplotlib__lib__matplotlib__backends__backend_cairo__RendererCairo__82_309_1.py,228,1928
matplotlib__lib__matplotlib__backends__backend_gtk3__FigureCanvasGTK3__45_302_1,matplotlib__lib__matplotlib__backends__backend_gtk3__FigureCanvasGTK3__45_302_1.py,258,2266
matplotlib__lib__matplotlib__backends__backend_gtk3__HelpGTK3__488_570_3,matplotlib__lib__matplotlib__backends__backend_gtk3__HelpGTK3__488_570_3.py,83,595
matplotlib__lib__matplotlib__backends__backend_gtk3__NavigationToolbar2GTK3__305_401_2,matplotlib__lib__matplotlib__backends__backend_gtk3__NavigationToolbar2GTK3__305_401_2.py,97,837
matplotlib__lib__matplotlib__backends__backend_gtk4__FigureCanvasGTK4__39_329_1,matplotlib__lib__matplotlib__backends__backend_gtk4__FigureCanvasGTK4__39_329_1.py,291,2537
matplotlib__lib__matplotlib__backends__backend_gtk4__NavigationToolbar2GTK4__332_436_2,matplotlib__lib__matplotlib__backends__backend_gtk4__NavigationToolbar2GTK4__332_436_2.py,105,860
matplotlib__lib__matplotlib__backends__backend_gtk4__ToolbarGTK4__439_532_3,matplotlib__lib__matplotlib__backends__backend_gtk4__ToolbarGTK4__439_532_3.py,94,725
matplotlib__lib__matplotlib__backends__backend_macosx__FigureCanvasMac__24_113_1,matplotlib__lib__matplotlib__backends__backend_macosx__FigureCanvasMac__24_113_1.py,90,808
matplotlib__lib__matplotlib__backends__backend_nbagg__FigureManagerNbAgg__64_157_1,matplotlib__lib__matplotlib__backends__backend_nbagg__FigureManagerNbAgg__64_157_1.py,94,658
matplotlib__lib__matplotlib__backends__backend_pdf__draw_path_collection__2055_2165_9,matplotlib__lib__matplotlib__backends__backend_pdf__draw_path_collection__2055_2165_9.py,111,1140
matplotlib__lib__matplotlib__backends__backend_pdf__draw_text__2398_2493_11,matplotlib__lib__matplotlib__backends__backend_pdf__draw_text__2398_2493_11.py,96,1048
matplotlib__lib__matplotlib__backends__backend_pdf__draw_tex__2309_2391_10,matplotlib__lib__matplotlib__backends__backend_pdf__draw_tex__2309_2391_10.py,83,994
matplotlib__lib__matplotlib__backends__backend_pdf__embedTTFType3__1177_1281_12,matplotlib__lib__matplotlib__backends__backend_pdf__embedTTFType3__1177_1281_12.py,105,953
matplotlib__lib__matplotlib__backends__backend_pdf__embedTTFType42__1283_1426_13,matplotlib__lib__matplotlib__backends__backend_pdf__embedTTFType42__1283_1426_13.py,144,1326
matplotlib__lib__matplotlib__backends__backend_pdf__embedTTF__1160_1476_8,matplotlib__lib__matplotlib__backends__backend_pdf__embedTTF__1160_1476_8.py,317,2892
matplotlib__lib__matplotlib__backends__backend_pdf__GraphicsContextPdf__2511_2713_5,matplotlib__lib__matplotlib__backends__backend_pdf__GraphicsContextPdf__2511_2713_5.py,203,1650
matplotlib__lib__matplotlib__backends__backend_pdf__PdfFile__660_1969_3,matplotlib__lib__matplotlib__backends__backend_pdf__PdfFile__660_1969_3.py,1310,11761
matplotlib__lib__matplotlib__backends__backend_pdf__PdfPages__2716_2826_6,matplotlib__lib__matplotlib__backends__backend_pdf__PdfPages__2716_2826_6.py,111,875
matplotlib__lib__matplotlib__backends__backend_pdf__RendererPdf__1972_2508_4,matplotlib__lib__matplotlib__backends__backend_pdf__RendererPdf__1972_2508_4.py,537,5394
matplotlib__lib__matplotlib__backends__backend_pdf__Stream__521_611_2,matplotlib__lib__matplotlib__backends__backend_pdf__Stream__521_611_2.py,91,668
matplotlib__lib__matplotlib__backends__backend_pdf___create_pdf_info_dict__117_201_1,matplotlib__lib__matplotlib__backends__backend_pdf___create_pdf_info_dict__117_201_1.py,85,725
matplotlib__lib__matplotlib__backends__backend_pdf____init____663_764_7,matplotlib__lib__matplotlib__backends__backend_pdf____init____663_764_7.py,102,1021
matplotlib__lib__matplotlib__backends__backend_pgf__FigureCanvasPgf__749_874_3,matplotlib__lib__matplotlib__backends__backend_pgf__FigureCanvasPgf__749_874_3.py,126,1218
matplotlib__lib__matplotlib__backends__backend_pgf__LatexManager__198_347_1,matplotlib__lib__matplotlib__backends__backend_pgf__LatexManager__198_347_1.py,150,1408
matplotlib__lib__matplotlib__backends__backend_pgf__PdfPages__885_1010_4,matplotlib__lib__matplotlib__backends__backend_pgf__PdfPages__885_1010_4.py,126,1101
matplotlib__lib__matplotlib__backends__backend_pgf__RendererPgf__366_746_2,matplotlib__lib__matplotlib__backends__backend_pgf__RendererPgf__366_746_2.py,381,4169
matplotlib__lib__matplotlib__backends__backend_ps__FigureCanvasPS__952_1223_2,matplotlib__lib__matplotlib__backends__backend_ps__FigureCanvasPS__952_1223_2.py,272,2439
matplotlib__lib__matplotlib__backends__backend_ps__RendererPS__397_942_1,matplotlib__lib__matplotlib__backends__backend_ps__RendererPS__397_942_1.py,546,5019
matplotlib__lib__matplotlib__backends__backend_ps___print_figure_tex__1131_1216_4,matplotlib__lib__matplotlib__backends__backend_ps___print_figure_tex__1131_1216_4.py,86,727
matplotlib__lib__matplotlib__backends__backend_ps___print_figure__1002_1129_3,matplotlib__lib__matplotlib__backends__backend_ps___print_figure__1002_1129_3.py,128,1220
matplotlib__lib__matplotlib__backends__backend_qt__FigureCanvasQT__216_559_1,matplotlib__lib__matplotlib__backends__backend_qt__FigureCanvasQT__216_559_1.py,344,2967
matplotlib__lib__matplotlib__backends__backend_qt__FigureManagerQT__570_683_2,matplotlib__lib__matplotlib__backends__backend_qt__FigureManagerQT__570_683_2.py,114,774
matplotlib__lib__matplotlib__backends__backend_qt__NavigationToolbar2QT__800_977_4,matplotlib__lib__matplotlib__backends__backend_qt__NavigationToolbar2QT__800_977_4.py,178,1553
matplotlib__lib__matplotlib__backends__backend_qt__SubplotToolQt__980_1075_5,matplotlib__lib__matplotlib__backends__backend_qt__SubplotToolQt__980_1075_5.py,96,878
matplotlib__lib__matplotlib__backends__backend_qt___IconEngine__686_797_3,matplotlib__lib__matplotlib__backends__backend_qt___IconEngine__686_797_3.py,112,928
matplotlib__lib__matplotlib__backends__backend_svg__RendererSVG__293_1306_2,matplotlib__lib__matplotlib__backends__backend_svg__RendererSVG__293_1306_2.py,1014,8834
matplotlib__lib__matplotlib__backends__backend_svg__XMLWriter__107_252_1,matplotlib__lib__matplotlib__backends__backend_svg__XMLWriter__107_252_1.py,146,944
matplotlib__lib__matplotlib__backends__backend_svg___draw_gouraud_triangle__800_902_4,matplotlib__lib__matplotlib__backends__backend_svg___draw_gouraud_triangle__800_902_4.py,103,875
matplotlib__lib__matplotlib__backends__backend_svg___draw_text_as_text__1115_1271_5,matplotlib__lib__matplotlib__backends__backend_svg___draw_text_as_text__1115_1271_5.py,157,1447
matplotlib__lib__matplotlib__backends__backend_svg___write_metadata__354_475_3,matplotlib__lib__matplotlib__backends__backend_svg___write_metadata__354_475_3.py,122,1011
matplotlib__lib__matplotlib__backends__backend_webagg_core__FigureCanvasWebAggCore__155_399_1,matplotlib__lib__matplotlib__backends__backend_webagg_core__FigureCanvasWebAggCore__155_399_1.py,245,2164
matplotlib__lib__matplotlib__backends__backend_webagg_core__FigureManagerWebAgg__459_546_2,matplotlib__lib__matplotlib__backends__backend_webagg_core__FigureManagerWebAgg__459_546_2.py,88,625
matplotlib__lib__matplotlib__backends__backend_webagg__WebAggApplication__68_297_1,matplotlib__lib__matplotlib__backends__backend_webagg__WebAggApplication__68_297_1.py,230,1705
matplotlib__lib__matplotlib__backends__backend_wx__GraphicsContextWx__284_390_2,matplotlib__lib__matplotlib__backends__backend_wx__GraphicsContextWx__284_390_2.py,107,959
matplotlib__lib__matplotlib__backends__backend_wx__NavigationToolbar2Wx__1054_1192_4,matplotlib__lib__matplotlib__backends__backend_wx__NavigationToolbar2Wx__1054_1192_4.py,139,1353
matplotlib__lib__matplotlib__backends__backend_wx__RendererWx__77_281_1,matplotlib__lib__matplotlib__backends__backend_wx__RendererWx__77_281_1.py,205,1748
matplotlib__lib__matplotlib__backends__backend_wx__ToolbarWx__1197_1282_5,matplotlib__lib__matplotlib__backends__backend_wx__ToolbarWx__1197_1282_5.py,86,773
matplotlib__lib__matplotlib__backends__backend_wx___FigureCanvasWxBase__393_862_3,matplotlib__lib__matplotlib__backends__backend_wx___FigureCanvasWxBase__393_862_3.py,470,4420
matplotlib__lib__matplotlib__backends__qt_editor__figureoptions__apply_callback__183_265_2,matplotlib__lib__matplotlib__backends__qt_editor__figureoptions__apply_callback__183_265_2.py,83,680
matplotlib__lib__matplotlib__backends__qt_editor__figureoptions__figure_edit__30_271_1,matplotlib__lib__matplotlib__backends__qt_editor__figureoptions__figure_edit__30_271_1.py,242,2025
matplotlib__lib__matplotlib__backends__qt_editor___formlayout__FormWidget__211_357_1,matplotlib__lib__matplotlib__backends__qt_editor___formlayout__FormWidget__211_357_1.py,147,1192
matplotlib__lib__matplotlib__backends__registry__BackendRegistry__15_410_1,matplotlib__lib__matplotlib__backends__registry__BackendRegistry__15_410_1.py,396,3175
matplotlib__lib__matplotlib__backends___backend_gtk___FigureManagerGTK__121_265_1,matplotlib__lib__matplotlib__backends___backend_gtk___FigureManagerGTK__121_265_1.py,145,1133
matplotlib__lib__matplotlib__backends___backend_tk__FigureCanvasTk__190_488_1,matplotlib__lib__matplotlib__backends___backend_tk__FigureCanvasTk__190_488_1.py,299,2884
matplotlib__lib__matplotlib__backends___backend_tk__FigureManagerTk__491_647_2,matplotlib__lib__matplotlib__backends___backend_tk__FigureManagerTk__491_647_2.py,157,1389
matplotlib__lib__matplotlib__backends___backend_tk__NavigationToolbar2Tk__650_957_3,matplotlib__lib__matplotlib__backends___backend_tk__NavigationToolbar2Tk__650_957_3.py,308,2933
matplotlib__lib__matplotlib__backend_bases__FigureCanvasBase__1703_2466_5,matplotlib__lib__matplotlib__backend_bases__FigureCanvasBase__1703_2466_5.py,764,6187
matplotlib__lib__matplotlib__backend_bases__FigureManagerBase__2690_2900_7,matplotlib__lib__matplotlib__backend_bases__FigureManagerBase__2690_2900_7.py,211,1740
matplotlib__lib__matplotlib__backend_bases__GraphicsContextBase__695_1023_2,matplotlib__lib__matplotlib__backend_bases__GraphicsContextBase__695_1023_2.py,329,2438
matplotlib__lib__matplotlib__backend_bases__key_press_handler__2469_2607_6,matplotlib__lib__matplotlib__backend_bases__key_press_handler__2469_2607_6.py,139,1351
matplotlib__lib__matplotlib__backend_bases__MouseEvent__1317_1439_4,matplotlib__lib__matplotlib__backend_bases__MouseEvent__1317_1439_4.py,123,1130
matplotlib__lib__matplotlib__backend_bases__NavigationToolbar2__2915_3427_8,matplotlib__lib__matplotlib__backend_bases__NavigationToolbar2__2915_3427_8.py,513,4229
matplotlib__lib__matplotlib__backend_bases__print_figure__2141_2286_12,matplotlib__lib__matplotlib__backend_bases__print_figure__2141_2286_12.py,146,1382
matplotlib__lib__matplotlib__backend_bases__RendererBase__134_692_1,matplotlib__lib__matplotlib__backend_bases__RendererBase__134_692_1.py,559,4583
matplotlib__lib__matplotlib__backend_bases__TimerBase__1026_1169_3,matplotlib__lib__matplotlib__backend_bases__TimerBase__1026_1169_3.py,144,1201
matplotlib__lib__matplotlib__backend_bases__ToolContainerBase__3430_3630_9,matplotlib__lib__matplotlib__backend_bases__ToolContainerBase__3430_3630_9.py,201,1457
matplotlib__lib__matplotlib__backend_bases___Backend__3633_3734_10,matplotlib__lib__matplotlib__backend_bases___Backend__3633_3734_10.py,102,803
matplotlib__lib__matplotlib__backend_bases___iter_collection__346_428_11,matplotlib__lib__matplotlib__backend_bases___iter_collection__346_428_11.py,83,824
matplotlib__lib__matplotlib__backend_managers__ToolManager__32_387_1,matplotlib__lib__matplotlib__backend_managers__ToolManager__32_387_1.py,356,2338
matplotlib__lib__matplotlib__backend_tools__ToolBase__73_159_1,matplotlib__lib__matplotlib__backend_tools__ToolBase__73_159_1.py,87,635
matplotlib__lib__matplotlib__backend_tools__ToolToggleBase__162_246_2,matplotlib__lib__matplotlib__backend_tools__ToolToggleBase__162_246_2.py,85,556
matplotlib__lib__matplotlib__backend_tools__ToolViewsPositions__452_580_3,matplotlib__lib__matplotlib__backend_tools__ToolViewsPositions__452_580_3.py,129,884
matplotlib__lib__matplotlib__backend_tools__ToolZoom__701_819_4,matplotlib__lib__matplotlib__backend_tools__ToolZoom__701_819_4.py,119,1002
matplotlib__lib__matplotlib__bezier__BezierSegment__197_322_1,matplotlib__lib__matplotlib__bezier__BezierSegment__197_322_1.py,126,983
matplotlib__lib__matplotlib__category__StrCategoryConverter__26_116_1,matplotlib__lib__matplotlib__category__StrCategoryConverter__26_116_1.py,91,604
matplotlib__lib__matplotlib__cbook__boxplot_stats__1119_1317_3,matplotlib__lib__matplotlib__cbook__boxplot_stats__1119_1317_3.py,199,1716
matplotlib__lib__matplotlib__cbook__CallbackRegistry__202_397_1,matplotlib__lib__matplotlib__cbook__CallbackRegistry__202_397_1.py,196,1682
matplotlib__lib__matplotlib__cbook__Grouper__784_892_2,matplotlib__lib__matplotlib__cbook__Grouper__784_892_2.py,109,901
matplotlib__lib__matplotlib__cbook__violin_stats__1451_1579_4,matplotlib__lib__matplotlib__cbook__violin_stats__1451_1579_4.py,129,1191
matplotlib__lib__matplotlib__cm__ColormapRegistry__66_230_1,matplotlib__lib__matplotlib__cm__ColormapRegistry__66_230_1.py,165,1256
matplotlib__lib__matplotlib__collections__Collection__36_1074_1,matplotlib__lib__matplotlib__collections__Collection__36_1074_1.py,1039,9004
matplotlib__lib__matplotlib__collections__draw__358_506_11,matplotlib__lib__matplotlib__collections__draw__358_506_11.py,149,1419
matplotlib__lib__matplotlib__collections__EllipseCollection__2080_2185_6,matplotlib__lib__matplotlib__collections__EllipseCollection__2080_2185_6.py,106,1014
matplotlib__lib__matplotlib__collections__EventCollection__1877_2057_5,matplotlib__lib__matplotlib__collections__EventCollection__1877_2057_5.py,181,1494
matplotlib__lib__matplotlib__collections__FillBetweenPolyCollection__1373_1612_3,matplotlib__lib__matplotlib__collections__FillBetweenPolyCollection__1373_1612_3.py,240,2439
matplotlib__lib__matplotlib__collections__legend_elements__1151_1289_12,matplotlib__lib__matplotlib__collections__legend_elements__1151_1289_12.py,139,1384
matplotlib__lib__matplotlib__collections__LineCollection__1691_1874_4,matplotlib__lib__matplotlib__collections__LineCollection__1691_1874_4.py,184,1428
matplotlib__lib__matplotlib__collections__PathCollection__1124_1289_2,matplotlib__lib__matplotlib__collections__PathCollection__1124_1289_2.py,166,1563
matplotlib__lib__matplotlib__collections__PolyQuadMesh__2578_2686_9,matplotlib__lib__matplotlib__collections__PolyQuadMesh__2578_2686_9.py,109,1105
matplotlib__lib__matplotlib__collections__QuadMesh__2465_2575_8,matplotlib__lib__matplotlib__collections__QuadMesh__2465_2575_8.py,111,903
matplotlib__lib__matplotlib__collections___MeshData__2311_2462_7,matplotlib__lib__matplotlib__collections___MeshData__2311_2462_7.py,152,1470
matplotlib__lib__matplotlib__collections____init____79_215_10,matplotlib__lib__matplotlib__collections____init____79_215_10.py,137,1384
matplotlib__lib__matplotlib__colorbar__Colorbar__198_1334_1,matplotlib__lib__matplotlib__colorbar__Colorbar__198_1334_1.py,1137,10172
matplotlib__lib__matplotlib__colorbar__make_axes_gridspec__1477_1565_3,matplotlib__lib__matplotlib__colorbar__make_axes_gridspec__1477_1565_3.py,89,815
matplotlib__lib__matplotlib__colorbar__make_axes__1373_1473_2,matplotlib__lib__matplotlib__colorbar__make_axes__1373_1473_2.py,101,920
matplotlib__lib__matplotlib__colorbar___do_extends__639_731_5,matplotlib__lib__matplotlib__colorbar___do_extends__639_731_5.py,93,960
matplotlib__lib__matplotlib__colorbar____init____225_428_4,matplotlib__lib__matplotlib__colorbar____init____225_428_4.py,204,1720
matplotlib__lib__matplotlib__colorizer__Colorizer__38_313_1,matplotlib__lib__matplotlib__colorizer__Colorizer__38_313_1.py,276,2259
matplotlib__lib__matplotlib__colorizer___ColorizerInterface__316_514_2,matplotlib__lib__matplotlib__colorizer___ColorizerInterface__316_514_2.py,199,1700
matplotlib__lib__matplotlib__colorizer___ScalarMappable__517_629_3,matplotlib__lib__matplotlib__colorizer___ScalarMappable__517_629_3.py,113,971
matplotlib__lib__matplotlib__colors__BivarColormap__1675_2175_9,matplotlib__lib__matplotlib__colors__BivarColormap__1675_2175_9.py,501,4944
matplotlib__lib__matplotlib__colors__BoundaryNorm__3196_3321_16,matplotlib__lib__matplotlib__colors__BoundaryNorm__3196_3321_16.py,126,1306
matplotlib__lib__matplotlib__colors__CenteredNorm__2711_2826_13,matplotlib__lib__matplotlib__colors__CenteredNorm__2711_2826_13.py,116,1028
matplotlib__lib__matplotlib__colors__Colormap__705_1076_5,matplotlib__lib__matplotlib__colors__Colormap__705_1076_5.py,372,3465
matplotlib__lib__matplotlib__colors__ColorSequenceRegistry__99_205_1,matplotlib__lib__matplotlib__colors__ColorSequenceRegistry__99_205_1.py,107,845
matplotlib__lib__matplotlib__colors__hsv_to_rgb__3698_3777_18,matplotlib__lib__matplotlib__colors__hsv_to_rgb__3698_3777_18.py,80,572
matplotlib__lib__matplotlib__colors__LightSource__3790_4217_19,matplotlib__lib__matplotlib__colors__LightSource__3790_4217_19.py,428,4396
matplotlib__lib__matplotlib__colors__LinearSegmentedColormap__1079_1286_6,matplotlib__lib__matplotlib__colors__LinearSegmentedColormap__1079_1286_6.py,208,1994
matplotlib__lib__matplotlib__colors__ListedColormap__1289_1417_7,matplotlib__lib__matplotlib__colors__ListedColormap__1289_1417_7.py,129,1016
matplotlib__lib__matplotlib__colors__MultiNorm__3340_3631_17,matplotlib__lib__matplotlib__colors__MultiNorm__3340_3631_17.py,292,2349
matplotlib__lib__matplotlib__colors__MultivarColormap__1420_1672_8,matplotlib__lib__matplotlib__colors__MultivarColormap__1420_1672_8.py,253,2379
matplotlib__lib__matplotlib__colors__Normalize__2393_2613_11,matplotlib__lib__matplotlib__colors__Normalize__2393_2613_11.py,221,1689
matplotlib__lib__matplotlib__colors__Norm__2302_2390_10,matplotlib__lib__matplotlib__colors__Norm__2302_2390_10.py,89,530
matplotlib__lib__matplotlib__colors__PowerNorm__3108_3193_15,matplotlib__lib__matplotlib__colors__PowerNorm__3108_3193_15.py,86,722
matplotlib__lib__matplotlib__colors__to_rgba_array__440_545_3,matplotlib__lib__matplotlib__colors__to_rgba_array__440_545_3.py,106,1105
matplotlib__lib__matplotlib__colors__TwoSlopeNorm__2616_2708_12,matplotlib__lib__matplotlib__colors__TwoSlopeNorm__2616_2708_12.py,93,907
matplotlib__lib__matplotlib__colors___create_lookup_table__607_702_4,matplotlib__lib__matplotlib__colors___create_lookup_table__607_702_4.py,96,970
matplotlib__lib__matplotlib__colors___make_norm_from_scale__2879_2984_14,matplotlib__lib__matplotlib__colors___make_norm_from_scale__2879_2984_14.py,106,1082
matplotlib__lib__matplotlib__colors___to_rgba_no_colorcycle__355_437_2,matplotlib__lib__matplotlib__colors___to_rgba_no_colorcycle__355_437_2.py,83,930
matplotlib__lib__matplotlib__colors____call____1727_1822_20,matplotlib__lib__matplotlib__colors____call____1727_1822_20.py,96,1028
matplotlib__lib__matplotlib__contour__clabel__62_215_4,matplotlib__lib__matplotlib__contour__clabel__62_215_4.py,154,1405
matplotlib__lib__matplotlib__contour__ContourLabeler__59_505_1,matplotlib__lib__matplotlib__contour__ContourLabeler__59_505_1.py,447,4604
matplotlib__lib__matplotlib__contour__ContourSet__557_1279_2,matplotlib__lib__matplotlib__contour__ContourSet__557_1279_2.py,723,6526
matplotlib__lib__matplotlib__contour__QuadContourSet__1283_1459_3,matplotlib__lib__matplotlib__contour__QuadContourSet__1283_1459_3.py,177,1754
matplotlib__lib__matplotlib__contour___split_path_and_get_label_rotation__285_405_5,matplotlib__lib__matplotlib__contour___split_path_and_get_label_rotation__285_405_5.py,121,1385
matplotlib__lib__matplotlib__contour____init____600_787_6,matplotlib__lib__matplotlib__contour____init____600_787_6.py,188,1682
matplotlib__lib__matplotlib__dates__AutoDateFormatter__822_938_2,matplotlib__lib__matplotlib__dates__AutoDateFormatter__822_938_2.py,117,1091
matplotlib__lib__matplotlib__dates__AutoDateLocator__1214_1444_4,matplotlib__lib__matplotlib__dates__AutoDateLocator__1214_1444_4.py,231,2631
matplotlib__lib__matplotlib__dates__ConciseDateFormatter__597_819_1,matplotlib__lib__matplotlib__dates__ConciseDateFormatter__597_819_1.py,223,2156
matplotlib__lib__matplotlib__dates__format_ticks__731_813_5,matplotlib__lib__matplotlib__dates__format_ticks__731_813_5.py,83,857
matplotlib__lib__matplotlib__dates__get_locator__1346_1444_6,matplotlib__lib__matplotlib__dates__get_locator__1346_1444_6.py,99,1023
matplotlib__lib__matplotlib__dates__rrulewrapper__941_1059_3,matplotlib__lib__matplotlib__dates__rrulewrapper__941_1059_3.py,119,985
matplotlib__lib__matplotlib__dviread__DviFont__631_820_2,matplotlib__lib__matplotlib__dviread__DviFont__631_820_2.py,190,1797
matplotlib__lib__matplotlib__dviread__Dvi__219_628_1,matplotlib__lib__matplotlib__dviread__Dvi__219_628_1.py,410,4315
matplotlib__lib__matplotlib__dviread__PsfontsMap__1047_1220_4,matplotlib__lib__matplotlib__dviread__PsfontsMap__1047_1220_4.py,174,1714
matplotlib__lib__matplotlib__dviread__Vf__823_942_3,matplotlib__lib__matplotlib__dviread__Vf__823_942_3.py,120,1017
matplotlib__lib__matplotlib__dviread___parse_and_cache_line__1127_1220_5,matplotlib__lib__matplotlib__dviread___parse_and_cache_line__1127_1220_5.py,94,898
matplotlib__lib__matplotlib__figure__add_axes__539_649_4,matplotlib__lib__matplotlib__figure__add_axes__539_649_4.py,111,902
matplotlib__lib__matplotlib__figure__add_subplot__652_777_5,matplotlib__lib__matplotlib__figure__add_subplot__652_777_5.py,126,1247
matplotlib__lib__matplotlib__figure__colorbar__1202_1320_8,matplotlib__lib__matplotlib__figure__colorbar__1202_1320_8.py,119,1190
matplotlib__lib__matplotlib__figure__figimage__3029_3124_11,matplotlib__lib__matplotlib__figure__figimage__3029_3124_11.py,96,735
matplotlib__lib__matplotlib__figure__FigureBase__118_2219_1,matplotlib__lib__matplotlib__figure__FigureBase__118_2219_1.py,2102,17802
matplotlib__lib__matplotlib__figure__Figure__2431_3664_3,matplotlib__lib__matplotlib__figure__Figure__2431_3664_3.py,1234,10201
matplotlib__lib__matplotlib__figure__ginput__3510_3604_13,matplotlib__lib__matplotlib__figure__ginput__3510_3604_13.py,95,797
matplotlib__lib__matplotlib__figure__legend__1032_1149_7,matplotlib__lib__matplotlib__figure__legend__1032_1149_7.py,118,879
matplotlib__lib__matplotlib__figure__savefig__3353_3508_12,matplotlib__lib__matplotlib__figure__savefig__3353_3508_12.py,156,1517
matplotlib__lib__matplotlib__figure__SubFigure__2223_2427_2,matplotlib__lib__matplotlib__figure__SubFigure__2223_2427_2.py,205,1556
matplotlib__lib__matplotlib__figure__subplots__792_928_6,matplotlib__lib__matplotlib__figure__subplots__792_928_6.py,137,1326
matplotlib__lib__matplotlib__figure__subplot_mosaic__1906_2213_9,matplotlib__lib__matplotlib__figure__subplot_mosaic__1906_2213_9.py,308,2739
matplotlib__lib__matplotlib__figure___do_layout__2101_2194_14,matplotlib__lib__matplotlib__figure___do_layout__2101_2194_14.py,94,829
matplotlib__lib__matplotlib__figure____init____2470_2660_10,matplotlib__lib__matplotlib__figure____init____2470_2660_10.py,191,1694
matplotlib__lib__matplotlib__font_manager__FontManager__1040_1541_3,matplotlib__lib__matplotlib__font_manager__FontManager__1040_1541_3.py,502,4232
matplotlib__lib__matplotlib__font_manager__FontProperties__592_967_2,matplotlib__lib__matplotlib__font_manager__FontProperties__592_967_2.py,376,3073
matplotlib__lib__matplotlib__font_manager__ttfFontProperty__344_468_1,matplotlib__lib__matplotlib__font_manager__ttfFontProperty__344_468_1.py,125,1215
matplotlib__lib__matplotlib__font_manager___findfont_cached__1454_1541_5,matplotlib__lib__matplotlib__font_manager___findfont_cached__1454_1541_5.py,88,817
matplotlib__lib__matplotlib__font_manager___find_fonts_by_props__1363_1451_4,matplotlib__lib__matplotlib__font_manager___find_fonts_by_props__1363_1451_4.py,89,680
matplotlib__lib__matplotlib__gridspec__GridSpecBase__27_301_1,matplotlib__lib__matplotlib__gridspec__GridSpecBase__27_301_1.py,275,2535
matplotlib__lib__matplotlib__gridspec__GridSpec__304_468_2,matplotlib__lib__matplotlib__gridspec__GridSpec__304_468_2.py,165,1429
matplotlib__lib__matplotlib__gridspec__SubplotSpec__531_738_3,matplotlib__lib__matplotlib__gridspec__SubplotSpec__531_738_3.py,208,1692
matplotlib__lib__matplotlib__image__AxesImage__827_1012_2,matplotlib__lib__matplotlib__image__AxesImage__827_1012_2.py,186,1805
matplotlib__lib__matplotlib__image__BboxImage__1389_1491_5,matplotlib__lib__matplotlib__image__BboxImage__1389_1491_5.py,103,962
matplotlib__lib__matplotlib__image__imsave__1572_1701_6,matplotlib__lib__matplotlib__image__imsave__1572_1701_6.py,130,1469
matplotlib__lib__matplotlib__image__NonUniformImage__1015_1185_3,matplotlib__lib__matplotlib__image__NonUniformImage__1015_1185_3.py,171,1757
matplotlib__lib__matplotlib__image__PcolorImage__1188_1320_4,matplotlib__lib__matplotlib__image__PcolorImage__1188_1320_4.py,133,1351
matplotlib__lib__matplotlib__image___ImageBase__233_824_1,matplotlib__lib__matplotlib__image___ImageBase__233_824_1.py,592,5486
matplotlib__lib__matplotlib__image___make_image__337_563_7,matplotlib__lib__matplotlib__image___make_image__337_563_7.py,227,2514
matplotlib__lib__matplotlib__inset__InsetIndicator__14_290_1,matplotlib__lib__matplotlib__inset__InsetIndicator__14_290_1.py,277,2350
matplotlib__lib__matplotlib__layout_engine__ConstrainedLayoutEngine__216_309_1,matplotlib__lib__matplotlib__layout_engine__ConstrainedLayoutEngine__216_309_1.py,94,907
matplotlib__lib__matplotlib__legend_handler__create_artists__543_625_4,matplotlib__lib__matplotlib__legend_handler__create_artists__543_625_4.py,83,752
matplotlib__lib__matplotlib__legend_handler__HandlerBase__46_163_1,matplotlib__lib__matplotlib__legend_handler__HandlerBase__46_163_1.py,118,959
matplotlib__lib__matplotlib__legend_handler__HandlerErrorbar__521_625_2,matplotlib__lib__matplotlib__legend_handler__HandlerErrorbar__521_625_2.py,105,931
matplotlib__lib__matplotlib__legend_handler__HandlerStem__628_716_3,matplotlib__lib__matplotlib__legend_handler__HandlerStem__628_716_3.py,89,769
matplotlib__lib__matplotlib__legend__Legend__353_1248_1,matplotlib__lib__matplotlib__legend__Legend__353_1248_1.py,896,7454
matplotlib__lib__matplotlib__legend___init_legend_box__860_958_4,matplotlib__lib__matplotlib__legend___init_legend_box__860_958_4.py,99,951
matplotlib__lib__matplotlib__legend___parse_legend_args__1299_1392_2,matplotlib__lib__matplotlib__legend___parse_legend_args__1299_1392_2.py,94,773
matplotlib__lib__matplotlib__legend____init____366_642_3,matplotlib__lib__matplotlib__legend____init____366_642_3.py,277,2503
matplotlib__lib__matplotlib__lines__AxLine__1479_1637_3,matplotlib__lib__matplotlib__lines__AxLine__1479_1637_3.py,159,1357
matplotlib__lib__matplotlib__lines__draw__747_890_5,matplotlib__lib__matplotlib__lines__draw__747_890_5.py,144,1273
matplotlib__lib__matplotlib__lines__Line2D__243_1476_2,matplotlib__lib__matplotlib__lines__Line2D__243_1476_2.py,1234,9363
matplotlib__lib__matplotlib__lines___mark_every_path__135_227_1,matplotlib__lib__matplotlib__lines___mark_every_path__135_227_1.py,93,998
matplotlib__lib__matplotlib__lines____init____301_428_4,matplotlib__lib__matplotlib__lines____init____301_428_4.py,128,1090
matplotlib__lib__matplotlib__markers__MarkerStyle__150_907_1,matplotlib__lib__matplotlib__markers__MarkerStyle__150_907_1.py,758,7311
matplotlib__lib__matplotlib__mlab__GaussianKDE__788_931_3,matplotlib__lib__matplotlib__mlab__GaussianKDE__788_931_3.py,144,1179
matplotlib__lib__matplotlib__mlab__specgram__656_735_2,matplotlib__lib__matplotlib__mlab__specgram__656_735_2.py,80,647
matplotlib__lib__matplotlib__mlab___spectral_helper__223_391_1,matplotlib__lib__matplotlib__mlab___spectral_helper__223_391_1.py,169,1616
matplotlib__lib__matplotlib__offsetbox__AnchoredOffsetbox__907_1099_5,matplotlib__lib__matplotlib__offsetbox__AnchoredOffsetbox__907_1099_5.py,193,1553
matplotlib__lib__matplotlib__offsetbox__AnnotationBbox__1290_1530_7,matplotlib__lib__matplotlib__offsetbox__AnnotationBbox__1290_1530_7.py,241,2085
matplotlib__lib__matplotlib__offsetbox__DraggableBase__1533_1648_8,matplotlib__lib__matplotlib__offsetbox__DraggableBase__1533_1648_8.py,116,826
matplotlib__lib__matplotlib__offsetbox__DrawingArea__597_706_3,matplotlib__lib__matplotlib__offsetbox__DrawingArea__597_706_3.py,110,776
matplotlib__lib__matplotlib__offsetbox__OffsetBox__202_385_1,matplotlib__lib__matplotlib__offsetbox__OffsetBox__202_385_1.py,184,1185
matplotlib__lib__matplotlib__offsetbox__OffsetImage__1157_1287_6,matplotlib__lib__matplotlib__offsetbox__OffsetImage__1157_1287_6.py,131,1047
matplotlib__lib__matplotlib__offsetbox__PaddedBox__509_594_2,matplotlib__lib__matplotlib__offsetbox__PaddedBox__509_594_2.py,86,635
matplotlib__lib__matplotlib__offsetbox__TextArea__709_824_4,matplotlib__lib__matplotlib__offsetbox__TextArea__709_824_4.py,116,859
matplotlib__lib__matplotlib__offsetbox____init____1305_1410_9,matplotlib__lib__matplotlib__offsetbox____init____1305_1410_9.py,106,1021
matplotlib__lib__matplotlib__patches__Annulus__1877_2061_9,matplotlib__lib__matplotlib__patches__Annulus__1877_2061_9.py,185,1250
matplotlib__lib__matplotlib__patches__Arc__2106_2349_10,matplotlib__lib__matplotlib__patches__Arc__2106_2349_10.py,244,2410
matplotlib__lib__matplotlib__patches__Arc__3088_3181_19,matplotlib__lib__matplotlib__patches__Arc__3088_3181_19.py,94,738
matplotlib__lib__matplotlib__patches__ArrowStyle__3269_3986_14,matplotlib__lib__matplotlib__patches__ArrowStyle__3269_3986_14.py,718,6617
matplotlib__lib__matplotlib__patches__Arrow__1415_1495_6,matplotlib__lib__matplotlib__patches__Arrow__1415_1495_6.py,81,637
matplotlib__lib__matplotlib__patches__BoxStyle__2482_2843_12,matplotlib__lib__matplotlib__patches__BoxStyle__2482_2843_12.py,362,3459
matplotlib__lib__matplotlib__patches__ConnectionPatch__4618_4861_17,matplotlib__lib__matplotlib__patches__ConnectionPatch__4618_4861_17.py,244,2200
matplotlib__lib__matplotlib__patches__ConnectionStyle__2847_3253_13,matplotlib__lib__matplotlib__patches__ConnectionStyle__2847_3253_13.py,407,3238
matplotlib__lib__matplotlib__patches__draw__2169_2309_18,matplotlib__lib__matplotlib__patches__draw__2169_2309_18.py,141,1404
matplotlib__lib__matplotlib__patches__Ellipse__1697_1874_8,matplotlib__lib__matplotlib__patches__Ellipse__1697_1874_8.py,178,1174
matplotlib__lib__matplotlib__patches__FancyArrowPatch__4236_4615_16,matplotlib__lib__matplotlib__patches__FancyArrowPatch__4236_4615_16.py,380,3007
matplotlib__lib__matplotlib__patches__FancyArrow__1498_1664_7,matplotlib__lib__matplotlib__patches__FancyArrow__1498_1664_7.py,167,1369
matplotlib__lib__matplotlib__patches__FancyBboxPatch__3989_4233_15,matplotlib__lib__matplotlib__patches__FancyBboxPatch__3989_4233_15.py,245,1575
matplotlib__lib__matplotlib__patches__Fancy__3857_3942_21,matplotlib__lib__matplotlib__patches__Fancy__3857_3942_21.py,86,846
matplotlib__lib__matplotlib__patches__Patch__35_759_1,matplotlib__lib__matplotlib__patches__Patch__35_759_1.py,725,5360
matplotlib__lib__matplotlib__patches__Polygon__1229_1325_4,matplotlib__lib__matplotlib__patches__Polygon__1229_1325_4.py,97,683
matplotlib__lib__matplotlib__patches__Rectangle__822_1040_2,matplotlib__lib__matplotlib__patches__Rectangle__822_1040_2.py,219,1748
matplotlib__lib__matplotlib__patches__StepPatch__1120_1226_3,matplotlib__lib__matplotlib__patches__StepPatch__1120_1226_3.py,107,1000
matplotlib__lib__matplotlib__patches__transmute__3531_3614_24,matplotlib__lib__matplotlib__patches__transmute__3531_3614_24.py,84,801
matplotlib__lib__matplotlib__patches__Wedge__1328_1411_5,matplotlib__lib__matplotlib__patches__Wedge__1328_1411_5.py,84,724
matplotlib__lib__matplotlib__patches___Curve__3389_3614_20,matplotlib__lib__matplotlib__patches___Curve__3389_3614_20.py,226,2100
matplotlib__lib__matplotlib__patches___Style__2388_2470_11,matplotlib__lib__matplotlib__patches___Style__2388_2470_11.py,83,802
matplotlib__lib__matplotlib__patches____init____4258_4397_22,matplotlib__lib__matplotlib__patches____init____4258_4397_22.py,140,1278
matplotlib__lib__matplotlib__patches____init____4626_4727_23,matplotlib__lib__matplotlib__patches____init____4626_4727_23.py,102,947
matplotlib__lib__matplotlib__patheffects__draw_path__425_508_3,matplotlib__lib__matplotlib__patheffects__draw_path__425_508_3.py,84,779
matplotlib__lib__matplotlib__patheffects__PathEffectRenderer__71_151_1,matplotlib__lib__matplotlib__patheffects__PathEffectRenderer__71_151_1.py,81,733
matplotlib__lib__matplotlib__patheffects__TickedStroke__374_508_2,matplotlib__lib__matplotlib__patheffects__TickedStroke__374_508_2.py,135,1235
matplotlib__lib__matplotlib__path__Path__24_1092_1,matplotlib__lib__matplotlib__path__Path__24_1092_1.py,1069,9627
matplotlib__lib__matplotlib__projections__geo__GeoAxes__15_229_1,matplotlib__lib__matplotlib__projections__geo__GeoAxes__15_229_1.py,215,1812
matplotlib__lib__matplotlib__projections__geo__LambertAxes__416_511_2,matplotlib__lib__matplotlib__projections__geo__LambertAxes__416_511_2.py,96,774
matplotlib__lib__matplotlib__projections__polar__PolarAxes__768_1499_4,matplotlib__lib__matplotlib__projections__polar__PolarAxes__768_1499_4.py,732,6111
matplotlib__lib__matplotlib__projections__polar__PolarTransform__18_128_1,matplotlib__lib__matplotlib__projections__polar__PolarTransform__18_128_1.py,111,1051
matplotlib__lib__matplotlib__projections__polar__RadialTick__517_665_3,matplotlib__lib__matplotlib__projections__polar__RadialTick__517_665_3.py,149,1322
matplotlib__lib__matplotlib__projections__polar__ThetaTick__286_375_2,matplotlib__lib__matplotlib__projections__polar__ThetaTick__286_375_2.py,90,873
matplotlib__lib__matplotlib__projections__polar___set_lim_and_transforms__821_918_5,matplotlib__lib__matplotlib__projections__polar___set_lim_and_transforms__821_918_5.py,98,986
matplotlib__lib__matplotlib__pyplot__axes__1342_1428_3,matplotlib__lib__matplotlib__pyplot__axes__1342_1428_3.py,87,664
matplotlib__lib__matplotlib__pyplot__figure__900_1120_2,matplotlib__lib__matplotlib__pyplot__figure__900_1120_2.py,221,2066
matplotlib__lib__matplotlib__pyplot__subplots__1704_1864_5,matplotlib__lib__matplotlib__pyplot__subplots__1704_1864_5.py,161,1564
matplotlib__lib__matplotlib__pyplot__subplot_mosaic__1915_2041_6,matplotlib__lib__matplotlib__pyplot__subplot_mosaic__1915_2041_6.py,127,1232
matplotlib__lib__matplotlib__pyplot__subplot__1473_1650_4,matplotlib__lib__matplotlib__pyplot__subplot__1473_1650_4.py,178,1663
matplotlib__lib__matplotlib__pyplot__switch_backend__393_544_1,matplotlib__lib__matplotlib__pyplot__switch_backend__393_544_1.py,152,1440
matplotlib__lib__matplotlib__pyplot__xticks__2284_2367_7,matplotlib__lib__matplotlib__pyplot__xticks__2284_2367_7.py,84,731
matplotlib__lib__matplotlib__pyplot__yticks__2370_2452_8,matplotlib__lib__matplotlib__pyplot__yticks__2370_2452_8.py,83,731
matplotlib__lib__matplotlib__quiver__Barbs__912_1225_3,matplotlib__lib__matplotlib__quiver__Barbs__912_1225_3.py,314,2983
matplotlib__lib__matplotlib__quiver__QuiverKey__277_428_1,matplotlib__lib__matplotlib__quiver__QuiverKey__277_428_1.py,152,1517
matplotlib__lib__matplotlib__quiver__Quiver__489_769_2,matplotlib__lib__matplotlib__quiver__Quiver__489_769_2.py,281,2969
matplotlib__lib__matplotlib__quiver___make_barbs__1020_1162_4,matplotlib__lib__matplotlib__quiver___make_barbs__1020_1162_4.py,143,1350
matplotlib__lib__matplotlib__rcsetup__cycler__732_814_1,matplotlib__lib__matplotlib__rcsetup__cycler__732_814_1.py,83,669
matplotlib__lib__matplotlib__sankey__add__351_776_3,matplotlib__lib__matplotlib__sankey__add__351_776_3.py,426,4480
matplotlib__lib__matplotlib__sankey__Sankey__30_814_1,matplotlib__lib__matplotlib__sankey__Sankey__30_814_1.py,785,7879
matplotlib__lib__matplotlib__sankey____init____42_167_2,matplotlib__lib__matplotlib__sankey____init____42_167_2.py,126,1048
matplotlib__lib__matplotlib__scale__AsinhScale__618_708_1,matplotlib__lib__matplotlib__scale__AsinhScale__618_708_1.py,91,811
matplotlib__lib__matplotlib__sphinxext__figmpl_directive__visit_figmpl_html__170_252_1,matplotlib__lib__matplotlib__sphinxext__figmpl_directive__visit_figmpl_html__170_252_1.py,83,824
matplotlib__lib__matplotlib__sphinxext__plot_directive__render_figures__664_781_1,matplotlib__lib__matplotlib__sphinxext__plot_directive__render_figures__664_781_1.py,118,880
matplotlib__lib__matplotlib__sphinxext__plot_directive__run__784_1010_2,matplotlib__lib__matplotlib__sphinxext__plot_directive__run__784_1010_2.py,227,1886
matplotlib__lib__matplotlib__spines__Spine__14_501_1,matplotlib__lib__matplotlib__spines__Spine__14_501_1.py,488,4117
matplotlib__lib__matplotlib__streamplot__streamplot__18_293_1,matplotlib__lib__matplotlib__streamplot__streamplot__18_293_1.py,276,2632
matplotlib__lib__matplotlib__streamplot___integrate_rk12__566_662_2,matplotlib__lib__matplotlib__streamplot___integrate_rk12__566_662_2.py,97,926
matplotlib__lib__matplotlib__style____init____use__46_144_1,matplotlib__lib__matplotlib__style____init____use__46_144_1.py,99,845
matplotlib__lib__matplotlib__table__Cell__39_233_1,matplotlib__lib__matplotlib__table__Cell__39_233_1.py,195,1509
matplotlib__lib__matplotlib__table__Table__239_654_2,matplotlib__lib__matplotlib__table__Table__239_654_2.py,416,3160
matplotlib__lib__matplotlib__table__table__658_859_3,matplotlib__lib__matplotlib__table__table__658_859_3.py,202,1633
matplotlib__lib__matplotlib__testing__compare__compare_images__409_505_1,matplotlib__lib__matplotlib__testing__compare__compare_images__409_505_1.py,97,748
matplotlib__lib__matplotlib__testing__decorators__check_figures_equal__350_454_3,matplotlib__lib__matplotlib__testing__decorators__check_figures_equal__350_454_3.py,105,894
matplotlib__lib__matplotlib__testing__decorators__image_comparison__260_347_2,matplotlib__lib__matplotlib__testing__decorators__image_comparison__260_347_2.py,88,805
matplotlib__lib__matplotlib__testing__decorators___pytest_image_comparison__177_257_1,matplotlib__lib__matplotlib__testing__decorators___pytest_image_comparison__177_257_1.py,81,669
matplotlib__lib__matplotlib__testing__jpl_units__Epoch__Epoch__12_211_1,matplotlib__lib__matplotlib__testing__jpl_units__Epoch__Epoch__12_211_1.py,200,1462
matplotlib__lib__matplotlib__testing__jpl_units__UnitDbl__UnitDbl__9_180_1,matplotlib__lib__matplotlib__testing__jpl_units__UnitDbl__UnitDbl__9_180_1.py,172,1424
matplotlib__lib__matplotlib__texmanager__TexManager__55_374_1,matplotlib__lib__matplotlib__texmanager__TexManager__55_374_1.py,320,3272
matplotlib__lib__matplotlib__textpath__TextPath__269_373_2,matplotlib__lib__matplotlib__textpath__TextPath__269_373_2.py,105,755
matplotlib__lib__matplotlib__textpath__TextToPath__20_263_1,matplotlib__lib__matplotlib__textpath__TextToPath__20_263_1.py,244,1944
matplotlib__lib__matplotlib__text__Annotation__1743_2144_3,matplotlib__lib__matplotlib__text__Annotation__1743_2144_3.py,402,3449
matplotlib__lib__matplotlib__text__Text__167_1495_1,matplotlib__lib__matplotlib__text__Text__167_1495_1.py,1329,9909
matplotlib__lib__matplotlib__text___AnnotationBase__1572_1740_2,matplotlib__lib__matplotlib__text___AnnotationBase__1572_1740_2.py,169,1308
matplotlib__lib__matplotlib__text___get_layout__432_587_4,matplotlib__lib__matplotlib__text___get_layout__432_587_4.py,156,1307
matplotlib__lib__matplotlib__text____init____1761_1969_5,matplotlib__lib__matplotlib__text____init____1761_1969_5.py,209,1816
matplotlib__lib__matplotlib__ticker__AsinhLocator__2727_2816_10,matplotlib__lib__matplotlib__ticker__AsinhLocator__2727_2816_10.py,90,896
matplotlib__lib__matplotlib__ticker__EngFormatter__1341_1541_4,matplotlib__lib__matplotlib__ticker__EngFormatter__1341_1541_4.py,201,1874
matplotlib__lib__matplotlib__ticker__Locator__1654_1741_6,matplotlib__lib__matplotlib__ticker__Locator__1654_1741_6.py,88,738
matplotlib__lib__matplotlib__ticker__LogFormatter__848_1064_2,matplotlib__lib__matplotlib__ticker__LogFormatter__848_1064_2.py,217,1969
matplotlib__lib__matplotlib__ticker__LogitFormatter__1145_1338_3,matplotlib__lib__matplotlib__ticker__LogitFormatter__1145_1338_3.py,194,1610
matplotlib__lib__matplotlib__ticker__LogitLocator__2819_2962_11,matplotlib__lib__matplotlib__ticker__LogitLocator__2819_2962_11.py,144,1318
matplotlib__lib__matplotlib__ticker__LogLocator__2336_2570_8,matplotlib__lib__matplotlib__ticker__LogLocator__2336_2570_8.py,235,2601
matplotlib__lib__matplotlib__ticker__MaxNLocator__2048_2266_7,matplotlib__lib__matplotlib__ticker__MaxNLocator__2048_2266_7.py,219,2192
matplotlib__lib__matplotlib__ticker__PercentFormatter__1544_1651_5,matplotlib__lib__matplotlib__ticker__PercentFormatter__1544_1651_5.py,108,990
matplotlib__lib__matplotlib__ticker__ScalarFormatter__397_845_1,matplotlib__lib__matplotlib__ticker__ScalarFormatter__397_845_1.py,449,4059
matplotlib__lib__matplotlib__ticker__SymmetricalLogLocator__2573_2724_9,matplotlib__lib__matplotlib__ticker__SymmetricalLogLocator__2573_2724_9.py,152,1290
matplotlib__lib__matplotlib__ticker__tick_values__2417_2536_12,matplotlib__lib__matplotlib__ticker__tick_values__2417_2536_12.py,120,1498
matplotlib__lib__matplotlib__ticker__tick_values__2625_2709_13,matplotlib__lib__matplotlib__ticker__tick_values__2625_2709_13.py,85,725
matplotlib__lib__matplotlib__transforms__Affine2D__1933_2152_6,matplotlib__lib__matplotlib__transforms__Affine2D__1933_2152_6.py,220,1849
matplotlib__lib__matplotlib__transforms__BboxBase__207_686_2,matplotlib__lib__matplotlib__transforms__BboxBase__207_686_2.py,480,4132
matplotlib__lib__matplotlib__transforms__Bbox__692_1121_3,matplotlib__lib__matplotlib__transforms__Bbox__692_1121_3.py,430,3818
matplotlib__lib__matplotlib__transforms__BlendedGenericTransform__2223_2313_7,matplotlib__lib__matplotlib__transforms__BlendedGenericTransform__2223_2313_7.py,91,798
matplotlib__lib__matplotlib__transforms__CompositeGenericTransform__2383_2494_8,matplotlib__lib__matplotlib__transforms__CompositeGenericTransform__2383_2494_8.py,112,941
matplotlib__lib__matplotlib__transforms__LockableBbox__1199_1317_4,matplotlib__lib__matplotlib__transforms__LockableBbox__1199_1317_4.py,119,868
matplotlib__lib__matplotlib__transforms__TransformNode__82_204_1,matplotlib__lib__matplotlib__transforms__TransformNode__82_204_1.py,123,1106
matplotlib__lib__matplotlib__transforms__Transform__1320_1734_5,matplotlib__lib__matplotlib__transforms__Transform__1320_1734_5.py,415,3350
matplotlib__lib__matplotlib__tri___triangulation__Triangulation__8_247_1,matplotlib__lib__matplotlib__tri___triangulation__Triangulation__8_247_1.py,240,2199
matplotlib__lib__matplotlib__tri___triinterpolate__CubicTriInterpolator__286_573_2,matplotlib__lib__matplotlib__tri___triinterpolate__CubicTriInterpolator__286_573_2.py,288,3087
matplotlib__lib__matplotlib__tri___triinterpolate__TriInterpolator__15_229_1,matplotlib__lib__matplotlib__tri___triinterpolate__TriInterpolator__15_229_1.py,215,1966
matplotlib__lib__matplotlib__tri___triinterpolate___DOF_estimator_geom__1071_1153_4,matplotlib__lib__matplotlib__tri___triinterpolate___DOF_estimator_geom__1071_1153_4.py,83,1084
matplotlib__lib__matplotlib__tri___triinterpolate___interpolate_multikeys__102_207_5,matplotlib__lib__matplotlib__tri___triinterpolate___interpolate_multikeys__102_207_5.py,106,1065
matplotlib__lib__matplotlib__tri___triinterpolate___ReducedHCT_Element__578_978_3,matplotlib__lib__matplotlib__tri___triinterpolate___ReducedHCT_Element__578_978_3.py,401,6522
matplotlib__lib__matplotlib__tri___tripcolor__tripcolor__9_169_1,matplotlib__lib__matplotlib__tri___tripcolor__tripcolor__9_169_1.py,161,1568
matplotlib__lib__matplotlib__tri___trirefine__UniformTriRefiner__47_307_1,matplotlib__lib__matplotlib__tri___trirefine__UniformTriRefiner__47_307_1.py,261,2788
matplotlib__lib__matplotlib__tri___trirefine___refine_triangulation_once__172_307_2,matplotlib__lib__matplotlib__tri___trirefine___refine_triangulation_once__172_307_2.py,136,1614
matplotlib__lib__matplotlib__tri___tritools__TriAnalyzer__11_263_1,matplotlib__lib__matplotlib__tri___tritools__TriAnalyzer__11_263_1.py,253,2356
matplotlib__lib__matplotlib__widgets__Button__198_301_1,matplotlib__lib__matplotlib__widgets__Button__198_301_1.py,104,796
matplotlib__lib__matplotlib__widgets__CheckButtons__1233_1489_5,matplotlib__lib__matplotlib__widgets__CheckButtons__1233_1489_5.py,257,2122
matplotlib__lib__matplotlib__widgets__Cursor__2047_2131_8,matplotlib__lib__matplotlib__widgets__Cursor__2047_2131_8.py,85,696
matplotlib__lib__matplotlib__widgets__MultiCursor__2134_2286_9,matplotlib__lib__matplotlib__widgets__MultiCursor__2134_2286_9.py,153,1241
matplotlib__lib__matplotlib__widgets__PolygonSelector__3988_4359_14,matplotlib__lib__matplotlib__widgets__PolygonSelector__3988_4359_14.py,372,3349
matplotlib__lib__matplotlib__widgets__RadioButtons__1757_1972_7,matplotlib__lib__matplotlib__widgets__RadioButtons__1757_1972_7.py,216,1815
matplotlib__lib__matplotlib__widgets__RangeSlider__652_1031_3,matplotlib__lib__matplotlib__widgets__RangeSlider__652_1031_3.py,380,2884
matplotlib__lib__matplotlib__widgets__RectangleSelector__3363_3867_13,matplotlib__lib__matplotlib__widgets__RectangleSelector__3363_3867_13.py,505,4619
matplotlib__lib__matplotlib__widgets__Slider__382_649_2,matplotlib__lib__matplotlib__widgets__Slider__382_649_2.py,268,2151
matplotlib__lib__matplotlib__widgets__SpanSelector__2670_3088_11,matplotlib__lib__matplotlib__widgets__SpanSelector__2670_3088_11.py,419,3326
matplotlib__lib__matplotlib__widgets__TextBox__1492_1754_6,matplotlib__lib__matplotlib__widgets__TextBox__1492_1754_6.py,263,2170
matplotlib__lib__matplotlib__widgets__ToolLineHandles__3091_3198_12,matplotlib__lib__matplotlib__widgets__ToolLineHandles__3091_3198_12.py,108,753
matplotlib__lib__matplotlib__widgets___Buttons__1039_1230_4,matplotlib__lib__matplotlib__widgets___Buttons__1039_1230_4.py,192,1620
matplotlib__lib__matplotlib__widgets___init_layout__1072_1163_17,matplotlib__lib__matplotlib__widgets___init_layout__1072_1163_17.py,92,842
matplotlib__lib__matplotlib__widgets___onmove__3568_3707_19,matplotlib__lib__matplotlib__widgets___onmove__3568_3707_19.py,140,1403
matplotlib__lib__matplotlib__widgets___SelectorWidget__2289_2667_10,matplotlib__lib__matplotlib__widgets___SelectorWidget__2289_2667_10.py,379,2928
matplotlib__lib__matplotlib__widgets____init____1780_1865_18,matplotlib__lib__matplotlib__widgets____init____1780_1865_18.py,86,830
matplotlib__lib__matplotlib__widgets____init____396_551_15,matplotlib__lib__matplotlib__widgets____init____396_551_15.py,156,1404
matplotlib__lib__matplotlib__widgets____init____667_851_16,matplotlib__lib__matplotlib__widgets____init____667_851_16.py,185,1341
matplotlib__lib__matplotlib___afm__AFM__351_465_2,matplotlib__lib__matplotlib___afm__AFM__351_465_2.py,115,996
matplotlib__lib__matplotlib___afm___parse_header__80_163_1,matplotlib__lib__matplotlib___afm___parse_header__80_163_1.py,84,775
matplotlib__lib__matplotlib___api__deprecation__delete_parameter__317_416_2,matplotlib__lib__matplotlib___api__deprecation__delete_parameter__317_416_2.py,100,944
matplotlib__lib__matplotlib___api__deprecation__deprecated__97_219_1,matplotlib__lib__matplotlib___api__deprecation__deprecated__97_219_1.py,123,975
matplotlib__lib__matplotlib___api__deprecation__deprecate__126_217_3,matplotlib__lib__matplotlib___api__deprecation__deprecate__126_217_3.py,92,685
matplotlib__lib__matplotlib___constrained_layout__do_constrained_layout__63_154_1,matplotlib__lib__matplotlib___constrained_layout__do_constrained_layout__63_154_1.py,92,887
matplotlib__lib__matplotlib___constrained_layout__make_layout_margins__343_458_2,matplotlib__lib__matplotlib___constrained_layout__make_layout_margins__343_458_2.py,116,1247
matplotlib__lib__matplotlib___constrained_layout__match_submerged_margins__500_598_3,matplotlib__lib__matplotlib___constrained_layout__match_submerged_margins__500_598_3.py,99,1015
matplotlib__lib__matplotlib___constrained_layout__reposition_colorbar__696_801_4,matplotlib__lib__matplotlib___constrained_layout__reposition_colorbar__696_801_4.py,106,1162
matplotlib__lib__matplotlib___enums__JoinStyle__17_101_1,matplotlib__lib__matplotlib___enums__JoinStyle__17_101_1.py,85,837
matplotlib__lib__matplotlib___layoutgrid__LayoutGrid__31_490_1,matplotlib__lib__matplotlib___layoutgrid__LayoutGrid__31_490_1.py,460,4413
matplotlib__lib__matplotlib___mathtext__BakomaFonts__434_537_3,matplotlib__lib__matplotlib___mathtext__BakomaFonts__434_537_3.py,104,1313
matplotlib__lib__matplotlib___mathtext__Fonts__221_326_1,matplotlib__lib__matplotlib___mathtext__Fonts__221_326_1.py,106,1004
matplotlib__lib__matplotlib___mathtext__Hlist__1210_1301_6,matplotlib__lib__matplotlib___mathtext__Hlist__1210_1301_6.py,92,832
matplotlib__lib__matplotlib___mathtext__Parser__1807_2841_9,matplotlib__lib__matplotlib___mathtext__Parser__1807_2841_9.py,1035,10693
matplotlib__lib__matplotlib___mathtext__ship__1585_1729_8,matplotlib__lib__matplotlib___mathtext__ship__1585_1729_8.py,145,1222
matplotlib__lib__matplotlib___mathtext__StixFonts__749_861_5,matplotlib__lib__matplotlib___mathtext__StixFonts__749_861_5.py,113,1002
matplotlib__lib__matplotlib___mathtext__subsuper__2437_2598_11,matplotlib__lib__matplotlib___mathtext__subsuper__2437_2598_11.py,162,1495
matplotlib__lib__matplotlib___mathtext__TruetypeFonts__329_431_2,matplotlib__lib__matplotlib___mathtext__TruetypeFonts__329_431_2.py,103,1132
matplotlib__lib__matplotlib___mathtext__UnicodeFonts__540_669_4,matplotlib__lib__matplotlib___mathtext__UnicodeFonts__540_669_4.py,130,1262
matplotlib__lib__matplotlib___mathtext__Vlist__1304_1383_7,matplotlib__lib__matplotlib___mathtext__Vlist__1304_1383_7.py,80,651
matplotlib__lib__matplotlib___mathtext____init____1967_2150_10,matplotlib__lib__matplotlib___mathtext____init____1967_2150_10.py,184,1785
matplotlib__lib__matplotlib___tight_layout__get_tight_layout_figure__194_301_2,matplotlib__lib__matplotlib___tight_layout__get_tight_layout_figure__194_301_2.py,108,1049
matplotlib__lib__matplotlib___tight_layout___auto_adjust_subplotpars__20_157_1,matplotlib__lib__matplotlib___tight_layout___auto_adjust_subplotpars__20_157_1.py,138,1482
matplotlib__lib__matplotlib___type1font__Type1Font__326_1000_2,matplotlib__lib__matplotlib___type1font__Type1Font__326_1000_2.py,675,5779
matplotlib__lib__matplotlib___type1font___CharstringSimulator__1003_1105_3,matplotlib__lib__matplotlib___type1font___CharstringSimulator__1003_1105_3.py,103,957
matplotlib__lib__matplotlib___type1font___parse__495_606_4,matplotlib__lib__matplotlib___type1font___parse__495_606_4.py,112,972
matplotlib__lib__matplotlib___type1font___tokenize__179_275_1,matplotlib__lib__matplotlib___type1font___tokenize__179_275_1.py,97,850
matplotlib__lib__matplotlib____init____RcParams__661_818_2,matplotlib__lib__matplotlib____init____RcParams__661_818_2.py,158,1298
matplotlib__lib__matplotlib____init_____get_executable_info__365_506_1,matplotlib__lib__matplotlib____init_____get_executable_info__365_506_1.py,142,1434
matplotlib__lib__matplotlib____init_____preprocess_data__1421_1530_3,matplotlib__lib__matplotlib____init_____preprocess_data__1421_1530_3.py,110,1004
matplotlib__lib__mpl_toolkits__axes_grid1__anchored_artists__AnchoredDirectionArrows__244_414_2,matplotlib__lib__mpl_toolkits__axes_grid1__anchored_artists__AnchoredDirectionArrows__244_414_2.py,171,1574
matplotlib__lib__mpl_toolkits__axes_grid1__anchored_artists__AnchoredSizeBar__127_241_1,matplotlib__lib__mpl_toolkits__axes_grid1__anchored_artists__AnchoredSizeBar__127_241_1.py,115,1053
matplotlib__lib__mpl_toolkits__axes_grid1__anchored_artists____init____128_241_3,matplotlib__lib__mpl_toolkits__axes_grid1__anchored_artists____init____128_241_3.py,114,1040
matplotlib__lib__mpl_toolkits__axes_grid1__anchored_artists____init____245_414_4,matplotlib__lib__mpl_toolkits__axes_grid1__anchored_artists____init____245_414_4.py,170,1560
matplotlib__lib__mpl_toolkits__axes_grid1__axes_divider__AxesDivider__335_477_2,matplotlib__lib__mpl_toolkits__axes_grid1__axes_divider__AxesDivider__335_477_2.py,143,1192
matplotlib__lib__mpl_toolkits__axes_grid1__axes_divider__Divider__16_280_1,matplotlib__lib__mpl_toolkits__axes_grid1__axes_divider__Divider__16_280_1.py,265,2249
matplotlib__lib__mpl_toolkits__axes_grid1__axes_grid__Grid__27_285_1,matplotlib__lib__mpl_toolkits__axes_grid1__axes_grid__Grid__27_285_1.py,259,2316
matplotlib__lib__mpl_toolkits__axes_grid1__axes_grid__ImageGrid__288_561_2,matplotlib__lib__mpl_toolkits__axes_grid1__axes_grid__ImageGrid__288_561_2.py,274,2747
matplotlib__lib__mpl_toolkits__axes_grid1__axes_grid___init_locators__403_561_5,matplotlib__lib__mpl_toolkits__axes_grid1__axes_grid___init_locators__403_561_5.py,159,1597
matplotlib__lib__mpl_toolkits__axes_grid1__axes_grid____init____298_401_4,matplotlib__lib__mpl_toolkits__axes_grid1__axes_grid____init____298_401_4.py,104,1057
matplotlib__lib__mpl_toolkits__axes_grid1__axes_grid____init____61_172_3,matplotlib__lib__mpl_toolkits__axes_grid1__axes_grid____init____61_172_3.py,112,1071
matplotlib__lib__mpl_toolkits__axes_grid1__axes_rgb__RGBAxes__62_157_1,matplotlib__lib__mpl_toolkits__axes_grid1__axes_rgb__RGBAxes__62_157_1.py,96,891
matplotlib__lib__mpl_toolkits__axes_grid1__inset_locator__inset_axes__254_379_1,matplotlib__lib__mpl_toolkits__axes_grid1__inset_locator__inset_axes__254_379_1.py,126,1398
matplotlib__lib__mpl_toolkits__axes_grid1__parasite_axes__HostAxesBase__83_230_1,matplotlib__lib__mpl_toolkits__axes_grid1__parasite_axes__HostAxesBase__83_230_1.py,148,1270
matplotlib__lib__mpl_toolkits__axisartist__angle_helper__ExtremeFinderCycle__311_395_2,matplotlib__lib__mpl_toolkits__axisartist__angle_helper__ExtremeFinderCycle__311_395_2.py,85,873
matplotlib__lib__mpl_toolkits__axisartist__angle_helper__FormatterDMS__187_288_1,matplotlib__lib__mpl_toolkits__axisartist__angle_helper__FormatterDMS__187_288_1.py,102,935
matplotlib__lib__mpl_toolkits__axisartist__axislines__Axes__366_454_1,matplotlib__lib__mpl_toolkits__axisartist__axislines__Axes__366_454_1.py,89,763
matplotlib__lib__mpl_toolkits__axisartist__axisline_style__AxislineStyle__93_192_1,matplotlib__lib__mpl_toolkits__axisartist__axisline_style__AxislineStyle__93_192_1.py,100,625
matplotlib__lib__mpl_toolkits__axisartist__axis_artist__AxisArtist__656_1117_4,matplotlib__lib__mpl_toolkits__axisartist__axis_artist__AxisArtist__656_1117_4.py,462,3493
matplotlib__lib__mpl_toolkits__axisartist__axis_artist__AxisLabel__276_404_2,matplotlib__lib__mpl_toolkits__axisartist__axis_artist__AxisLabel__276_404_2.py,129,849
matplotlib__lib__mpl_toolkits__axisartist__axis_artist__TickLabels__407_596_3,matplotlib__lib__mpl_toolkits__axisartist__axis_artist__TickLabels__407_596_3.py,190,1526
matplotlib__lib__mpl_toolkits__axisartist__axis_artist__Ticks__107_201_1,matplotlib__lib__mpl_toolkits__axisartist__axis_artist__Ticks__107_201_1.py,95,751
matplotlib__lib__mpl_toolkits__axisartist__floating_axes__GridHelperCurveLinear__128_222_1,matplotlib__lib__mpl_toolkits__axisartist__floating_axes__GridHelperCurveLinear__128_222_1.py,95,932
matplotlib__lib__mpl_toolkits__axisartist__grid_finder__GridFinder__129_267_1,matplotlib__lib__mpl_toolkits__axisartist__grid_finder__GridFinder__129_267_1.py,139,1401
matplotlib__lib__mpl_toolkits__axisartist__grid_helper_curvelinear__FloatingAxisArtistHelper__137_273_1,matplotlib__lib__mpl_toolkits__axisartist__grid_helper_curvelinear__FloatingAxisArtistHelper__137_273_1.py,137,1452
matplotlib__lib__mpl_toolkits__mplot3d__art3d__do_3d_projection__1334_1431_6,matplotlib__lib__mpl_toolkits__mplot3d__art3d__do_3d_projection__1334_1431_6.py,98,984
matplotlib__lib__mpl_toolkits__mplot3d__art3d__Line3D__236_342_2,matplotlib__lib__mpl_toolkits__mplot3d__art3d__Line3D__236_342_2.py,107,926
matplotlib__lib__mpl_toolkits__mplot3d__art3d__Patch3DCollection__692_842_3,matplotlib__lib__mpl_toolkits__mplot3d__art3d__Patch3DCollection__692_842_3.py,151,1265
matplotlib__lib__mpl_toolkits__mplot3d__art3d__Path3DCollection__868_1097_4,matplotlib__lib__mpl_toolkits__mplot3d__art3d__Path3DCollection__868_1097_4.py,230,1997
matplotlib__lib__mpl_toolkits__mplot3d__art3d__Poly3DCollection__1151_1472_5,matplotlib__lib__mpl_toolkits__mplot3d__art3d__Poly3DCollection__1151_1472_5.py,322,2926
matplotlib__lib__mpl_toolkits__mplot3d__art3d__Text3D__100_213_1,matplotlib__lib__mpl_toolkits__mplot3d__art3d__Text3D__100_213_1.py,114,988
matplotlib__lib__mpl_toolkits__mplot3d__axes3d__Axes3D__44_4068_1,matplotlib__lib__mpl_toolkits__mplot3d__axes3d__Axes3D__44_4068_1.py,4025,37467
matplotlib__lib__mpl_toolkits__mplot3d__axes3d__bar3d__3078_3243_10,matplotlib__lib__mpl_toolkits__mplot3d__axes3d__bar3d__3078_3243_10.py,166,1301
matplotlib__lib__mpl_toolkits__mplot3d__axes3d__errorbar__3598_3928_13,matplotlib__lib__mpl_toolkits__mplot3d__axes3d__errorbar__3598_3928_13.py,331,3672
matplotlib__lib__mpl_toolkits__mplot3d__axes3d__fill_between__2016_2144_5,matplotlib__lib__mpl_toolkits__mplot3d__axes3d__fill_between__2016_2144_5.py,129,1411
matplotlib__lib__mpl_toolkits__mplot3d__axes3d__plot_surface__2146_2343_6,matplotlib__lib__mpl_toolkits__mplot3d__axes3d__plot_surface__2146_2343_6.py,198,1776
matplotlib__lib__mpl_toolkits__mplot3d__axes3d__plot_trisurf__2470_2570_8,matplotlib__lib__mpl_toolkits__mplot3d__axes3d__plot_trisurf__2470_2570_8.py,101,833
matplotlib__lib__mpl_toolkits__mplot3d__axes3d__plot_wireframe__2345_2468_7,matplotlib__lib__mpl_toolkits__mplot3d__axes3d__plot_wireframe__2345_2468_7.py,124,1338
matplotlib__lib__mpl_toolkits__mplot3d__axes3d__quiver__3253_3378_11,matplotlib__lib__mpl_toolkits__mplot3d__axes3d__quiver__3253_3378_11.py,126,1322
matplotlib__lib__mpl_toolkits__mplot3d__axes3d__scatter__2917_3013_9,matplotlib__lib__mpl_toolkits__mplot3d__axes3d__scatter__2917_3013_9.py,97,899
matplotlib__lib__mpl_toolkits__mplot3d__axes3d__stem__3947_4066_14,matplotlib__lib__mpl_toolkits__mplot3d__axes3d__stem__3947_4066_14.py,120,1150
matplotlib__lib__mpl_toolkits__mplot3d__axes3d__voxels__3382_3595_12,matplotlib__lib__mpl_toolkits__mplot3d__axes3d__voxels__3382_3595_12.py,214,1919
matplotlib__lib__mpl_toolkits__mplot3d__axes3d___on_move__1538_1630_4,matplotlib__lib__mpl_toolkits__mplot3d__axes3d___on_move__1538_1630_4.py,93,790
matplotlib__lib__mpl_toolkits__mplot3d__axes3d___Quaternion__4087_4205_2,matplotlib__lib__mpl_toolkits__mplot3d__axes3d___Quaternion__4087_4205_2.py,119,1226
matplotlib__lib__mpl_toolkits__mplot3d__axes3d____init____60_192_3,matplotlib__lib__mpl_toolkits__mplot3d__axes3d____init____60_192_3.py,133,1339
matplotlib__lib__mpl_toolkits__mplot3d__axis3d__Axis__38_728_1,matplotlib__lib__mpl_toolkits__mplot3d__axis3d__Axis__38_728_1.py,691,6781
matplotlib__lib__mpl_toolkits__mplot3d__axis3d____init____61_142_2,matplotlib__lib__mpl_toolkits__mplot3d__axis3d____init____61_142_2.py,82,722
matplotlib__tools__boilerplate__boilerplate_gen__202_376_2,matplotlib__tools__boilerplate__boilerplate_gen__202_376_2.py,175,1073
matplotlib__tools__boilerplate__generate_function__119_199_1,matplotlib__tools__boilerplate__generate_function__119_199_1.py,81,695
matplotlib__tools__check_typehints__check_function__191_280_2,matplotlib__tools__check_typehints__check_function__191_280_2.py,90,793
matplotlib__tools__check_typehints__check_namespace__86_188_1,matplotlib__tools__check_typehints__check_namespace__86_188_1.py,103,813
matplotlib__tools__subset__getsubset__184_332_2,matplotlib__tools__subset__getsubset__184_332_2.py,149,3154
matplotlib__tools__subset__subset_font_raw__59_170_1,matplotlib__tools__subset__subset_font_raw__59_170_1.py,112,896
matplotlib__tools__triage_tests__Dialog__96_225_1,matplotlib__tools__triage_tests__Dialog__96_225_1.py,130,998
matplotlib__tools__triage_tests__Entry__228_314_2,matplotlib__tools__triage_tests__Entry__228_314_2.py,87,647
matplotlib__tools__visualize_tests__run__58_152_1,matplotlib__tools__visualize_tests__run__58_152_1.py,95,702
pandas__asv_bench__benchmarks__frame_methods__Iteration__148_236_1,pandas__asv_bench__benchmarks__frame_methods__Iteration__148_236_1.py,89,644
pandas__asv_bench__benchmarks__groupby__GroupByMethods__445_576_1,pandas__asv_bench__benchmarks__groupby__GroupByMethods__445_576_1.py,132,911
pandas__asv_bench__benchmarks__groupby__setup__490_570_2,pandas__asv_bench__benchmarks__groupby__setup__490_570_2.py,81,637
pandas__asv_bench__benchmarks__join_merge__MergeAsof__444_534_1,pandas__asv_bench__benchmarks__join_merge__MergeAsof__444_534_1.py,91,820
pandas__asv_bench__benchmarks__strings__Methods__58_169_1,pandas__asv_bench__benchmarks__strings__Methods__58_169_1.py,112,648
pandas__doc__make__DocBuilder__33_298_1,pandas__doc__make__DocBuilder__33_298_1.py,266,1959
pandas__doc__make__main__301_387_2,pandas__doc__make__main__301_387_2.py,87,647
pandas__pandas__compat___optional__import_optional_dependency__107_191_1,pandas__pandas__compat___optional__import_optional_dependency__107_191_1.py,85,655
pandas__pandas__core__accessor__PandasDelegate__61_145_1,pandas__pandas__core__accessor__PandasDelegate__61_145_1.py,85,582
pandas__pandas__core__algorithms__diff__1313_1421_7,pandas__pandas__core__algorithms__diff__1313_1421_7.py,109,910
pandas__pandas__core__algorithms__factorize__651_836_3,pandas__pandas__core__algorithms__factorize__651_836_3.py,186,1723
pandas__pandas__core__algorithms__isin__491_585_2,pandas__pandas__core__algorithms__isin__491_585_2.py,95,801
pandas__pandas__core__algorithms__map_array__1630_1710_9,pandas__pandas__core__algorithms__map_array__1630_1710_9.py,81,637
pandas__pandas__core__algorithms__safe_sort__1431_1550_8,pandas__pandas__core__algorithms__safe_sort__1431_1550_8.py,120,1108
pandas__pandas__core__algorithms__searchsorted__1222_1303_6,pandas__pandas__core__algorithms__searchsorted__1222_1303_6.py,82,792
pandas__pandas__core__algorithms__take__1105_1214_5,pandas__pandas__core__algorithms__take__1105_1214_5.py,110,840
pandas__pandas__core__algorithms__unique__326_431_1,pandas__pandas__core__algorithms__unique__326_431_1.py,106,866
pandas__pandas__core__algorithms__value_counts_internal__839_930_4,pandas__pandas__core__algorithms__value_counts_internal__839_930_4.py,92,645
pandas__pandas__core__apply__Apply__226_806_2,pandas__pandas__core__apply__Apply__226_806_2.py,581,4104
pandas__pandas__core__apply__BaseExecutionEngine__83_184_1,pandas__pandas__core__apply__BaseExecutionEngine__83_184_1.py,102,913
pandas__pandas__core__apply__compute_dict_like__514_607_10,pandas__pandas__core__apply__compute_dict_like__514_607_10.py,94,714
pandas__pandas__core__apply__FrameApply__870_1234_3,pandas__pandas__core__apply__FrameApply__870_1234_3.py,365,2482
pandas__pandas__core__apply__FrameColumnApply__1342_1477_5,pandas__pandas__core__apply__FrameColumnApply__1342_1477_5.py,136,1093
pandas__pandas__core__apply__FrameRowApply__1237_1339_4,pandas__pandas__core__apply__FrameRowApply__1237_1339_4.py,103,849
pandas__pandas__core__apply__GroupByApply__1592_1683_7,pandas__pandas__core__apply__GroupByApply__1592_1683_7.py,92,655
pandas__pandas__core__apply__reconstruct_func__1714_1813_8,pandas__pandas__core__apply__reconstruct_func__1714_1813_8.py,100,960
pandas__pandas__core__apply__relabel_result__1921_2002_9,pandas__pandas__core__apply__relabel_result__1921_2002_9.py,82,882
pandas__pandas__core__apply__SeriesApply__1480_1589_6,pandas__pandas__core__apply__SeriesApply__1480_1589_6.py,110,748
pandas__pandas__core__arraylike__array_ufunc__257_417_2,pandas__pandas__core__arraylike__array_ufunc__257_417_2.py,161,1533
pandas__pandas__core__arraylike__OpsMixin__33_250_1,pandas__pandas__core__arraylike__OpsMixin__33_250_1.py,218,1889
pandas__pandas__core__arraylike____add____101_190_3,pandas__pandas__core__arraylike____add____101_190_3.py,90,807
pandas__pandas__core__arrays__arrow__accessors__field__314_478_3,pandas__pandas__core__arrays__arrow__accessors__field__314_478_3.py,165,1221
pandas__pandas__core__arrays__arrow__accessors__ListAccessor__59_244_1,pandas__pandas__core__arrays__arrow__accessors__ListAccessor__59_244_1.py,186,1214
pandas__pandas__core__arrays__arrow__accessors__StructAccessor__247_521_2,pandas__pandas__core__arrays__arrow__accessors__StructAccessor__247_521_2.py,275,1928
pandas__pandas__core__arrays__arrow__array__ArrowExtensionArray__251_3409_1,pandas__pandas__core__arrays__arrow__array__ArrowExtensionArray__251_3409_1.py,3159,25720
pandas__pandas__core__arrays__arrow__array__take__1668_1758_6,pandas__pandas__core__arrays__arrow__array__take__1668_1758_6.py,91,773
pandas__pandas__core__arrays__arrow__array__to_numpy__1800_1882_7,pandas__pandas__core__arrays__arrow__array__to_numpy__1800_1882_7.py,83,688
pandas__pandas__core__arrays__arrow__array___box_pa_array__576_725_4,pandas__pandas__core__arrays__arrow__array___box_pa_array__576_725_4.py,150,1280
pandas__pandas__core__arrays__arrow__array___cast_pointwise_result__431_513_3,pandas__pandas__core__arrays__arrow__array___cast_pointwise_result__431_513_3.py,83,857
pandas__pandas__core__arrays__arrow__array___from_sequence_of_strings__339_422_2,pandas__pandas__core__arrays__arrow__array___from_sequence_of_strings__339_422_2.py,84,784
pandas__pandas__core__arrays__arrow__array___reduce_pyarrow__2135_2285_8,pandas__pandas__core__arrays__arrow__array___reduce_pyarrow__2135_2285_8.py,151,1356
pandas__pandas__core__arrays__arrow__array____getitem____727_822_5,pandas__pandas__core__arrays__arrow__array____getitem____727_822_5.py,96,792
pandas__pandas__core__arrays__arrow__array____setitem____2374_2455_9,pandas__pandas__core__arrays__arrow__array____setitem____2374_2455_9.py,82,636
pandas__pandas__core__arrays__base__astype__829_911_3,pandas__pandas__core__arrays__base__astype__829_911_3.py,83,623
pandas__pandas__core__arrays__base__ExtensionArray__114_2896_1,pandas__pandas__core__arrays__base__ExtensionArray__114_2896_1.py,2783,20540
pandas__pandas__core__arrays__base__ExtensionScalarOpsMixin__2983_3096_2,pandas__pandas__core__arrays__base__ExtensionScalarOpsMixin__2983_3096_2.py,114,876
pandas__pandas__core__arrays__base__interpolate__1126_1237_4,pandas__pandas__core__arrays__base__interpolate__1126_1237_4.py,112,991
pandas__pandas__core__arrays__base__take__1909_2008_6,pandas__pandas__core__arrays__base__take__1909_2008_6.py,100,786
pandas__pandas__core__arrays__base___groupby_op__2796_2896_7,pandas__pandas__core__arrays__base___groupby_op__2796_2896_7.py,101,779
pandas__pandas__core__arrays__base___pad_or_backfill__1239_1327_5,pandas__pandas__core__arrays__base___pad_or_backfill__1239_1327_5.py,89,778
pandas__pandas__core__arrays__boolean__BooleanArray__264_438_3,pandas__pandas__core__arrays__boolean__BooleanArray__264_438_3.py,175,1382
pandas__pandas__core__arrays__boolean__BooleanDtype__44_175_1,pandas__pandas__core__arrays__boolean__BooleanDtype__44_175_1.py,132,869
pandas__pandas__core__arrays__boolean__coerce_to_array__178_260_2,pandas__pandas__core__arrays__boolean__coerce_to_array__178_260_2.py,83,655
pandas__pandas__core__arrays__categorical__CategoricalAccessor__2877_3047_2,pandas__pandas__core__arrays__categorical__CategoricalAccessor__2877_3047_2.py,171,1207
pandas__pandas__core__arrays__categorical__Categorical__250_2854_1,pandas__pandas__core__arrays__categorical__Categorical__250_2854_1.py,2605,19337
pandas__pandas__core__arrays__categorical__map__1539_1648_5,pandas__pandas__core__arrays__categorical__map__1539_1648_5.py,110,976
pandas__pandas__core__arrays__categorical__set_categories__1091_1200_4,pandas__pandas__core__arrays__categorical__set_categories__1091_1200_4.py,110,912
pandas__pandas__core__arrays__categorical__sort_values__2050_2133_6,pandas__pandas__core__arrays__categorical__sort_values__2050_2133_6.py,84,746
pandas__pandas__core__arrays__categorical____init____387_514_3,pandas__pandas__core__arrays__categorical____init____387_514_3.py,128,1039
pandas__pandas__core__arrays__datetimelike__ceil__2334_2439_5,pandas__pandas__core__arrays__datetimelike__ceil__2334_2439_5.py,106,983
pandas__pandas__core__arrays__datetimelike__DatetimeLikeArrayMixin__201_1780_1,pandas__pandas__core__arrays__datetimelike__DatetimeLikeArrayMixin__201_1780_1.py,1580,13137
pandas__pandas__core__arrays__datetimelike__floor__2227_2332_4,pandas__pandas__core__arrays__datetimelike__floor__2227_2332_4.py,106,985
pandas__pandas__core__arrays__datetimelike__round__2119_2225_3,pandas__pandas__core__arrays__datetimelike__round__2119_2225_3.py,107,990
pandas__pandas__core__arrays__datetimelike__TimelikeOps__1841_2630_2,pandas__pandas__core__arrays__datetimelike__TimelikeOps__1841_2630_2.py,790,6875
pandas__pandas__core__arrays__datetimes__DatetimeArray__176_2485_1,pandas__pandas__core__arrays__datetimes__DatetimeArray__176_2485_1.py,2310,19943
pandas__pandas__core__arrays__datetimes__to_period__1215_1295_7,pandas__pandas__core__arrays__datetimes__to_period__1215_1295_7.py,81,557
pandas__pandas__core__arrays__datetimes__tz_convert__865_949_5,pandas__pandas__core__arrays__datetimes__tz_convert__865_949_5.py,85,828
pandas__pandas__core__arrays__datetimes__tz_localize__952_1134_6,pandas__pandas__core__arrays__datetimes__tz_localize__952_1134_6.py,183,2072
pandas__pandas__core__arrays__datetimes___generate_range__3020_3128_3,pandas__pandas__core__arrays__datetimes___generate_range__3020_3128_3.py,109,827
pandas__pandas__core__arrays__datetimes___generate_range__415_538_4,pandas__pandas__core__arrays__datetimes___generate_range__415_538_4.py,124,1178
pandas__pandas__core__arrays__datetimes___sequence_to_dt64__2492_2615_2,pandas__pandas__core__arrays__datetimes___sequence_to_dt64__2492_2615_2.py,124,973
pandas__pandas__core__arrays__interval__IntervalArray__116_1850_1,pandas__pandas__core__arrays__interval__IntervalArray__116_1850_1.py,1735,13319
pandas__pandas__core__arrays__interval___ensure_simple_new_inputs__268_374_2,pandas__pandas__core__arrays__interval___ensure_simple_new_inputs__268_374_2.py,107,934
pandas__pandas__core__arrays__masked__BaseMaskedArray__122_1980_1,pandas__pandas__core__arrays__masked__BaseMaskedArray__122_1980_1.py,1859,14573
pandas__pandas__core__arrays__masked__to_numpy__512_606_2,pandas__pandas__core__arrays__masked__to_numpy__512_606_2.py,95,762
pandas__pandas__core__arrays__masked___arith_method__829_928_3,pandas__pandas__core__arrays__masked___arith_method__829_928_3.py,100,929
pandas__pandas__core__arrays__numeric__NumericDtype__48_134_1,pandas__pandas__core__arrays__numeric__NumericDtype__48_134_1.py,87,691
pandas__pandas__core__arrays__numeric___coerce_to_data_and_mask__137_249_2,pandas__pandas__core__arrays__numeric___coerce_to_data_and_mask__137_249_2.py,113,897
pandas__pandas__core__arrays__numpy___NumpyExtensionArray__61_652_1,pandas__pandas__core__arrays__numpy___NumpyExtensionArray__61_652_1.py,592,4434
pandas__pandas__core__arrays__period__PeriodArray__121_1181_1,pandas__pandas__core__arrays__period__PeriodArray__121_1181_1.py,1061,8631
pandas__pandas__core__arrays__period__to_timestamp__781_890_2,pandas__pandas__core__arrays__period__to_timestamp__781_890_2.py,110,1009
pandas__pandas__core__arrays__sparse__accessor__SparseAccessor__46_280_1,pandas__pandas__core__arrays__sparse__accessor__SparseAccessor__46_280_1.py,235,1943
pandas__pandas__core__arrays__sparse__accessor__SparseFrameAccessor__283_505_2,pandas__pandas__core__arrays__sparse__accessor__SparseFrameAccessor__283_505_2.py,223,1663
pandas__pandas__core__arrays__sparse__accessor__to_coo__155_247_3,pandas__pandas__core__arrays__sparse__accessor__to_coo__155_247_3.py,93,876
pandas__pandas__core__arrays__sparse__array__SparseArray__293_1915_2,pandas__pandas__core__arrays__sparse__array__SparseArray__293_1915_2.py,1623,12688
pandas__pandas__core__arrays__sparse__array___sparse_array_op__161_266_1,pandas__pandas__core__arrays__sparse__array___sparse_array_op__161_266_1.py,106,808
pandas__pandas__core__arrays__sparse__array____getitem____1010_1100_4,pandas__pandas__core__arrays__sparse__array____getitem____1010_1100_4.py,91,785
pandas__pandas__core__arrays__sparse__array____init____380_503_3,pandas__pandas__core__arrays__sparse__array____init____380_503_3.py,124,1042
pandas__pandas__core__arrays__string_arrow__ArrowStringArray__85_592_1,pandas__pandas__core__arrays__string_arrow__ArrowStringArray__85_592_1.py,508,4412
pandas__pandas__core__arrays__string___BaseStringArray__408_605_2,pandas__pandas__core__arrays__string___BaseStringArray__408_605_2.py,198,1489
pandas__pandas__core__arrays__string___StringArray__611_1232_3,pandas__pandas__core__arrays__string___StringArray__611_1232_3.py,622,4948
pandas__pandas__core__arrays__string___StringDtype__103_405_1,pandas__pandas__core__arrays__string___StringDtype__103_405_1.py,303,2154
pandas__pandas__core__arrays__string____accumulate__969_1049_4,pandas__pandas__core__arrays__string____accumulate__969_1049_4.py,81,594
pandas__pandas__core__arrays__timedeltas__sequence_to_td64ns__1108_1213_2,pandas__pandas__core__arrays__timedeltas__sequence_to_td64ns__1108_1213_2.py,106,872
pandas__pandas__core__arrays__timedeltas__TimedeltaArray__112_1101_1,pandas__pandas__core__arrays__timedeltas__TimedeltaArray__112_1101_1.py,990,8016
pandas__pandas__core__arrays___arrow_string_mixins__ArrowStringArrayMixin__31_426_1,pandas__pandas__core__arrays___arrow_string_mixins__ArrowStringArrayMixin__31_426_1.py,396,3382
pandas__pandas__core__arrays___mixins__NDArrayBackedExtensionArray__92_631_1,pandas__pandas__core__arrays___mixins__NDArrayBackedExtensionArray__92_631_1.py,540,3992
pandas__pandas__core__base__factorize__1366_1513_5,pandas__pandas__core__base__factorize__1366_1513_5.py,148,1341
pandas__pandas__core__base__IndexOpsMixin__268_1690_2,pandas__pandas__core__base__IndexOpsMixin__268_1690_2.py,1423,10274
pandas__pandas__core__base__searchsorted__1536_1656_6,pandas__pandas__core__base__searchsorted__1536_1656_6.py,121,916
pandas__pandas__core__base__SelectionMixin__165_265_1,pandas__pandas__core__base__SelectionMixin__165_265_1.py,101,752
pandas__pandas__core__base__to_numpy__588_726_3,pandas__pandas__core__base__to_numpy__588_726_3.py,139,1264
pandas__pandas__core__base__value_counts__1050_1177_4,pandas__pandas__core__base__value_counts__1050_1177_4.py,128,970
pandas__pandas__core__col__Expression__80_338_1,pandas__pandas__core__col__Expression__80_338_1.py,259,2685
pandas__pandas__core__computation__eval__eval__179_454_1,pandas__pandas__core__computation__eval__eval__179_454_1.py,276,2374
pandas__pandas__core__computation__expr__BaseExprVisitor__348_756_1,pandas__pandas__core__computation__expr__BaseExprVisitor__348_756_1.py,409,3261
pandas__pandas__core__computation__ops__BinOp__333_482_2,pandas__pandas__core__computation__ops__BinOp__333_482_2.py,150,929
pandas__pandas__core__computation__ops__Term__76_188_1,pandas__pandas__core__computation__ops__Term__76_188_1.py,113,717
pandas__pandas__core__computation__pytables__BinOp__112_292_1,pandas__pandas__core__computation__pytables__BinOp__112_292_1.py,181,1348
pandas__pandas__core__computation__pytables__PyTablesExprVisitor__434_514_2,pandas__pandas__core__computation__pytables__PyTablesExprVisitor__434_514_2.py,81,637
pandas__pandas__core__computation__pytables__PyTablesExpr__544_646_3,pandas__pandas__core__computation__pytables__PyTablesExpr__544_646_3.py,103,719
pandas__pandas__core__computation__scope__Scope__122_356_1,pandas__pandas__core__computation__scope__Scope__122_356_1.py,235,1576
pandas__pandas__core__construction__array__78_426_1,pandas__pandas__core__construction__array__78_426_1.py,349,3217
pandas__pandas__core__construction__sanitize_array__557_714_2,pandas__pandas__core__construction__sanitize_array__557_714_2.py,158,1203
pandas__pandas__core__dtypes__astype___astype_nansafe__57_136_1,pandas__pandas__core__dtypes__astype___astype_nansafe__57_136_1.py,80,677
pandas__pandas__core__dtypes__base__ExtensionDtype__46_451_1,pandas__pandas__core__dtypes__base__ExtensionDtype__46_451_1.py,406,2727
pandas__pandas__core__dtypes__cast__convert_dtypes__890_1073_4,pandas__pandas__core__dtypes__cast__convert_dtypes__890_1073_4.py,184,1551
pandas__pandas__core__dtypes__cast__infer_dtype_from_scalar__678_764_3,pandas__pandas__core__dtypes__cast__infer_dtype_from_scalar__678_764_3.py,87,593
pandas__pandas__core__dtypes__cast__maybe_cast_to_integer_array__1491_1606_5,pandas__pandas__core__dtypes__cast__maybe_cast_to_integer_array__1491_1606_5.py,116,930
pandas__pandas__core__dtypes__cast__maybe_downcast_numeric__308_391_1,pandas__pandas__core__dtypes__cast__maybe_downcast_numeric__308_391_1.py,84,629
pandas__pandas__core__dtypes__cast__np_can_hold_element__1654_1847_6,pandas__pandas__core__dtypes__cast__np_can_hold_element__1654_1847_6.py,194,1585
pandas__pandas__core__dtypes__cast___maybe_promote__516_637_2,pandas__pandas__core__dtypes__cast___maybe_promote__516_637_2.py,122,991
pandas__pandas__core__dtypes__common__pandas_dtype__1848_1939_1,pandas__pandas__core__dtypes__common__pandas_dtype__1848_1939_1.py,92,663
pandas__pandas__core__dtypes__concat__concat_compat__52_131_1,pandas__pandas__core__dtypes__concat__concat_compat__52_131_1.py,80,790
pandas__pandas__core__dtypes__concat__union_categoricals__177_342_2,pandas__pandas__core__dtypes__concat__union_categoricals__177_342_2.py,166,1478
pandas__pandas__core__dtypes__dtypes__ArrowDtype__2159_2496_8,pandas__pandas__core__dtypes__dtypes__ArrowDtype__2159_2496_8.py,338,2531
pandas__pandas__core__dtypes__dtypes__BaseMaskedDtype__1621_1713_6,pandas__pandas__core__dtypes__dtypes__BaseMaskedDtype__1621_1713_6.py,93,616
pandas__pandas__core__dtypes__dtypes__CategoricalDtype__164_714_1,pandas__pandas__core__dtypes__dtypes__CategoricalDtype__164_714_1.py,551,4257
pandas__pandas__core__dtypes__dtypes__DatetimeTZDtype__719_986_2,pandas__pandas__core__dtypes__dtypes__DatetimeTZDtype__719_986_2.py,268,1991
pandas__pandas__core__dtypes__dtypes__IntervalDtype__1233_1508_4,pandas__pandas__core__dtypes__dtypes__IntervalDtype__1233_1508_4.py,276,1942
pandas__pandas__core__dtypes__dtypes__NumpyEADtype__1511_1618_5,pandas__pandas__core__dtypes__dtypes__NumpyEADtype__1511_1618_5.py,108,725
pandas__pandas__core__dtypes__dtypes__PeriodDtype__991_1228_3,pandas__pandas__core__dtypes__dtypes__PeriodDtype__991_1228_3.py,238,1726
pandas__pandas__core__dtypes__dtypes__SparseDtype__1718_2154_7,pandas__pandas__core__dtypes__dtypes__SparseDtype__1718_2154_7.py,437,3152
pandas__pandas__core__dtypes__dtypes___from_values_or_dtype__257_353_9,pandas__pandas__core__dtypes__dtypes___from_values_or_dtype__257_353_9.py,97,883
pandas__pandas__core__dtypes__missing__array_equivalent__397_480_2,pandas__pandas__core__dtypes__missing__array_equivalent__397_480_2.py,84,748
pandas__pandas__core__dtypes__missing__notna__312_391_1,pandas__pandas__core__dtypes__missing__notna__312_391_1.py,80,640
pandas__pandas__core__frame__add__10317_10432_46,pandas__pandas__core__frame__add__10317_10432_46.py,116,913
pandas__pandas__core__frame__aggregate__13682_13799_70,pandas__pandas__core__frame__aggregate__13682_13799_70.py,118,1027
pandas__pandas__core__frame__all__15841_15938_82,pandas__pandas__core__frame__all__15841_15938_82.py,98,695
pandas__pandas__core__frame__any__15683_15808_81,pandas__pandas__core__frame__any__15683_15808_81.py,126,909
pandas__pandas__core__frame__apply__13955_14247_72,pandas__pandas__core__frame__apply__13955_14247_72.py,293,2401
pandas__pandas__core__frame__assign__5469_5548_23,pandas__pandas__core__frame__assign__5469_5548_23.py,80,681
pandas__pandas__core__frame__combine__11933_12116_61,pandas__pandas__core__frame__combine__11933_12116_61.py,184,1563
pandas__pandas__core__frame__compare__11778_11931_60,pandas__pandas__core__frame__compare__11778_11931_60.py,154,1358
pandas__pandas__core__frame__corrwith__15285_15428_79,pandas__pandas__core__frame__corrwith__15285_15428_79.py,144,1059
pandas__pandas__core__frame__corr__15030_15148_77,pandas__pandas__core__frame__corr__15030_15148_77.py,119,1039
pandas__pandas__core__frame__cov__15150_15283_78,pandas__pandas__core__frame__cov__15150_15283_78.py,134,1318
pandas__pandas__core__frame__cummax__17316_17423_93,pandas__pandas__core__frame__cummax__17316_17423_93.py,108,814
pandas__pandas__core__frame__cummin__17207_17314_92,pandas__pandas__core__frame__cummin__17207_17314_92.py,108,814
pandas__pandas__core__frame__cumprod__17534_17641_95,pandas__pandas__core__frame__cumprod__17534_17641_95.py,108,814
pandas__pandas__core__frame__cumsum__17425_17532_94,pandas__pandas__core__frame__cumsum__17425_17532_94.py,108,814
pandas__pandas__core__frame__DataFrame__270_18686_1,pandas__pandas__core__frame__DataFrame__270_18686_1.py,18417,150756
pandas__pandas__core__frame__diff__13532_13653_69,pandas__pandas__core__frame__diff__13532_13653_69.py,122,1097
pandas__pandas__core__frame__dot__1455_1571_5,pandas__pandas__core__frame__dot__1455_1571_5.py,117,950
pandas__pandas__core__frame__dropna__7489_7650_30,pandas__pandas__core__frame__dropna__7489_7650_30.py,162,1316
pandas__pandas__core__frame__drop_duplicates__7682_7784_31,pandas__pandas__core__frame__drop_duplicates__7682_7784_31.py,103,837
pandas__pandas__core__frame__drop__5962_6128_25,pandas__pandas__core__frame__drop__5962_6128_25.py,167,1511
pandas__pandas__core__frame__duplicated__7786_7918_32,pandas__pandas__core__frame__duplicated__7786_7918_32.py,133,1018
pandas__pandas__core__frame__eq__9395_9549_40,pandas__pandas__core__frame__eq__9395_9549_40.py,155,1189
pandas__pandas__core__frame__eval__5055_5205_21,pandas__pandas__core__frame__eval__5055_5205_21.py,151,1349
pandas__pandas__core__frame__explode__13183_13313_67,pandas__pandas__core__frame__explode__13183_13313_67.py,131,1128
pandas__pandas__core__frame__floordiv__11217_11308_54,pandas__pandas__core__frame__floordiv__11217_11308_54.py,92,730
pandas__pandas__core__frame__from_dict__1665_1788_6,pandas__pandas__core__frame__from_dict__1665_1788_6.py,124,1132
pandas__pandas__core__frame__from_records__2009_2226_8,pandas__pandas__core__frame__from_records__2009_2226_8.py,218,1669
pandas__pandas__core__frame__ge__10012_10159_44,pandas__pandas__core__frame__ge__10012_10159_44.py,148,1151
pandas__pandas__core__frame__groupby__12366_12597_63,pandas__pandas__core__frame__groupby__12366_12597_63.py,232,2208
pandas__pandas__core__frame__gt__10161_10315_45,pandas__pandas__core__frame__gt__10161_10315_45.py,155,1176
pandas__pandas__core__frame__idxmax__17785_17884_97,pandas__pandas__core__frame__idxmax__17785_17884_97.py,100,737
pandas__pandas__core__frame__idxmin__17684_17783_96,pandas__pandas__core__frame__idxmin__17684_17783_96.py,100,733
pandas__pandas__core__frame__info__3636_3796_16,pandas__pandas__core__frame__info__3636_3796_16.py,161,1529
pandas__pandas__core__frame__isin__18370_18494_101,pandas__pandas__core__frame__isin__18370_18494_101.py,125,1024
pandas__pandas__core__frame__itertuples__1356_1441_4,pandas__pandas__core__frame__itertuples__1356_1441_4.py,86,702
pandas__pandas__core__frame__join__14393_14641_74,pandas__pandas__core__frame__join__14393_14641_74.py,249,2164
pandas__pandas__core__frame__kurt__17110_17201_91,pandas__pandas__core__frame__kurt__17110_17201_91.py,92,652
pandas__pandas__core__frame__le__9707_9854_42,pandas__pandas__core__frame__le__9707_9854_42.py,148,1151
pandas__pandas__core__frame__lt__9856_10010_43,pandas__pandas__core__frame__lt__9856_10010_43.py,155,1176
pandas__pandas__core__frame__map__14249_14339_73,pandas__pandas__core__frame__map__14249_14339_73.py,91,700
pandas__pandas__core__frame__mean__16379_16467_85,pandas__pandas__core__frame__mean__16379_16467_85.py,89,652
pandas__pandas__core__frame__median__16503_16591_86,pandas__pandas__core__frame__median__16503_16591_86.py,89,650
pandas__pandas__core__frame__melt__13389_13527_68,pandas__pandas__core__frame__melt__13389_13527_68.py,139,1204
pandas__pandas__core__frame__memory_usage__3798_3896_17,pandas__pandas__core__frame__memory_usage__3798_3896_17.py,99,837
pandas__pandas__core__frame__merge__14643_14885_75,pandas__pandas__core__frame__merge__14643_14885_75.py,243,2374
pandas__pandas__core__frame__mode__17897_17991_98,pandas__pandas__core__frame__mode__17897_17991_98.py,95,759
pandas__pandas__core__frame__mod__11403_11494_56,pandas__pandas__core__frame__mod__11403_11494_56.py,92,717
pandas__pandas__core__frame__mul__10785_10901_50,pandas__pandas__core__frame__mul__10785_10901_50.py,117,918
pandas__pandas__core__frame__ne__9551_9705_41,pandas__pandas__core__frame__ne__9551_9705_41.py,155,1190
pandas__pandas__core__frame__nlargest__8533_8670_36,pandas__pandas__core__frame__nlargest__8533_8670_36.py,138,1290
pandas__pandas__core__frame__nsmallest__8672_8801_37,pandas__pandas__core__frame__nsmallest__8672_8801_37.py,130,1204
pandas__pandas__core__frame__pivot_table__12750_12975_65,pandas__pandas__core__frame__pivot_table__12750_12975_65.py,226,1869
pandas__pandas__core__frame__pivot__12599_12748_64,pandas__pandas__core__frame__pivot__12599_12748_64.py,150,1494
pandas__pandas__core__frame__pow__11589_11680_58,pandas__pandas__core__frame__pow__11589_11680_58.py,92,730
pandas__pandas__core__frame__prod__16256_16345_84,pandas__pandas__core__frame__prod__16256_16345_84.py,90,660
pandas__pandas__core__frame__quantile__18023_18203_99,pandas__pandas__core__frame__quantile__18023_18203_99.py,181,1679
pandas__pandas__core__frame__query__4847_5047_20,pandas__pandas__core__frame__query__4847_5047_20.py,201,1749
pandas__pandas__core__frame__radd__10434_10549_47,pandas__pandas__core__frame__radd__10434_10549_47.py,116,921
pandas__pandas__core__frame__reindex__5675_5921_24,pandas__pandas__core__frame__reindex__5675_5921_24.py,247,2298
pandas__pandas__core__frame__rename__6172_6311_26,pandas__pandas__core__frame__rename__6172_6311_26.py,140,1144
pandas__pandas__core__frame__reset_index__6925_7170_29,pandas__pandas__core__frame__reset_index__6925_7170_29.py,246,2074
pandas__pandas__core__frame__rfloordiv__11310_11401_55,pandas__pandas__core__frame__rfloordiv__11310_11401_55.py,92,764
pandas__pandas__core__frame__rmod__11496_11587_57,pandas__pandas__core__frame__rmod__11496_11587_57.py,92,762
pandas__pandas__core__frame__rmul__10905_11003_51,pandas__pandas__core__frame__rmul__10905_11003_51.py,99,786
pandas__pandas__core__frame__round__14887_15025_76,pandas__pandas__core__frame__round__14887_15025_76.py,139,1255
pandas__pandas__core__frame__rpow__11682_11773_59,pandas__pandas__core__frame__rpow__11682_11773_59.py,92,723
pandas__pandas__core__frame__rsub__10669_10783_49,pandas__pandas__core__frame__rsub__10669_10783_49.py,115,924
pandas__pandas__core__frame__rtruediv__11122_11213_53,pandas__pandas__core__frame__rtruediv__11122_11213_53.py,92,784
pandas__pandas__core__frame__select_dtypes__5207_5388_22,pandas__pandas__core__frame__select_dtypes__5207_5388_22.py,182,1612
pandas__pandas__core__frame__sem__16628_16711_87,pandas__pandas__core__frame__sem__16628_16711_87.py,84,631
pandas__pandas__core__frame__set_index__6644_6884_28,pandas__pandas__core__frame__set_index__6644_6884_28.py,241,1931
pandas__pandas__core__frame__shift__6401_6620_27,pandas__pandas__core__frame__shift__6401_6620_27.py,220,2410
pandas__pandas__core__frame__skew__16990_17076_90,pandas__pandas__core__frame__skew__16990_17076_90.py,87,614
pandas__pandas__core__frame__sort_index__8274_8382_34,pandas__pandas__core__frame__sort_index__8274_8382_34.py,109,982
pandas__pandas__core__frame__sort_values__7951_8227_33,pandas__pandas__core__frame__sort_values__7951_8227_33.py,277,2734
pandas__pandas__core__frame__stack__12977_13181_66,pandas__pandas__core__frame__stack__12977_13181_66.py,205,1639
pandas__pandas__core__frame__std__16867_16956_89,pandas__pandas__core__frame__std__16867_16956_89.py,90,718
pandas__pandas__core__frame__sub__10551_10665_48,pandas__pandas__core__frame__sub__10551_10665_48.py,115,913
pandas__pandas__core__frame__sum__16155_16253_83,pandas__pandas__core__frame__sum__16155_16253_83.py,99,751
pandas__pandas__core__frame__swaplevel__8803_8891_38,pandas__pandas__core__frame__swaplevel__8803_8891_38.py,89,720
pandas__pandas__core__frame__to_dict__1895_2006_7,pandas__pandas__core__frame__to_dict__1895_2006_7.py,112,1161
pandas__pandas__core__frame__to_html__3094_3311_14,pandas__pandas__core__frame__to_html__3094_3311_14.py,218,1701
pandas__pandas__core__frame__to_markdown__2677_2760_11,pandas__pandas__core__frame__to_markdown__2677_2760_11.py,84,707
pandas__pandas__core__frame__to_orc__2947_3034_13,pandas__pandas__core__frame__to_orc__2947_3034_13.py,88,829
pandas__pandas__core__frame__to_parquet__2790_2915_12,pandas__pandas__core__frame__to_parquet__2790_2915_12.py,126,1293
pandas__pandas__core__frame__to_records__2228_2385_9,pandas__pandas__core__frame__to_records__2228_2385_9.py,158,1425
pandas__pandas__core__frame__to_stata__2435_2601_10,pandas__pandas__core__frame__to_stata__2435_2601_10.py,167,1819
pandas__pandas__core__frame__to_string__1052_1192_3,pandas__pandas__core__frame__to_string__1052_1192_3.py,141,1190
pandas__pandas__core__frame__to_timestamp__18205_18291_100,pandas__pandas__core__frame__to_timestamp__18205_18291_100.py,87,782
pandas__pandas__core__frame__to_xml__3357_3577_15,pandas__pandas__core__frame__to_xml__3357_3577_15.py,221,2069
pandas__pandas__core__frame__transform__13803_13953_71,pandas__pandas__core__frame__transform__13803_13953_71.py,151,1316
pandas__pandas__core__frame__transpose__3898_4081_18,pandas__pandas__core__frame__transpose__3898_4081_18.py,184,1299
pandas__pandas__core__frame__truediv__11005_11117_52,pandas__pandas__core__frame__truediv__11005_11117_52.py,113,1001
pandas__pandas__core__frame__update__12194_12359_62,pandas__pandas__core__frame__update__12194_12359_62.py,166,1325
pandas__pandas__core__frame__value_counts__8384_8531_35,pandas__pandas__core__frame__value_counts__8384_8531_35.py,148,1121
pandas__pandas__core__frame__var__16748_16830_88,pandas__pandas__core__frame__var__16748_16830_88.py,83,637
pandas__pandas__core__frame___align_for_op__9161_9292_39,pandas__pandas__core__frame___align_for_op__9161_9292_39.py,132,967
pandas__pandas__core__frame___reduce__15513_15622_80,pandas__pandas__core__frame___reduce__15513_15622_80.py,110,1023
pandas__pandas__core__frame____init____456_657_2,pandas__pandas__core__frame____init____456_657_2.py,202,1350
pandas__pandas__core__frame____setitem____4391_4504_19,pandas__pandas__core__frame____setitem____4391_4504_19.py,114,1021
pandas__pandas__core__generic__align__9714_9879_39,pandas__pandas__core__generic__align__9714_9879_39.py,166,1638
pandas__pandas__core__generic__asfreq__8792_8914_34,pandas__pandas__core__generic__asfreq__8792_8914_34.py,123,1267
pandas__pandas__core__generic__asof__8094_8270_32,pandas__pandas__core__generic__asof__8094_8270_32.py,177,1521
pandas__pandas__core__generic__astype__6358_6555_24,pandas__pandas__core__generic__astype__6358_6555_24.py,198,1583
pandas__pandas__core__generic__between_time__8980_9062_35,pandas__pandas__core__generic__between_time__8980_9062_35.py,83,720
pandas__pandas__core__generic__bfill__7281_7391_29,pandas__pandas__core__generic__bfill__7281_7391_29.py,111,910
pandas__pandas__core__generic__clip__8612_8789_33,pandas__pandas__core__generic__clip__8612_8789_33.py,178,1389
pandas__pandas__core__generic__compare__9605_9711_38,pandas__pandas__core__generic__compare__9605_9711_38.py,107,816
pandas__pandas__core__generic__convert_dtypes__6740_6891_26,pandas__pandas__core__generic__convert_dtypes__6740_6891_26.py,152,1377
pandas__pandas__core__generic__copy__6558_6663_25,pandas__pandas__core__generic__copy__6558_6663_25.py,106,904
pandas__pandas__core__generic__describe__11197_11447_47,pandas__pandas__core__generic__describe__11197_11447_47.py,251,2156
pandas__pandas__core__generic__equals__1355_1449_4,pandas__pandas__core__generic__equals__1355_1449_4.py,95,809
pandas__pandas__core__generic__ewm__12314_12528_50,pandas__pandas__core__generic__ewm__12314_12528_50.py,215,1931
pandas__pandas__core__generic__ffill__7176_7278_28,pandas__pandas__core__generic__ffill__7176_7278_28.py,103,888
pandas__pandas__core__generic__fillna__6935_7173_27,pandas__pandas__core__generic__fillna__6935_7173_27.py,239,2228
pandas__pandas__core__generic__filter__5555_5665_19,pandas__pandas__core__generic__filter__5555_5665_19.py,111,833
pandas__pandas__core__generic__first_valid_index__12624_12708_51,pandas__pandas__core__generic__first_valid_index__12624_12708_51.py,85,533
pandas__pandas__core__generic__head__5668_5754_20,pandas__pandas__core__generic__head__5668_5754_20.py,87,540
pandas__pandas__core__generic__interpolate__7872_8088_31,pandas__pandas__core__generic__interpolate__7872_8088_31.py,217,1992
pandas__pandas__core__generic__last_valid_index__12711_12795_52,pandas__pandas__core__generic__last_valid_index__12711_12795_52.py,85,533
pandas__pandas__core__generic__mask__10333_10510_42,pandas__pandas__core__generic__mask__10333_10510_42.py,178,1451
pandas__pandas__core__generic__NDFrame__208_12795_1,pandas__pandas__core__generic__NDFrame__208_12795_1.py,12588,105968
pandas__pandas__core__generic__pct_change__11450_11595_48,pandas__pandas__core__generic__pct_change__11450_11595_48.py,146,1292
pandas__pandas__core__generic__pipe__6018_6123_23,pandas__pandas__core__generic__pipe__6018_6123_23.py,106,919
pandas__pandas__core__generic__rank__9446_9603_37,pandas__pandas__core__generic__rank__9446_9603_37.py,158,1401
pandas__pandas__core__generic__reindex_like__4440_4563_15,pandas__pandas__core__generic__reindex_like__4440_4563_15.py,124,1172
pandas__pandas__core__generic__reindex__5194_5471_18,pandas__pandas__core__generic__reindex__5194_5471_18.py,278,2584
pandas__pandas__core__generic__rename_axis__1093_1261_3,pandas__pandas__core__generic__rename_axis__1093_1261_3.py,169,1375
pandas__pandas__core__generic__replace__7394_7869_30,pandas__pandas__core__generic__replace__7394_7869_30.py,476,4279
pandas__pandas__core__generic__resample__9065_9443_36,pandas__pandas__core__generic__resample__9065_9443_36.py,379,4485
pandas__pandas__core__generic__rolling__11949_12238_49,pandas__pandas__core__generic__rolling__11949_12238_49.py,290,2388
pandas__pandas__core__generic__sample__5847_5999_22,pandas__pandas__core__generic__sample__5847_5999_22.py,153,1488
pandas__pandas__core__generic__shift__10512_10660_43,pandas__pandas__core__generic__shift__10512_10660_43.py,149,1762
pandas__pandas__core__generic__sort_values__4926_5091_17,pandas__pandas__core__generic__sort_values__4926_5091_17.py,166,1715
pandas__pandas__core__generic__squeeze__828_940_2,pandas__pandas__core__generic__squeeze__828_940_2.py,113,829
pandas__pandas__core__generic__tail__5757_5844_21,pandas__pandas__core__generic__tail__5757_5844_21.py,88,515
pandas__pandas__core__generic__take__4004_4101_13,pandas__pandas__core__generic__take__4004_4101_13.py,98,843
pandas__pandas__core__generic__to_csv__3789_3998_12,pandas__pandas__core__generic__to_csv__3789_3998_12.py,210,2124
pandas__pandas__core__generic__to_excel__2140_2311_5,pandas__pandas__core__generic__to_excel__2140_2311_5.py,172,1610
pandas__pandas__core__generic__to_hdf__2643_2794_7,pandas__pandas__core__generic__to_hdf__2643_2794_7.py,152,1466
pandas__pandas__core__generic__to_json__2314_2640_6,pandas__pandas__core__generic__to_json__2314_2640_6.py,327,2666
pandas__pandas__core__generic__to_latex__3372_3657_11,pandas__pandas__core__generic__to_latex__3372_3657_11.py,286,2773
pandas__pandas__core__generic__to_pickle__3056_3147_9,pandas__pandas__core__generic__to_pickle__3056_3147_9.py,92,972
pandas__pandas__core__generic__to_sql__2797_3053_8,pandas__pandas__core__generic__to_sql__2797_3053_8.py,257,2470
pandas__pandas__core__generic__to_xarray__3224_3315_10,pandas__pandas__core__generic__to_xarray__3224_3315_10.py,92,915
pandas__pandas__core__generic__truncate__10699_10878_44,pandas__pandas__core__generic__truncate__10699_10878_44.py,180,1638
pandas__pandas__core__generic__tz_convert__10881_10980_45,pandas__pandas__core__generic__tz_convert__10881_10980_45.py,100,807
pandas__pandas__core__generic__tz_localize__10983_11191_46,pandas__pandas__core__generic__tz_localize__10983_11191_46.py,209,2177
pandas__pandas__core__generic__where__10164_10330_41,pandas__pandas__core__generic__where__10164_10330_41.py,167,1402
pandas__pandas__core__generic__xs__4104_4279_14,pandas__pandas__core__generic__xs__4104_4279_14.py,176,1381
pandas__pandas__core__generic___drop_axis__4646_4729_16,pandas__pandas__core__generic___drop_axis__4646_4729_16.py,84,655
pandas__pandas__core__generic___where__9991_10161_40,pandas__pandas__core__generic___where__9991_10161_40.py,171,1287
pandas__pandas__core__groupby__generic__aggregate__2074_2295_9,pandas__pandas__core__groupby__generic__aggregate__2074_2295_9.py,222,2010
pandas__pandas__core__groupby__generic__aggregate__314_496_4,pandas__pandas__core__groupby__generic__aggregate__314_496_4.py,183,1585
pandas__pandas__core__groupby__generic__apply__207_312_3,pandas__pandas__core__groupby__generic__apply__207_312_3.py,106,958
pandas__pandas__core__groupby__generic__corrwith__3831_3912_18,pandas__pandas__core__groupby__generic__corrwith__3831_3912_18.py,82,598
pandas__pandas__core__groupby__generic__corr__3515_3596_15,pandas__pandas__core__groupby__generic__corr__3515_3596_15.py,82,776
pandas__pandas__core__groupby__generic__cov__3598_3701_16,pandas__pandas__core__groupby__generic__cov__3598_3701_16.py,104,967
pandas__pandas__core__groupby__generic__DataFrameGroupBy__2073_3912_2,pandas__pandas__core__groupby__generic__DataFrameGroupBy__2073_3912_2.py,1840,15087
pandas__pandas__core__groupby__generic__describe__944_1052_6,pandas__pandas__core__groupby__generic__describe__944_1052_6.py,109,1126
pandas__pandas__core__groupby__generic__filter__2711_2793_11,pandas__pandas__core__groupby__generic__filter__2711_2793_11.py,83,660
pandas__pandas__core__groupby__generic__hist__3703_3829_17,pandas__pandas__core__groupby__generic__hist__3703_3829_17.py,127,1074
pandas__pandas__core__groupby__generic__kurt__3382_3485_14,pandas__pandas__core__groupby__generic__kurt__3382_3485_14.py,104,662
pandas__pandas__core__groupby__generic__SeriesGroupBy__187_2069_1,pandas__pandas__core__groupby__generic__SeriesGroupBy__187_2069_1.py,1883,15105
pandas__pandas__core__groupby__generic__take__1304_1384_8,pandas__pandas__core__groupby__generic__take__1304_1384_8.py,81,669
pandas__pandas__core__groupby__generic__take__3213_3306_13,pandas__pandas__core__groupby__generic__take__3213_3306_13.py,94,841
pandas__pandas__core__groupby__generic__transform__2510_2660_10,pandas__pandas__core__groupby__generic__transform__2510_2660_10.py,151,1474
pandas__pandas__core__groupby__generic__transform__613_752_5,pandas__pandas__core__groupby__generic__transform__613_752_5.py,140,1243
pandas__pandas__core__groupby__generic__value_counts__1054_1302_7,pandas__pandas__core__groupby__generic__value_counts__1054_1302_7.py,249,2088
pandas__pandas__core__groupby__generic__value_counts__3094_3211_12,pandas__pandas__core__groupby__generic__value_counts__3094_3211_12.py,118,999
pandas__pandas__core__groupby__groupby__apply__1235_1400_6,pandas__pandas__core__groupby__groupby__apply__1235_1400_6.py,166,1482
pandas__pandas__core__groupby__groupby__BaseGroupBy__192_739_1,pandas__pandas__core__groupby__groupby__BaseGroupBy__192_739_1.py,548,4573
pandas__pandas__core__groupby__groupby__count__1834_1935_7,pandas__pandas__core__groupby__groupby__count__1834_1935_7.py,102,822
pandas__pandas__core__groupby__groupby__describe__3401_3673_20,pandas__pandas__core__groupby__groupby__describe__3401_3673_20.py,273,2309
pandas__pandas__core__groupby__groupby__diff__5396_5483_30,pandas__pandas__core__groupby__groupby__diff__5396_5483_30.py,88,708
pandas__pandas__core__groupby__groupby__ewm__4025_4128_23,pandas__pandas__core__groupby__groupby__ewm__4025_4128_23.py,104,775
pandas__pandas__core__groupby__groupby__ffill__4207_4296_24,pandas__pandas__core__groupby__groupby__ffill__4207_4296_24.py,90,831
pandas__pandas__core__groupby__groupby__first__3135_3217_18,pandas__pandas__core__groupby__groupby__first__3135_3217_18.py,83,642
pandas__pandas__core__groupby__groupby__get_groupby__5912_6002_3,pandas__pandas__core__groupby__groupby__get_groupby__5912_6002_3.py,91,546
pandas__pandas__core__groupby__groupby__get_group__543_638_4,pandas__pandas__core__groupby__groupby__get_group__543_638_4.py,96,779
pandas__pandas__core__groupby__groupby__GroupBy__746_5909_2,pandas__pandas__core__groupby__groupby__GroupBy__746_5909_2.py,5164,41538
pandas__pandas__core__groupby__groupby__max__3018_3132_17,pandas__pandas__core__groupby__groupby__max__3018_3132_17.py,115,961
pandas__pandas__core__groupby__groupby__mean__1938_2038_8,pandas__pandas__core__groupby__groupby__mean__1938_2038_8.py,101,828
pandas__pandas__core__groupby__groupby__median__2041_2138_9,pandas__pandas__core__groupby__groupby__median__2041_2138_9.py,98,784
pandas__pandas__core__groupby__groupby__min__2901_3015_16,pandas__pandas__core__groupby__groupby__min__2901_3015_16.py,115,961
pandas__pandas__core__groupby__groupby__ngroup__4741_4821_27,pandas__pandas__core__groupby__groupby__ngroup__4741_4821_27.py,81,622
pandas__pandas__core__groupby__groupby__nth__4381_4462_25,pandas__pandas__core__groupby__groupby__nth__4381_4462_25.py,82,665
pandas__pandas__core__groupby__groupby__ohlc__3288_3399_19,pandas__pandas__core__groupby__groupby__ohlc__3288_3399_19.py,112,1119
pandas__pandas__core__groupby__groupby__pct_change__5486_5583_31,pandas__pandas__core__groupby__groupby__pct_change__5486_5583_31.py,98,778
pandas__pandas__core__groupby__groupby__quantile__4520_4738_26,pandas__pandas__core__groupby__groupby__quantile__4520_4738_26.py,219,1762
pandas__pandas__core__groupby__groupby__rank__4881_4968_28,pandas__pandas__core__groupby__groupby__rank__4881_4968_28.py,88,977
pandas__pandas__core__groupby__groupby__resample__3676_3793_21,pandas__pandas__core__groupby__groupby__resample__3676_3793_21.py,118,1172
pandas__pandas__core__groupby__groupby__rolling__3796_3952_22,pandas__pandas__core__groupby__groupby__rolling__3796_3952_22.py,157,1344
pandas__pandas__core__groupby__groupby__sample__5692_5814_32,pandas__pandas__core__groupby__groupby__sample__5692_5814_32.py,123,1007
pandas__pandas__core__groupby__groupby__sem__2495_2598_13,pandas__pandas__core__groupby__groupby__sem__2495_2598_13.py,104,835
pandas__pandas__core__groupby__groupby__shift__5251_5393_29,pandas__pandas__core__groupby__groupby__shift__5251_5393_29.py,143,1041
pandas__pandas__core__groupby__groupby__size__2601_2696_14,pandas__pandas__core__groupby__groupby__size__2601_2696_14.py,96,746
pandas__pandas__core__groupby__groupby__std__2141_2254_10,pandas__pandas__core__groupby__groupby__std__2141_2254_10.py,114,955
pandas__pandas__core__groupby__groupby__sum__2699_2818_15,pandas__pandas__core__groupby__groupby__sum__2699_2818_15.py,120,1021
pandas__pandas__core__groupby__groupby__var__2257_2367_11,pandas__pandas__core__groupby__groupby__var__2257_2367_11.py,111,923
pandas__pandas__core__groupby__groupby___value_counts__2370_2492_12,pandas__pandas__core__groupby__groupby___value_counts__2370_2492_12.py,123,924
pandas__pandas__core__groupby__groupby____iter____641_739_5,pandas__pandas__core__groupby__groupby____iter____641_739_5.py,99,895
pandas__pandas__core__groupby__grouper__get_grouper__722_936_3,pandas__pandas__core__groupby__grouper__get_grouper__722_936_3.py,215,1754
pandas__pandas__core__groupby__grouper__Grouper__71_410_1,pandas__pandas__core__groupby__grouper__Grouper__71_410_1.py,340,3338
pandas__pandas__core__groupby__grouper__Grouping__414_719_2,pandas__pandas__core__groupby__grouper__Grouping__414_719_2.py,306,2544
pandas__pandas__core__groupby__grouper____init____451_554_4,pandas__pandas__core__groupby__grouper____init____451_554_4.py,104,971
pandas__pandas__core__groupby__indexing__GroupByIndexingMixin__30_243_1,pandas__pandas__core__groupby__indexing__GroupByIndexingMixin__30_243_1.py,214,1630
pandas__pandas__core__groupby__indexing__GroupByPositionalSelector__246_360_2,pandas__pandas__core__groupby__indexing__GroupByPositionalSelector__246_360_2.py,115,965
pandas__pandas__core__groupby__indexing___positional_selector__36_119_3,pandas__pandas__core__groupby__indexing___positional_selector__36_119_3.py,84,735
pandas__pandas__core__groupby__ops__BaseGrouper__584_1076_2,pandas__pandas__core__groupby__ops__BaseGrouper__584_1076_2.py,493,3890
pandas__pandas__core__groupby__ops__BinGrouper__1079_1227_3,pandas__pandas__core__groupby__ops__BinGrouper__1079_1227_3.py,149,1137
pandas__pandas__core__groupby__ops__result_index_and_ids__790_878_5,pandas__pandas__core__groupby__ops__result_index_and_ids__790_878_5.py,89,838
pandas__pandas__core__groupby__ops__WrappedCythonOp__118_581_1,pandas__pandas__core__groupby__ops__WrappedCythonOp__118_581_1.py,464,3522
pandas__pandas__core__groupby__ops___call_cython_op__371_534_4,pandas__pandas__core__groupby__ops___call_cython_op__371_534_4.py,164,1265
pandas__pandas__core__indexers__objects__BaseIndexer__21_105_1,pandas__pandas__core__indexers__objects__BaseIndexer__21_105_1.py,85,665
pandas__pandas__core__indexers__objects__FixedForwardWindowIndexer__441_533_3,pandas__pandas__core__indexers__objects__FixedForwardWindowIndexer__441_533_3.py,93,692
pandas__pandas__core__indexers__objects__get_window_bounds__296_395_5,pandas__pandas__core__indexers__objects__get_window_bounds__296_395_5.py,100,753
pandas__pandas__core__indexers__objects__GroupbyIndexer__536_650_4,pandas__pandas__core__indexers__objects__GroupbyIndexer__536_650_4.py,115,967
pandas__pandas__core__indexers__objects__VariableOffsetWindowIndexer__219_395_2,pandas__pandas__core__indexers__objects__VariableOffsetWindowIndexer__219_395_2.py,177,1434
pandas__pandas__core__indexers__utils__check_array_indexer__453_595_1,pandas__pandas__core__indexers__utils__check_array_indexer__453_595_1.py,143,1182
pandas__pandas__core__indexes__accessors__ArrowTemporalProperties__164_265_1,pandas__pandas__core__indexes__accessors__ArrowTemporalProperties__164_265_1.py,102,744
pandas__pandas__core__indexes__accessors__CombinedDatetimelikeProperties__629_711_4,pandas__pandas__core__indexes__accessors__CombinedDatetimelikeProperties__629_711_4.py,83,653
pandas__pandas__core__indexes__accessors__DatetimeProperties__278_433_2,pandas__pandas__core__indexes__accessors__DatetimeProperties__278_433_2.py,156,1282
pandas__pandas__core__indexes__accessors__TimedeltaProperties__444_559_3,pandas__pandas__core__indexes__accessors__TimedeltaProperties__444_559_3.py,116,956
pandas__pandas__core__indexes__api__union_indexes__185_281_1,pandas__pandas__core__indexes__api__union_indexes__185_281_1.py,97,756
pandas__pandas__core__indexes__base__equals__5557_5657_13,pandas__pandas__core__indexes__base__equals__5557_5657_13.py,101,725
pandas__pandas__core__indexes__base__get_indexer_non_unique__6081_6170_15,pandas__pandas__core__indexes__base__get_indexer_non_unique__6081_6170_15.py,90,917
pandas__pandas__core__indexes__base__get_indexer__3626_3765_8,pandas__pandas__core__indexes__base__get_indexer__3626_3765_8.py,140,1262
pandas__pandas__core__indexes__base__get_slice_bound__6832_6918_16,pandas__pandas__core__indexes__base__get_slice_bound__6832_6918_16.py,87,626
pandas__pandas__core__indexes__base__get_values_for_csv__8008_8115_2,pandas__pandas__core__indexes__base__get_values_for_csv__8008_8115_2.py,108,786
pandas__pandas__core__indexes__base__Index__314_7757_1,pandas__pandas__core__indexes__base__Index__314_7757_1.py,7444,56875
pandas__pandas__core__indexes__base__intersection__3212_3305_6,pandas__pandas__core__indexes__base__intersection__3212_3305_6.py,94,790
pandas__pandas__core__indexes__base__join__4351_4474_10,pandas__pandas__core__indexes__base__join__4351_4474_10.py,124,1109
pandas__pandas__core__indexes__base__reindex__4116_4227_9,pandas__pandas__core__indexes__base__reindex__4116_4227_9.py,112,957
pandas__pandas__core__indexes__base__set_names__1908_2005_4,pandas__pandas__core__indexes__base__set_names__1908_2005_4.py,98,790
pandas__pandas__core__indexes__base__slice_locs__6920_7019_17,pandas__pandas__core__indexes__base__slice_locs__6920_7019_17.py,100,746
pandas__pandas__core__indexes__base__sort_values__5875_5961_14,pandas__pandas__core__indexes__base__sort_values__5875_5961_14.py,87,685
pandas__pandas__core__indexes__base__symmetric_difference__3456_3551_7,pandas__pandas__core__indexes__base__symmetric_difference__3456_3551_7.py,96,783
pandas__pandas__core__indexes__base__union__2994_3123_5,pandas__pandas__core__indexes__base__union__2994_3123_5.py,130,1042
pandas__pandas__core__indexes__base___join_level__4672_4817_12,pandas__pandas__core__indexes__base___join_level__4672_4817_12.py,146,1240
pandas__pandas__core__indexes__base___join_multi__4554_4640_11,pandas__pandas__core__indexes__base___join_multi__4554_4640_11.py,87,746
pandas__pandas__core__indexes__base____new____476_582_3,pandas__pandas__core__indexes__base____new____476_582_3.py,107,930
pandas__pandas__core__indexes__category__CategoricalIndex__78_552_1,pandas__pandas__core__indexes__category__CategoricalIndex__78_552_1.py,475,3470
pandas__pandas__core__indexes__datetimelike__DatetimeIndexOpsMixin__85_552_1,pandas__pandas__core__indexes__datetimelike__DatetimeIndexOpsMixin__85_552_1.py,468,3530
pandas__pandas__core__indexes__datetimelike__DatetimeTimedeltaMixin__555_1153_2,pandas__pandas__core__indexes__datetimelike__DatetimeTimedeltaMixin__555_1153_2.py,599,4931
pandas__pandas__core__indexes__datetimes__bdate_range__1520_1632_3,pandas__pandas__core__indexes__datetimes__bdate_range__1520_1632_3.py,113,944
pandas__pandas__core__indexes__datetimes__DatetimeIndex__142_1259_1,pandas__pandas__core__indexes__datetimes__DatetimeIndex__142_1259_1.py,1118,9536
pandas__pandas__core__indexes__datetimes__date_range__1263_1516_2,pandas__pandas__core__indexes__datetimes__date_range__1263_1516_2.py,254,2989
pandas__pandas__core__indexes__datetimes__indexer_at_time__1113_1193_5,pandas__pandas__core__indexes__datetimes__indexer_at_time__1113_1193_5.py,81,665
pandas__pandas__core__indexes__datetimes__tz_localize__403_549_4,pandas__pandas__core__indexes__datetimes__tz_localize__403_549_4.py,147,1776
pandas__pandas__core__indexes__interval__get_indexer_non_unique__853_933_4,pandas__pandas__core__indexes__interval__get_indexer_non_unique__853_933_4.py,81,811
pandas__pandas__core__indexes__interval__get_loc__743_822_3,pandas__pandas__core__indexes__interval__get_loc__743_822_3.py,80,617
pandas__pandas__core__indexes__interval__IntervalIndex__159_1253_1,pandas__pandas__core__indexes__interval__IntervalIndex__159_1253_1.py,1095,8491
pandas__pandas__core__indexes__interval__interval_range__1287_1474_2,pandas__pandas__core__indexes__interval__interval_range__1287_1474_2.py,188,1805
pandas__pandas__core__indexes__multi__copy__1352_1431_4,pandas__pandas__core__indexes__multi__copy__1352_1431_4.py,80,585
pandas__pandas__core__indexes__multi__drop__2798_2904_8,pandas__pandas__core__indexes__multi__drop__2798_2904_8.py,107,813
pandas__pandas__core__indexes__multi__from_tuples__524_604_2,pandas__pandas__core__indexes__multi__from_tuples__524_604_2.py,81,670
pandas__pandas__core__indexes__multi__get_locs__3948_4084_13,pandas__pandas__core__indexes__multi__get_locs__3948_4084_13.py,137,1169
pandas__pandas__core__indexes__multi__get_loc__3493_3619_10,pandas__pandas__core__indexes__multi__get_loc__3493_3619_10.py,127,984
pandas__pandas__core__indexes__multi__isin__4555_4639_15,pandas__pandas__core__indexes__multi__isin__4555_4639_15.py,85,643
pandas__pandas__core__indexes__multi__MultiIndex__198_4670_1,pandas__pandas__core__indexes__multi__MultiIndex__198_4670_1.py,4473,34262
pandas__pandas__core__indexes__multi__remove_unused_levels__2345_2441_6,pandas__pandas__core__indexes__multi__remove_unused_levels__2345_2441_6.py,97,778
pandas__pandas__core__indexes__multi__set_levels__952_1069_3,pandas__pandas__core__indexes__multi__set_levels__952_1069_3.py,118,994
pandas__pandas__core__indexes__multi__sortlevel__3100_3216_9,pandas__pandas__core__indexes__multi__sortlevel__3100_3216_9.py,117,915
pandas__pandas__core__indexes__multi__take__2511_2597_7,pandas__pandas__core__indexes__multi__take__2511_2597_7.py,87,606
pandas__pandas__core__indexes__multi__to_frame__2099_2186_5,pandas__pandas__core__indexes__multi__to_frame__2099_2186_5.py,88,532
pandas__pandas__core__indexes__multi___get_level_indexer__3835_3946_12,pandas__pandas__core__indexes__multi___get_level_indexer__3835_3946_12.py,112,1006
pandas__pandas__core__indexes__multi___get_loc_level__3686_3833_11,pandas__pandas__core__indexes__multi___get_loc_level__3686_3833_11.py,148,1140
pandas__pandas__core__indexes__multi___reorder_indexer__4088_4174_14,pandas__pandas__core__indexes__multi___reorder_indexer__4088_4174_14.py,87,814
pandas__pandas__core__indexes__period__PeriodIndex__82_713_1,pandas__pandas__core__indexes__period__PeriodIndex__82_713_1.py,632,4586
pandas__pandas__core__indexes__range__RangeIndex__78_1584_1,pandas__pandas__core__indexes__range__RangeIndex__78_1584_1.py,1507,12010
pandas__pandas__core__indexes__range___concat__1181_1264_3,pandas__pandas__core__indexes__range___concat__1181_1264_3.py,84,693
pandas__pandas__core__indexes__range___difference__987_1072_2,pandas__pandas__core__indexes__range___difference__987_1072_2.py,86,830
pandas__pandas__core__indexes__timedeltas__TimedeltaIndex__75_276_1,pandas__pandas__core__indexes__timedeltas__TimedeltaIndex__75_276_1.py,202,1484
pandas__pandas__core__indexes__timedeltas__timedelta_range__280_420_2,pandas__pandas__core__indexes__timedeltas__timedelta_range__280_420_2.py,141,1318
pandas__pandas__core__indexing__iloc__164_307_6,pandas__pandas__core__indexing__iloc__164_307_6.py,144,1263
pandas__pandas__core__indexing__IndexingMixin__158_754_1,pandas__pandas__core__indexing__IndexingMixin__158_754_1.py,597,4834
pandas__pandas__core__indexing__loc__310_637_7,pandas__pandas__core__indexing__loc__310_637_7.py,328,2661
pandas__pandas__core__indexing___align_series__2854_2970_10,pandas__pandas__core__indexing___align_series__2854_2970_10.py,117,885
pandas__pandas__core__indexing___AtIndexer__3060_3171_5,pandas__pandas__core__indexing___AtIndexer__3060_3171_5.py,112,890
pandas__pandas__core__indexing___iLocIndexer__1966_3019_4,pandas__pandas__core__indexing___iLocIndexer__1966_3019_4.py,1054,8659
pandas__pandas__core__indexing___LocationIndexer__757_1270_2,pandas__pandas__core__indexing___LocationIndexer__757_1270_2.py,514,4508
pandas__pandas__core__indexing___LocIndexer__1273_1963_3,pandas__pandas__core__indexing___LocIndexer__1273_1963_3.py,691,5269
pandas__pandas__core__indexing___setitem_with_indexer_missing__2749_2835_9,pandas__pandas__core__indexing___setitem_with_indexer_missing__2749_2835_9.py,87,728
pandas__pandas__core__indexing___setitem_with_indexer_split_path__2484_2571_8,pandas__pandas__core__indexing___setitem_with_indexer_split_path__2484_2571_8.py,88,924
pandas__pandas__core__interchange__column__PandasColumn__74_479_1,pandas__pandas__core__interchange__column__PandasColumn__74_479_1.py,406,3385
pandas__pandas__core__interchange__dataframe_protocol__Column__176_356_1,pandas__pandas__core__interchange__dataframe_protocol__Column__176_356_1.py,181,1580
pandas__pandas__core__interchange__dataframe_protocol__DataFrame__368_468_2,pandas__pandas__core__interchange__dataframe_protocol__DataFrame__368_468_2.py,101,728
pandas__pandas__core__interchange__from_dataframe__from_dataframe__42_136_1,pandas__pandas__core__interchange__from_dataframe__from_dataframe__42_136_1.py,95,767
pandas__pandas__core__interchange__from_dataframe__string_column_to_ndarray__301_393_2,pandas__pandas__core__interchange__from_dataframe__string_column_to_ndarray__301_393_2.py,93,772
pandas__pandas__core__internals__blocks__Block__138_1606_1,pandas__pandas__core__internals__blocks__Block__138_1606_1.py,1469,10923
pandas__pandas__core__internals__blocks__EABackedBlock__1609_1866_2,pandas__pandas__core__internals__blocks__EABackedBlock__1609_1866_2.py,258,1915
pandas__pandas__core__internals__blocks__ExtensionBlock__1869_2132_3,pandas__pandas__core__internals__blocks__ExtensionBlock__1869_2132_3.py,264,2366
pandas__pandas__core__internals__blocks__replace_list__790_879_4,pandas__pandas__core__internals__blocks__replace_list__790_879_4.py,90,747
pandas__pandas__core__internals__blocks__where__1211_1312_5,pandas__pandas__core__internals__blocks__where__1211_1312_5.py,102,787
pandas__pandas__core__internals__concat__concatenate_managers__61_155_1,pandas__pandas__core__internals__concat__concatenate_managers__61_155_1.py,95,832
pandas__pandas__core__internals__construction__dict_to_mgr__375_460_2,pandas__pandas__core__internals__construction__dict_to_mgr__375_460_2.py,86,569
pandas__pandas__core__internals__construction__ndarray_to_mgr__193_354_1,pandas__pandas__core__internals__construction__ndarray_to_mgr__193_354_1.py,162,1342
pandas__pandas__core__internals__managers__BaseBlockManager__143_1074_1,pandas__pandas__core__internals__managers__BaseBlockManager__143_1074_1.py,932,6963
pandas__pandas__core__internals__managers__BlockManager__1077_1991_2,pandas__pandas__core__internals__managers__BlockManager__1077_1991_2.py,915,7407
pandas__pandas__core__internals__managers__iset__1259_1407_6,pandas__pandas__core__internals__managers__iset__1259_1407_6.py,149,1243
pandas__pandas__core__internals__managers__reindex_indexer__792_877_4,pandas__pandas__core__internals__managers__reindex_indexer__792_877_4.py,86,631
pandas__pandas__core__internals__managers__SingleBlockManager__1994_2278_3,pandas__pandas__core__internals__managers__SingleBlockManager__1994_2278_3.py,285,2289
pandas__pandas__core__internals__managers___slice_take_blocks_ax0__879_1017_5,pandas__pandas__core__internals__managers___slice_take_blocks_ax0__879_1017_5.py,139,1210
pandas__pandas__core__methods__selectn__compute__107_191_3,pandas__pandas__core__methods__selectn__compute__107_191_3.py,85,665
pandas__pandas__core__methods__selectn__SelectNFrame__194_301_2,pandas__pandas__core__methods__selectn__SelectNFrame__194_301_2.py,108,779
pandas__pandas__core__methods__selectn__SelectNSeries__92_191_1,pandas__pandas__core__methods__selectn__SelectNSeries__92_191_1.py,100,728
pandas__pandas__core__methods__to_dict__to_dict__97_289_1,pandas__pandas__core__methods__to_dict__to_dict__97_289_1.py,193,1563
pandas__pandas__core__missing___cubicspline_interpolate__736_819_2,pandas__pandas__core__missing___cubicspline_interpolate__736_819_2.py,84,1006
pandas__pandas__core__missing___interpolate_1d__450_559_1,pandas__pandas__core__missing___interpolate_1d__450_559_1.py,110,949
pandas__pandas__core__nanops__nankurt__1300_1414_3,pandas__pandas__core__nanops__nankurt__1300_1414_3.py,115,1112
pandas__pandas__core__nanops__nanmedian__728_832_1,pandas__pandas__core__nanops__nanmedian__728_832_1.py,105,867
pandas__pandas__core__nanops__nanskew__1211_1295_2,pandas__pandas__core__nanops__nanskew__1211_1295_2.py,85,716
pandas__pandas__core__resample__aggregate__345_451_7,pandas__pandas__core__resample__aggregate__345_451_7.py,107,1082
pandas__pandas__core__resample__bfill__749_848_8,pandas__pandas__core__resample__bfill__749_848_8.py,100,1211
pandas__pandas__core__resample__DatetimeIndexResampler__2107_2212_3,pandas__pandas__core__resample__DatetimeIndexResampler__2107_2212_3.py,106,787
pandas__pandas__core__resample__interpolate__851_1056_9,pandas__pandas__core__resample__interpolate__851_1056_9.py,206,2190
pandas__pandas__core__resample__PeriodIndexResampler__2230_2314_4,pandas__pandas__core__resample__PeriodIndexResampler__2230_2314_4.py,85,649
pandas__pandas__core__resample__Resampler__118_1991_1,pandas__pandas__core__resample__Resampler__118_1991_1.py,1874,15551
pandas__pandas__core__resample__TimeGrouper__2399_2857_5,pandas__pandas__core__resample__TimeGrouper__2399_2857_5.py,459,3870
pandas__pandas__core__resample___adjust_dates_anchored__3034_3115_6,pandas__pandas__core__resample___adjust_dates_anchored__3034_3115_6.py,82,785
pandas__pandas__core__resample___GroupByMixin__1994_2104_2,pandas__pandas__core__resample___GroupByMixin__1994_2104_2.py,111,753
pandas__pandas__core__resample____init____2424_2538_10,pandas__pandas__core__resample____init____2424_2538_10.py,115,1121
pandas__pandas__core__reshape__concat__concat__158_500_1,pandas__pandas__core__reshape__concat__concat__158_500_1.py,343,2934
pandas__pandas__core__reshape__concat___get_result__553_664_2,pandas__pandas__core__reshape__concat___get_result__553_664_2.py,112,712
pandas__pandas__core__reshape__concat___make_concat_multiindex__887_998_3,pandas__pandas__core__reshape__concat___make_concat_multiindex__887_998_3.py,112,839
pandas__pandas__core__reshape__encoding__from_dummies__372_589_3,pandas__pandas__core__reshape__encoding__from_dummies__372_589_3.py,218,1965
pandas__pandas__core__reshape__encoding__get_dummies__43_239_1,pandas__pandas__core__reshape__encoding__get_dummies__43_239_1.py,197,1726
pandas__pandas__core__reshape__encoding___get_dummies_1d__242_368_2,pandas__pandas__core__reshape__encoding___get_dummies_1d__242_368_2.py,127,928
pandas__pandas__core__reshape__melt__lreshape__282_365_2,pandas__pandas__core__reshape__melt__lreshape__282_365_2.py,84,733
pandas__pandas__core__reshape__melt__melt__45_278_1,pandas__pandas__core__reshape__melt__melt__45_278_1.py,234,2055
pandas__pandas__core__reshape__melt__wide_to_long__369_676_3,pandas__pandas__core__reshape__melt__wide_to_long__369_676_3.py,308,3700
pandas__pandas__core__reshape__merge__merge_asof__659_936_3,pandas__pandas__core__reshape__merge__merge_asof__659_936_3.py,278,3345
pandas__pandas__core__reshape__merge__merge_ordered__515_655_2,pandas__pandas__core__reshape__merge__merge_ordered__515_655_2.py,141,1386
pandas__pandas__core__reshape__merge__merge__148_401_1,pandas__pandas__core__reshape__merge__merge__148_401_1.py,254,2469
pandas__pandas__core__reshape__merge__restore_dropped_levels_multijoin__2161_2247_5,pandas__pandas__core__reshape__merge__restore_dropped_levels_multijoin__2161_2247_5.py,87,674
pandas__pandas__core__reshape__merge___AsOfMerge__2315_2653_6,pandas__pandas__core__reshape__merge___AsOfMerge__2315_2653_6.py,339,2735
pandas__pandas__core__reshape__merge___factorize_keys__2754_2960_7,pandas__pandas__core__reshape__merge___factorize_keys__2754_2960_7.py,207,1971
pandas__pandas__core__reshape__merge___get_join_indexers__2557_2653_12,pandas__pandas__core__reshape__merge___get_join_indexers__2557_2653_12.py,97,741
pandas__pandas__core__reshape__merge___get_merge_keys__1558_1686_9,pandas__pandas__core__reshape__merge___get_merge_keys__1558_1686_9.py,129,1174
pandas__pandas__core__reshape__merge___maybe_add_join_keys__1275_1391_8,pandas__pandas__core__reshape__merge___maybe_add_join_keys__1275_1391_8.py,117,951
pandas__pandas__core__reshape__merge___maybe_coerce_merge_keys__1689_1881_10,pandas__pandas__core__reshape__merge___maybe_coerce_merge_keys__1689_1881_10.py,193,1823
pandas__pandas__core__reshape__merge___MergeOperation__940_2042_4,pandas__pandas__core__reshape__merge___MergeOperation__940_2042_4.py,1103,9204
pandas__pandas__core__reshape__merge___validate_left_right_on__1883_1963_11,pandas__pandas__core__reshape__merge___validate_left_right_on__1883_1963_11.py,81,746
pandas__pandas__core__reshape__pivot__crosstab__954_1165_6,pandas__pandas__core__reshape__pivot__crosstab__954_1165_6.py,212,1640
pandas__pandas__core__reshape__pivot__pivot_table__59_290_1,pandas__pandas__core__reshape__pivot__pivot_table__59_290_1.py,232,2016
pandas__pandas__core__reshape__pivot__pivot__735_950_5,pandas__pandas__core__reshape__pivot__pivot__735_950_5.py,216,2048
pandas__pandas__core__reshape__pivot___add_margins__429_524_3,pandas__pandas__core__reshape__pivot___add_margins__429_524_3.py,96,680
pandas__pandas__core__reshape__pivot___generate_marginal_results__558_651_4,pandas__pandas__core__reshape__pivot___generate_marginal_results__558_651_4.py,94,659
pandas__pandas__core__reshape__pivot____internal_pivot_table__293_426_2,pandas__pandas__core__reshape__pivot____internal_pivot_table__293_426_2.py,134,985
pandas__pandas__core__reshape__reshape__get_new_values__279_372_5,pandas__pandas__core__reshape__reshape__get_new_values__279_372_5.py,94,727
pandas__pandas__core__reshape__reshape__stack_v3__972_1051_4,pandas__pandas__core__reshape__reshape__stack_v3__972_1051_4.py,80,790
pandas__pandas__core__reshape__reshape___stack_multi_columns__803_932_3,pandas__pandas__core__reshape__reshape___stack_multi_columns__803_932_3.py,130,1089
pandas__pandas__core__reshape__reshape___Unstacker__74_456_1,pandas__pandas__core__reshape__reshape___Unstacker__74_456_1.py,383,3265
pandas__pandas__core__reshape__reshape___unstack_multiple__459_553_2,pandas__pandas__core__reshape__reshape___unstack_multiple__459_553_2.py,95,853
pandas__pandas__core__reshape__tile__cut__59_292_1,pandas__pandas__core__reshape__tile__cut__59_292_1.py,234,2618
pandas__pandas__core__reshape__tile__qcut__296_393_2,pandas__pandas__core__reshape__tile__qcut__296_393_2.py,98,892
pandas__pandas__core__reshape__tile___bins_to_cuts__457_556_3,pandas__pandas__core__reshape__tile___bins_to_cuts__457_556_3.py,100,795
pandas__pandas__core__series__aggregate__4875_4963_19,pandas__pandas__core__series__aggregate__4875_4963_19.py,89,677
pandas__pandas__core__series__all__8778_8879_31,pandas__pandas__core__series__all__8778_8879_31.py,102,709
pandas__pandas__core__series__any__8646_8775_30,pandas__pandas__core__series__any__8646_8775_30.py,130,931
pandas__pandas__core__series__apply__5118_5242_21,pandas__pandas__core__series__apply__5118_5242_21.py,125,861
pandas__pandas__core__series__between__6246_6335_27,pandas__pandas__core__series__between__6246_6335_27.py,90,584
pandas__pandas__core__series__case_when__6337_6455_28,pandas__pandas__core__series__case_when__6337_6455_28.py,119,924
pandas__pandas__core__series__combine__3432_3534_11,pandas__pandas__core__series__combine__3432_3534_11.py,103,832
pandas__pandas__core__series__compare__3326_3430_10,pandas__pandas__core__series__compare__3326_3430_10.py,105,714
pandas__pandas__core__series__corr__2854_2949_7,pandas__pandas__core__series__corr__2854_2949_7.py,96,834
pandas__pandas__core__series__diff__3001_3084_8,pandas__pandas__core__series__diff__3001_3084_8.py,84,558
pandas__pandas__core__series__dropna__6665_6757_29,pandas__pandas__core__series__dropna__6665_6757_29.py,93,624
pandas__pandas__core__series__drop_duplicates__2402_2502_6,pandas__pandas__core__series__drop_duplicates__2402_2502_6.py,101,677
pandas__pandas__core__series__drop__5846_5950_25,pandas__pandas__core__series__drop__5846_5950_25.py,105,836
pandas__pandas__core__series__groupby__1981_2216_5,pandas__pandas__core__series__groupby__1981_2216_5.py,236,2198
pandas__pandas__core__series__info__5988_6109_26,pandas__pandas__core__series__info__5988_6109_26.py,122,1042
pandas__pandas__core__series__map__4687_4859_18,pandas__pandas__core__series__map__4687_4859_18.py,173,1343
pandas__pandas__core__series__median__9269_9350_34,pandas__pandas__core__series__median__9269_9350_34.py,82,564
pandas__pandas__core__series__nlargest__4186_4294_15,pandas__pandas__core__series__nlargest__4186_4294_15.py,109,859
pandas__pandas__core__series__nsmallest__4296_4403_16,pandas__pandas__core__series__nsmallest__4296_4403_16.py,108,870
pandas__pandas__core__series__prod__9125_9207_33,pandas__pandas__core__series__prod__9125_9207_33.py,83,603
pandas__pandas__core__series__reindex__5457_5691_23,pandas__pandas__core__series__reindex__5457_5691_23.py,235,2238
pandas__pandas__core__series__rename_axis__5726_5805_24,pandas__pandas__core__series__rename_axis__5726_5805_24.py,80,572
pandas__pandas__core__series__rename__5292_5396_22,pandas__pandas__core__series__rename__5292_5396_22.py,105,904
pandas__pandas__core__series__reset_index__1341_1490_3,pandas__pandas__core__series__reset_index__1341_1490_3.py,150,1124
pandas__pandas__core__series__searchsorted__3224_3316_9,pandas__pandas__core__series__searchsorted__3224_3316_9.py,93,825
pandas__pandas__core__series__Series__211_9923_1,pandas__pandas__core__series__Series__211_9923_1.py,9713,73733
pandas__pandas__core__series__sort_index__3986_4129_14,pandas__pandas__core__series__sort_index__3986_4129_14.py,144,1236
pandas__pandas__core__series__sort_values__3747_3939_13,pandas__pandas__core__series__sort_values__3747_3939_13.py,193,1451
pandas__pandas__core__series__sum__9024_9122_32,pandas__pandas__core__series__sum__9024_9122_32.py,99,716
pandas__pandas__core__series__swaplevel__4405_4496_17,pandas__pandas__core__series__swaplevel__4405_4496_17.py,92,774
pandas__pandas__core__series__to_string__1537_1625_4,pandas__pandas__core__series__to_string__1537_1625_4.py,89,606
pandas__pandas__core__series__transform__4967_5116_20,pandas__pandas__core__series__transform__4967_5116_20.py,150,1287
pandas__pandas__core__series__update__3613_3703_12,pandas__pandas__core__series__update__3613_3703_12.py,91,637
pandas__pandas__core__series__var__9412_9496_35,pandas__pandas__core__series__var__9412_9496_35.py,85,613
pandas__pandas__core__series____init____346_496_2,pandas__pandas__core__series____init____346_496_2.py,151,1074
pandas__pandas__core__sorting__get_group_index__121_208_1,pandas__pandas__core__sorting__get_group_index__121_208_1.py,88,772
pandas__pandas__core__sorting__nargsort__372_453_2,pandas__pandas__core__sorting__nargsort__372_453_2.py,82,600
pandas__pandas__core__strings__accessor__cat__469_698_3,pandas__pandas__core__strings__accessor__cat__469_698_3.py,230,1977
pandas__pandas__core__strings__accessor__contains__1363_1497_8,pandas__pandas__core__strings__accessor__contains__1363_1497_8.py,135,1022
pandas__pandas__core__strings__accessor__extract__3332_3457_13,pandas__pandas__core__strings__accessor__extract__3332_3457_13.py,126,941
pandas__pandas__core__strings__accessor__findall__3239_3329_12,pandas__pandas__core__strings__accessor__findall__3239_3329_12.py,91,620
pandas__pandas__core__strings__accessor__match__1500_1586_9,pandas__pandas__core__strings__accessor__match__1500_1586_9.py,87,686
pandas__pandas__core__strings__accessor__partition__1031_1120_6,pandas__pandas__core__strings__accessor__partition__1031_1120_6.py,90,655
pandas__pandas__core__strings__accessor__replace__1638_1819_10,pandas__pandas__core__strings__accessor__replace__1638_1819_10.py,182,1580
pandas__pandas__core__strings__accessor__rpartition__1123_1212_7,pandas__pandas__core__strings__accessor__rpartition__1123_1212_7.py,90,656
pandas__pandas__core__strings__accessor__rsplit__902_1028_5,pandas__pandas__core__strings__accessor__rsplit__902_1028_5.py,127,1061
pandas__pandas__core__strings__accessor__split__701_899_4,pandas__pandas__core__strings__accessor__split__701_899_4.py,199,1633
pandas__pandas__core__strings__accessor__StringMethods__150_4738_1,pandas__pandas__core__strings__accessor__StringMethods__150_4738_1.py,4589,34365
pandas__pandas__core__strings__accessor__wrap__2811_2933_11,pandas__pandas__core__strings__accessor__wrap__2811_2933_11.py,123,1163
pandas__pandas__core__strings__accessor___wrap_result__260_402_2,pandas__pandas__core__strings__accessor___wrap_result__260_402_2.py,143,1126
pandas__pandas__core__strings__object_array__ObjectStringArrayMixin__35_526_1,pandas__pandas__core__strings__object_array__ObjectStringArrayMixin__35_526_1.py,492,3778
pandas__pandas__core__tools__datetimes__to_datetime__688_1081_2,pandas__pandas__core__tools__datetimes__to_datetime__688_1081_2.py,394,4477
pandas__pandas__core__tools__datetimes___assemble_from_unit_mappings__1110_1206_3,pandas__pandas__core__tools__datetimes___assemble_from_unit_mappings__1110_1206_3.py,97,720
pandas__pandas__core__tools__datetimes___convert_listlike_datetimes__321_456_1,pandas__pandas__core__tools__datetimes___convert_listlike_datetimes__321_456_1.py,136,1132
pandas__pandas__core__tools__numeric__to_numeric__51_327_1,pandas__pandas__core__tools__numeric__to_numeric__51_327_1.py,277,2374
pandas__pandas__core__tools__timedeltas__to_timedelta__78_207_1,pandas__pandas__core__tools__timedeltas__to_timedelta__78_207_1.py,130,1262
pandas__pandas__core__tools__times__to_time__23_125_1,pandas__pandas__core__tools__times__to_time__23_125_1.py,103,790
pandas__pandas__core__util__hashing__hash_pandas_object__84_191_1,pandas__pandas__core__util__hashing__hash_pandas_object__84_191_1.py,108,778
pandas__pandas__core__window__common__flex_binary_moment__18_149_1,pandas__pandas__core__window__common__flex_binary_moment__18_149_1.py,132,1043
pandas__pandas__core__window__ewm__corr__887_980_6,pandas__pandas__core__window__ewm__corr__887_980_6.py,94,669
pandas__pandas__core__window__ewm__cov__795_885_5,pandas__pandas__core__window__ewm__cov__795_885_5.py,91,667
pandas__pandas__core__window__ewm__ExponentialMovingWindow__127_980_1,pandas__pandas__core__window__ewm__ExponentialMovingWindow__127_980_1.py,854,6961
pandas__pandas__core__window__ewm__mean__1089_1175_7,pandas__pandas__core__window__ewm__mean__1089_1175_7.py,87,736
pandas__pandas__core__window__ewm__mean__528_611_3,pandas__pandas__core__window__ewm__mean__528_611_3.py,84,693
pandas__pandas__core__window__ewm__OnlineExponentialMovingWindow__1017_1175_2,pandas__pandas__core__window__ewm__OnlineExponentialMovingWindow__1017_1175_2.py,159,1229
pandas__pandas__core__window__ewm__sum__613_698_4,pandas__pandas__core__window__ewm__sum__613_698_4.py,86,723
pandas__pandas__core__window__expanding__corr__1307_1389_3,pandas__pandas__core__window__expanding__corr__1307_1389_3.py,83,675
pandas__pandas__core__window__expanding__Expanding__43_1389_1,pandas__pandas__core__window__expanding__Expanding__43_1389_1.py,1347,10389
pandas__pandas__core__window__expanding__pipe__343_426_2,pandas__pandas__core__window__expanding__pipe__343_426_2.py,84,734
pandas__pandas__core__window__numba___generate_numba_ewm_func__82_179_1,pandas__pandas__core__window__numba___generate_numba_ewm_func__82_179_1.py,98,690
pandas__pandas__core__window__numba___generate_numba_ewm_table_func__266_357_2,pandas__pandas__core__window__numba___generate_numba_ewm_table_func__266_357_2.py,92,710
pandas__pandas__core__window__rolling__apply__2167_2247_7,pandas__pandas__core__window__rolling__apply__2167_2247_7.py,81,669
pandas__pandas__core__window__rolling__BaseWindowGroupby__660_858_2,pandas__pandas__core__window__rolling__BaseWindowGroupby__660_858_2.py,199,1706
pandas__pandas__core__window__rolling__BaseWindow__116_657_1,pandas__pandas__core__window__rolling__BaseWindow__116_657_1.py,542,4180
pandas__pandas__core__window__rolling__corr__3323_3451_10,pandas__pandas__core__window__rolling__corr__3323_3451_10.py,129,1197
pandas__pandas__core__window__rolling__pipe__2266_2350_8,pandas__pandas__core__window__rolling__pipe__2266_2350_8.py,85,738
pandas__pandas__core__window__rolling__RollingAndExpandingMixin__1521_1959_4,pandas__pandas__core__window__rolling__RollingAndExpandingMixin__1521_1959_4.py,439,3268
pandas__pandas__core__window__rolling__Rolling__1963_3451_5,pandas__pandas__core__window__rolling__Rolling__1963_3451_5.py,1489,11513
pandas__pandas__core__window__rolling__sum__2352_2447_9,pandas__pandas__core__window__rolling__sum__2352_2447_9.py,96,759
pandas__pandas__core__window__rolling__Window__862_1518_3,pandas__pandas__core__window__rolling__Window__862_1518_3.py,657,5290
pandas__pandas__core__window__rolling___apply_pairwise__753_835_6,pandas__pandas__core__window__rolling___apply_pairwise__753_835_6.py,83,770
pandas__pandas__core___numba__executor__generate_shared_aggregator__165_246_1,pandas__pandas__core___numba__executor__generate_shared_aggregator__165_246_1.py,82,645
pandas__pandas__core___numba__kernels__mean___sliding_mean__68_162_1,pandas__pandas__core___numba__kernels__mean___sliding_mean__68_162_1.py,95,629
pandas__pandas__core___numba__kernels__min_max___sliding_min_max__39_129_1,pandas__pandas__core___numba__kernels__min_max___sliding_min_max__39_129_1.py,91,736
pandas__pandas__core___numba__kernels__sum___sliding_sum__66_158_1,pandas__pandas__core___numba__kernels__sum___sliding_sum__66_158_1.py,93,532
pandas__pandas__core___numba__kernels__var___grouped_var__172_251_2,pandas__pandas__core___numba__kernels__var___grouped_var__172_251_2.py,80,612
pandas__pandas__core___numba__kernels__var___sliding_var__75_168_1,pandas__pandas__core___numba__kernels__var___sliding_var__75_168_1.py,94,626
pandas__pandas__io__clipboards__read_clipboard__26_132_1,pandas__pandas__io__clipboards__read_clipboard__26_132_1.py,107,948
pandas__pandas__io__clipboard____init____init_windows_clipboard__339_502_1,pandas__pandas__io__clipboard____init____init_windows_clipboard__339_502_1.py,164,1177
pandas__pandas__io__common__get_handle__697_990_2,pandas__pandas__io__common__get_handle__697_990_2.py,294,2506
pandas__pandas__io__common___get_filepath_or_buffer__296_500_1,pandas__pandas__io__common___get_filepath_or_buffer__296_500_1.py,205,1801
pandas__pandas__io__excel___base__BaseExcelReader__530_956_2,pandas__pandas__io__excel___base__BaseExcelReader__530_956_2.py,427,3147
pandas__pandas__io__excel___base__ExcelFile__1490_1875_4,pandas__pandas__io__excel___base__ExcelFile__1490_1875_4.py,386,3666
pandas__pandas__io__excel___base__ExcelWriter__960_1408_3,pandas__pandas__io__excel___base__ExcelWriter__960_1408_3.py,449,3968
pandas__pandas__io__excel___base__parse__1634_1803_7,pandas__pandas__io__excel___base__parse__1634_1803_7.py,170,1832
pandas__pandas__io__excel___base__parse__704_802_5,pandas__pandas__io__excel___base__parse__704_802_5.py,99,721
pandas__pandas__io__excel___base__read_excel__165_524_1,pandas__pandas__io__excel___base__read_excel__165_524_1.py,360,3902
pandas__pandas__io__excel___base___parse_sheet__804_956_6,pandas__pandas__io__excel___base___parse_sheet__804_956_6.py,153,1169
pandas__pandas__io__excel___odfreader__ODFReader__28_254_1,pandas__pandas__io__excel___odfreader__ODFReader__28_254_1.py,227,1704
pandas__pandas__io__excel___odswriter__ODSWriter__33_362_1,pandas__pandas__io__excel___odswriter__ODSWriter__33_362_1.py,330,2236
pandas__pandas__io__excel___openpyxl__OpenpyxlReader__537_650_2,pandas__pandas__io__excel___openpyxl__OpenpyxlReader__537_650_2.py,114,861
pandas__pandas__io__excel___openpyxl__OpenpyxlWriter__38_534_1,pandas__pandas__io__excel___openpyxl__OpenpyxlWriter__38_534_1.py,497,3374
pandas__pandas__io__excel___openpyxl___write_cells__442_534_3,pandas__pandas__io__excel___openpyxl___write_cells__442_534_3.py,93,832
pandas__pandas__io__excel___xlsxwriter__convert__96_177_3,pandas__pandas__io__excel___xlsxwriter__convert__96_177_3.py,82,551
pandas__pandas__io__excel___xlsxwriter__XlsxWriter__180_288_2,pandas__pandas__io__excel___xlsxwriter__XlsxWriter__180_288_2.py,109,728
pandas__pandas__io__excel___xlsxwriter___XlsxStyler__24_177_1,pandas__pandas__io__excel___xlsxwriter___XlsxStyler__24_177_1.py,154,1236
pandas__pandas__io__feather_format__read_feather__81_181_1,pandas__pandas__io__feather_format__read_feather__81_181_1.py,101,979
pandas__pandas__io__formats__css__CSSResolver__126_425_1,pandas__pandas__io__formats__css__CSSResolver__126_425_1.py,300,2200
pandas__pandas__io__formats__csvs__CSVFormatter__56_336_1,pandas__pandas__io__formats__csvs__CSVFormatter__56_336_1.py,281,2167
pandas__pandas__io__formats__excel__CSSToExcelConverter__110_497_1,pandas__pandas__io__formats__excel__CSSToExcelConverter__110_497_1.py,388,2942
pandas__pandas__io__formats__excel__ExcelFormatter__500_1024_2,pandas__pandas__io__formats__excel__ExcelFormatter__500_1024_2.py,525,4094
pandas__pandas__io__formats__excel__write__907_1024_4,pandas__pandas__io__formats__excel__write__907_1024_4.py,118,982
pandas__pandas__io__formats__excel___format_hierarchical_rows__765_851_3,pandas__pandas__io__formats__excel___format_hierarchical_rows__765_851_3.py,87,650
pandas__pandas__io__formats__format__DataFrameFormatter__350_868_2,pandas__pandas__io__formats__format__DataFrameFormatter__350_868_2.py,519,4072
pandas__pandas__io__formats__format__DataFrameRenderer__871_1029_3,pandas__pandas__io__formats__format__DataFrameRenderer__871_1029_3.py,159,1158
pandas__pandas__io__formats__format__EngFormatter__1855_1948_7,pandas__pandas__io__formats__format__EngFormatter__1855_1948_7.py,94,687
pandas__pandas__io__formats__format__FloatArrayFormatter__1275_1476_6,pandas__pandas__io__formats__format__FloatArrayFormatter__1275_1476_6.py,202,1642
pandas__pandas__io__formats__format__format_array__1086_1168_4,pandas__pandas__io__formats__format__format_array__1086_1168_4.py,83,561
pandas__pandas__io__formats__format__get_result_as_array__1344_1473_8,pandas__pandas__io__formats__format__get_result_as_array__1344_1473_8.py,130,1130
pandas__pandas__io__formats__format__SeriesFormatter__124_287_1,pandas__pandas__io__formats__format__SeriesFormatter__124_287_1.py,164,1218
pandas__pandas__io__formats__format___GenericArrayFormatter__1171_1272_5,pandas__pandas__io__formats__format___GenericArrayFormatter__1171_1272_5.py,102,764
pandas__pandas__io__formats__html__HTMLFormatter__39_607_1,pandas__pandas__io__formats__html__HTMLFormatter__39_607_1.py,569,4488
pandas__pandas__io__formats__html___write_col_header__277_398_2,pandas__pandas__io__formats__html___write_col_header__277_398_2.py,122,1047
pandas__pandas__io__formats__html___write_hierarchical_rows__481_607_3,pandas__pandas__io__formats__html___write_hierarchical_rows__481_607_3.py,127,951
pandas__pandas__io__formats__info___BaseInfo__101_181_1,pandas__pandas__io__formats__info___BaseInfo__101_181_1.py,81,478
pandas__pandas__io__formats__info___TableBuilderVerboseMixin__583_679_2,pandas__pandas__io__formats__info___TableBuilderVerboseMixin__583_679_2.py,97,691
pandas__pandas__io__formats__printing__format_object_summary__310_478_1,pandas__pandas__io__formats__printing__format_object_summary__310_478_1.py,169,1407
pandas__pandas__io__formats__string__StringFormatter__20_187_1,pandas__pandas__io__formats__string__StringFormatter__20_187_1.py,168,1426
pandas__pandas__io__formats__style_render__format_index_names__1600_1732_10,pandas__pandas__io__formats__style_render__format_index_names__1600_1732_10.py,133,1032
pandas__pandas__io__formats__style_render__format_index__1241_1433_8,pandas__pandas__io__formats__style_render__format_index__1241_1433_8.py,193,1839
pandas__pandas__io__formats__style_render__format__978_1239_7,pandas__pandas__io__formats__style_render__format__978_1239_7.py,262,2870
pandas__pandas__io__formats__style_render__relabel_index__1435_1598_9,pandas__pandas__io__formats__style_render__relabel_index__1435_1598_9.py,164,1564
pandas__pandas__io__formats__style_render__StylerRenderer__69_1732_1,pandas__pandas__io__formats__style_render__StylerRenderer__69_1732_1.py,1664,14438
pandas__pandas__io__formats__style_render__Tooltips__2139_2329_2,pandas__pandas__io__formats__style_render__Tooltips__2139_2329_2.py,191,1449
pandas__pandas__io__formats__style_render___generate_body_row__765_873_5,pandas__pandas__io__formats__style_render___generate_body_row__765_873_5.py,109,841
pandas__pandas__io__formats__style_render___generate_col_header_row__459_557_4,pandas__pandas__io__formats__style_render___generate_col_header_row__459_557_4.py,99,717
pandas__pandas__io__formats__style_render___translate_latex__875_976_6,pandas__pandas__io__formats__style_render___translate_latex__875_976_6.py,102,960
pandas__pandas__io__formats__style_render___translate__285_397_3,pandas__pandas__io__formats__style_render___translate__285_397_3.py,113,929
pandas__pandas__io__formats__style__apply__1995_2084_10,pandas__pandas__io__formats__style__apply__1995_2084_10.py,90,955
pandas__pandas__io__formats__style__background_gradient__3094_3250_14,pandas__pandas__io__formats__style__background_gradient__3094_3250_14.py,157,1510
pandas__pandas__io__formats__style__bar__3446_3571_16,pandas__pandas__io__formats__style__bar__3446_3571_16.py,126,1243
pandas__pandas__io__formats__style__concat__257_371_3,pandas__pandas__io__formats__style__concat__257_371_3.py,115,1127
pandas__pandas__io__formats__style__hide__2882_3082_13,pandas__pandas__io__formats__style__hide__2882_3082_13.py,201,2237
pandas__pandas__io__formats__style__highlight_between__3734_3848_17,pandas__pandas__io__formats__style__highlight_between__3734_3848_17.py,115,1073
pandas__pandas__io__formats__style__highlight_quantile__3850_3961_18,pandas__pandas__io__formats__style__highlight_quantile__3850_3961_18.py,112,992
pandas__pandas__io__formats__style__pipe__4038_4159_19,pandas__pandas__io__formats__style__pipe__4038_4159_19.py,122,1105
pandas__pandas__io__formats__style__set_sticky__2586_2736_11,pandas__pandas__io__formats__style__set_sticky__2586_2736_11.py,151,1222
pandas__pandas__io__formats__style__set_table_styles__2738_2880_12,pandas__pandas__io__formats__style__set_table_styles__2738_2880_12.py,143,1174
pandas__pandas__io__formats__style__set_td_classes__1676_1763_9,pandas__pandas__io__formats__style__set_td_classes__1676_1763_9.py,88,793
pandas__pandas__io__formats__style__set_tooltips__387_513_4,pandas__pandas__io__formats__style__set_tooltips__387_513_4.py,127,1072
pandas__pandas__io__formats__style__Styler__82_4159_1,pandas__pandas__io__formats__style__Styler__82_4159_1.py,4078,37866
pandas__pandas__io__formats__style__text_gradient__3252_3398_15,pandas__pandas__io__formats__style__text_gradient__3252_3398_15.py,147,1424
pandas__pandas__io__formats__style__to_excel__515_682_5,pandas__pandas__io__formats__style__to_excel__515_682_5.py,168,1589
pandas__pandas__io__formats__style__to_html__1437_1571_8,pandas__pandas__io__formats__style__to_html__1437_1571_8.py,135,1221
pandas__pandas__io__formats__style__to_latex__728_1288_6,pandas__pandas__io__formats__style__to_latex__728_1288_6.py,561,6548
pandas__pandas__io__formats__style__to_typst__1314_1397_7,pandas__pandas__io__formats__style__to_typst__1314_1397_7.py,84,713
pandas__pandas__io__formats__style___bar__4359_4568_2,pandas__pandas__io__formats__style___bar__4359_4568_2.py,210,1793
pandas__pandas__io__formats__xml__EtreeXMLFormatter__357_441_2,pandas__pandas__io__formats__xml__EtreeXMLFormatter__357_441_2.py,85,516
pandas__pandas__io__formats__xml__LxmlXMLFormatter__444_566_3,pandas__pandas__io__formats__xml__LxmlXMLFormatter__444_566_3.py,123,749
pandas__pandas__io__formats__xml___BaseXMLFormatter__36_354_1,pandas__pandas__io__formats__xml___BaseXMLFormatter__36_354_1.py,319,2251
pandas__pandas__io__html__read_html__1023_1245_4,pandas__pandas__io__html__read_html__1023_1245_4.py,223,2237
pandas__pandas__io__html___BeautifulSoupHtml5LibFrameParser__585_672_2,pandas__pandas__io__html___BeautifulSoupHtml5LibFrameParser__585_672_2.py,88,617
pandas__pandas__io__html___expand_colspan_rowspan__465_556_5,pandas__pandas__io__html___expand_colspan_rowspan__465_556_5.py,92,763
pandas__pandas__io__html___HtmlFrameParser__146_582_1,pandas__pandas__io__html___HtmlFrameParser__146_582_1.py,437,2873
pandas__pandas__io__html___LxmlFrameParser__701_837_3,pandas__pandas__io__html___LxmlFrameParser__701_837_3.py,137,1025
pandas__pandas__io__iceberg__read_iceberg__12_99_1,pandas__pandas__io__iceberg__read_iceberg__12_99_1.py,88,673
pandas__pandas__io__json___json__JsonReader__857_1148_4,pandas__pandas__io__json___json__JsonReader__857_1148_4.py,292,2102
pandas__pandas__io__json___json__JSONTableWriter__354_435_2,pandas__pandas__io__json___json__JSONTableWriter__354_435_2.py,82,592
pandas__pandas__io__json___json__Parser__1151_1392_5,pandas__pandas__io__json___json__Parser__1151_1392_5.py,242,1679
pandas__pandas__io__json___json__read_json__535_853_3,pandas__pandas__io__json___json__read_json__535_853_3.py,319,3367
pandas__pandas__io__json___json__to_json__139_254_1,pandas__pandas__io__json___json__to_json__139_254_1.py,116,963
pandas__pandas__io__json___json___try_convert_data__1246_1332_6,pandas__pandas__io__json___json___try_convert_data__1246_1332_6.py,87,570
pandas__pandas__io__json___normalize__json_normalize__302_648_1,pandas__pandas__io__json___normalize__json_normalize__302_648_1.py,347,3068
pandas__pandas__io__json___table_schema__build_table_schema__233_335_1,pandas__pandas__io__json___table_schema__build_table_schema__233_335_1.py,103,852
pandas__pandas__io__orc__read_orc__40_136_1,pandas__pandas__io__orc__read_orc__40_136_1.py,97,923
pandas__pandas__io__orc__to_orc__139_243_2,pandas__pandas__io__orc__to_orc__139_243_2.py,105,872
pandas__pandas__io__parquet__FastParquetImpl__289_406_2,pandas__pandas__io__parquet__FastParquetImpl__289_406_2.py,118,864
pandas__pandas__io__parquet__PyArrowImpl__162_286_1,pandas__pandas__io__parquet__PyArrowImpl__162_286_1.py,125,808
pandas__pandas__io__parquet__read_parquet__509_680_4,pandas__pandas__io__parquet__read_parquet__509_680_4.py,172,1689
pandas__pandas__io__parquet__to_parquet__409_505_3,pandas__pandas__io__parquet__to_parquet__409_505_3.py,97,1002
pandas__pandas__io__parsers__arrow_parser_wrapper__ArrowParserWrapper__33_328_1,pandas__pandas__io__parsers__arrow_parser_wrapper__ArrowParserWrapper__33_328_1.py,296,2244
pandas__pandas__io__parsers__arrow_parser_wrapper___get_pyarrow_options__59_148_2,pandas__pandas__io__parsers__arrow_parser_wrapper___get_pyarrow_options__59_148_2.py,90,757
pandas__pandas__io__parsers__base_parser__ParserBase__86_760_1,pandas__pandas__io__parsers__base_parser__ParserBase__86_760_1.py,675,5193
pandas__pandas__io__parsers__base_parser___infer_types__449_563_2,pandas__pandas__io__parsers__base_parser___infer_types__449_563_2.py,115,907
pandas__pandas__io__parsers__c_parser_wrapper__CParserWrapper__61_325_1,pandas__pandas__io__parsers__c_parser_wrapper__CParserWrapper__61_325_1.py,265,1889
pandas__pandas__io__parsers__c_parser_wrapper__read__203_325_3,pandas__pandas__io__parsers__c_parser_wrapper__read__203_325_3.py,123,902
pandas__pandas__io__parsers__c_parser_wrapper____init____65_174_2,pandas__pandas__io__parsers__c_parser_wrapper____init____65_174_2.py,110,771
pandas__pandas__io__parsers__python_parser__FixedWidthReader__1377_1490_2,pandas__pandas__io__parsers__python_parser__FixedWidthReader__1377_1490_2.py,114,948
pandas__pandas__io__parsers__python_parser__PythonParser__96_1374_1,pandas__pandas__io__parsers__python_parser__PythonParser__96_1374_1.py,1279,9407
pandas__pandas__io__parsers__python_parser___convert_to_ndarrays__400_482_4,pandas__pandas__io__parsers__python_parser___convert_to_ndarrays__400_482_4.py,83,662
pandas__pandas__io__parsers__python_parser___infer_columns__569_750_5,pandas__pandas__io__parsers__python_parser___infer_columns__569_750_5.py,182,1433
pandas__pandas__io__parsers__python_parser___rows_to_cols__1181_1264_6,pandas__pandas__io__parsers__python_parser___rows_to_cols__1181_1264_6.py,84,646
pandas__pandas__io__parsers__python_parser____init____99_184_3,pandas__pandas__io__parsers__python_parser____init____99_184_3.py,86,652
pandas__pandas__io__parsers__readers__read_csv__350_873_1,pandas__pandas__io__parsers__readers__read_csv__350_873_1.py,524,6085
pandas__pandas__io__parsers__readers__read_fwf__1479_1590_3,pandas__pandas__io__parsers__readers__read_fwf__1479_1590_3.py,112,1050
pandas__pandas__io__parsers__readers__read_table__917_1436_2,pandas__pandas__io__parsers__readers__read_table__917_1436_2.py,520,6100
pandas__pandas__io__parsers__readers__TextFileReader__1593_2023_4,pandas__pandas__io__parsers__readers__TextFileReader__1593_2023_4.py,431,3163
pandas__pandas__io__parsers__readers___clean_options__1719_1862_6,pandas__pandas__io__parsers__readers___clean_options__1719_1862_6.py,144,1104
pandas__pandas__io__parsers__readers___refine_defaults_read__2156_2266_5,pandas__pandas__io__parsers__readers___refine_defaults_read__2156_2266_5.py,111,981
pandas__pandas__io__pickle__read_pickle__131_239_2,pandas__pandas__io__pickle__read_pickle__131_239_2.py,109,1186
pandas__pandas__io__pickle__to_pickle__33_127_1,pandas__pandas__io__pickle__to_pickle__33_127_1.py,95,1073
pandas__pandas__io__pytables__AppendableFrameTable__4766_4885_11,pandas__pandas__io__pytables__AppendableFrameTable__4766_4885_11.py,120,869
pandas__pandas__io__pytables__AppendableTable__4537_4763_10,pandas__pandas__io__pytables__AppendableTable__4537_4763_10.py,227,1530
pandas__pandas__io__pytables__append_to_multiple__1418_1513_17,pandas__pandas__io__pytables__append_to_multiple__1418_1513_17.py,96,683
pandas__pandas__io__pytables__append__1290_1416_16,pandas__pandas__io__pytables__append__1290_1416_16.py,127,1059
pandas__pandas__io__pytables__BlockManagerFixed__3407_3498_8,pandas__pandas__io__pytables__BlockManagerFixed__3407_3498_8.py,92,697
pandas__pandas__io__pytables__convert__2655_2759_19,pandas__pandas__io__pytables__convert__2655_2759_19.py,105,741
pandas__pandas__io__pytables__create_index__3884_3968_21,pandas__pandas__io__pytables__create_index__3884_3968_21.py,85,622
pandas__pandas__io__pytables__DataCol__2477_2766_5,pandas__pandas__io__pytables__DataCol__2477_2766_5.py,290,2038
pandas__pandas__io__pytables__Fixed__2800_2970_6,pandas__pandas__io__pytables__Fixed__2800_2970_6.py,171,1124
pandas__pandas__io__pytables__GenericFixed__2973_3354_7,pandas__pandas__io__pytables__GenericFixed__2973_3354_7.py,382,3058
pandas__pandas__io__pytables__HDFStore__497_2018_2,pandas__pandas__io__pytables__HDFStore__497_2018_2.py,1522,11470
pandas__pandas__io__pytables__IndexCol__2133_2445_4,pandas__pandas__io__pytables__IndexCol__2133_2445_4.py,313,2274
pandas__pandas__io__pytables__put__1131_1233_15,pandas__pandas__io__pytables__put__1131_1233_15.py,103,900
pandas__pandas__io__pytables__read_hdf__320_479_1,pandas__pandas__io__pytables__read_hdf__320_479_1.py,160,1262
pandas__pandas__io__pytables__read__4785_4885_23,pandas__pandas__io__pytables__read__4785_4885_23.py,101,743
pandas__pandas__io__pytables__Selection__5479_5599_12,pandas__pandas__io__pytables__Selection__5479_5599_12.py,121,822
pandas__pandas__io__pytables__select_as_multiple__1010_1129_14,pandas__pandas__io__pytables__select_as_multiple__1010_1129_14.py,120,849
pandas__pandas__io__pytables__select__839_936_13,pandas__pandas__io__pytables__select__839_936_13.py,98,716
pandas__pandas__io__pytables__TableIterator__2021_2130_3,pandas__pandas__io__pytables__TableIterator__2021_2130_3.py,110,692
pandas__pandas__io__pytables__Table__3506_4504_9,pandas__pandas__io__pytables__Table__3506_4504_9.py,999,7513
pandas__pandas__io__pytables__write_array__3261_3354_20,pandas__pandas__io__pytables__write_array__3261_3354_20.py,94,812
pandas__pandas__io__pytables___create_axes__4047_4287_22,pandas__pandas__io__pytables___create_axes__4047_4287_22.py,241,1742
pandas__pandas__io__pytables___create_storer__1823_1912_18,pandas__pandas__io__pytables___create_storer__1823_1912_18.py,90,715
pandas__pandas__io__sas__sas7bdat__SAS7BDATReader__120_738_1,pandas__pandas__io__sas__sas7bdat__SAS7BDATReader__120_738_1.py,619,5313
pandas__pandas__io__sas__sasreader__read_sas__86_200_1,pandas__pandas__io__sas__sasreader__read_sas__86_200_1.py,115,1109
pandas__pandas__io__sas__sas_xport__XportReader__236_501_1,pandas__pandas__io__sas__sas_xport__XportReader__236_501_1.py,266,2135
pandas__pandas__io__sas__sas_xport___read_header__273_381_2,pandas__pandas__io__sas__sas_xport___read_header__273_381_2.py,109,1027
pandas__pandas__io__sql__ADBCDatabase__2118_2457_7,pandas__pandas__io__sql__ADBCDatabase__2118_2457_7.py,340,2549
pandas__pandas__io__sql__read_query__1801_1883_10,pandas__pandas__io__sql__read_query__1801_1883_10.py,83,656
pandas__pandas__io__sql__read_sql_query__403_506_2,pandas__pandas__io__sql__read_sql_query__403_506_2.py,104,1038
pandas__pandas__io__sql__read_sql_table__271_371_1,pandas__pandas__io__sql__read_sql_table__271_371_1.py,101,868
pandas__pandas__io__sql__read_sql__540_739_3,pandas__pandas__io__sql__read_sql__540_739_3.py,200,1836
pandas__pandas__io__sql__read_table__2163_2251_12,pandas__pandas__io__sql__read_table__2163_2251_12.py,89,684
pandas__pandas__io__sql__SQLDatabase__1615_2112_6,pandas__pandas__io__sql__SQLDatabase__1615_2112_6.py,498,3794
pandas__pandas__io__sql__SQLiteDatabase__2668_2925_9,pandas__pandas__io__sql__SQLiteDatabase__2668_2925_9.py,258,1809
pandas__pandas__io__sql__SQLiteTable__2499_2665_8,pandas__pandas__io__sql__SQLiteTable__2499_2665_8.py,167,1312
pandas__pandas__io__sql__SQLTable__924_1453_5,pandas__pandas__io__sql__SQLTable__924_1453_5.py,530,3847
pandas__pandas__io__sql__to_sql__1964_2050_11,pandas__pandas__io__sql__to_sql__1964_2050_11.py,87,737
pandas__pandas__io__sql__to_sql__2324_2424_13,pandas__pandas__io__sql__to_sql__2324_2424_13.py,101,806
pandas__pandas__io__sql__to_sql__2801_2880_14,pandas__pandas__io__sql__to_sql__2801_2880_14.py,80,728
pandas__pandas__io__sql__to_sql__742_853_4,pandas__pandas__io__sql__to_sql__742_853_4.py,112,1093
pandas__pandas__io__stata__read_stata__2099_2249_8,pandas__pandas__io__stata__read_stata__2099_2249_8.py,151,1534
pandas__pandas__io__stata__read__1610_1786_15,pandas__pandas__io__stata__read__1610_1786_15.py,177,1460
pandas__pandas__io__stata__StataMissingValue__660_791_5,pandas__pandas__io__stata__StataMissingValue__660_791_5.py,132,1137
pandas__pandas__io__stata__StataParser__794_963_6,pandas__pandas__io__stata__StataParser__794_963_6.py,170,1331
pandas__pandas__io__stata__StataReader__967_2095_7,pandas__pandas__io__stata__StataReader__967_2095_7.py,1129,10228
pandas__pandas__io__stata__StataStrLWriter__3187_3378_10,pandas__pandas__io__stata__StataStrLWriter__3187_3378_10.py,192,1628
pandas__pandas__io__stata__StataValueLabel__514_626_4,pandas__pandas__io__stata__StataValueLabel__514_626_4.py,113,814
pandas__pandas__io__stata__StataWriter117__3381_3759_11,pandas__pandas__io__stata__StataWriter117__3381_3759_11.py,379,3482
pandas__pandas__io__stata__StataWriterUTF8__3762_3938_12,pandas__pandas__io__stata__StataWriterUTF8__3762_3938_12.py,177,1530
pandas__pandas__io__stata__StataWriter__2390_3133_9,pandas__pandas__io__stata__StataWriter__2390_3133_9.py,744,6351
pandas__pandas__io__stata__write_file__2848_2939_16,pandas__pandas__io__stata__write_file__2848_2939_16.py,92,865
pandas__pandas__io__stata___cast_to_stata_types__386_511_3,pandas__pandas__io__stata___cast_to_stata_types__386_511_3.py,126,1250
pandas__pandas__io__stata___datetime_to_stata_elapsed_vec__226_340_2,pandas__pandas__io__stata___datetime_to_stata_elapsed_vec__226_340_2.py,115,1141
pandas__pandas__io__stata___read_old_header__1347_1436_14,pandas__pandas__io__stata___read_old_header__1347_1436_14.py,90,806
pandas__pandas__io__stata___stata_elapsed_date_to_datetime_vec__106_223_1,pandas__pandas__io__stata___stata_elapsed_date_to_datetime_vec__106_223_1.py,118,1128
pandas__pandas__io__stata____init____795_963_13,pandas__pandas__io__stata____init____795_963_13.py,169,1325
pandas__pandas__io__xml__read_xml__852_1167_5,pandas__pandas__io__xml__read_xml__852_1167_5.py,316,3227
pandas__pandas__io__xml___EtreeFrameParser__438_550_2,pandas__pandas__io__xml___EtreeFrameParser__438_550_2.py,113,761
pandas__pandas__io__xml___iterparse_nodes__286_393_7,pandas__pandas__io__xml___iterparse_nodes__286_393_7.py,108,867
pandas__pandas__io__xml___LxmlFrameParser__553_686_3,pandas__pandas__io__xml___LxmlFrameParser__553_686_3.py,134,885
pandas__pandas__io__xml___parse_nodes__200_284_6,pandas__pandas__io__xml___parse_nodes__200_284_6.py,85,577
pandas__pandas__io__xml___parse__760_848_4,pandas__pandas__io__xml___parse__760_848_4.py,89,494
pandas__pandas__io__xml___XMLFrameParser__59_435_1,pandas__pandas__io__xml___XMLFrameParser__59_435_1.py,377,2967
pandas__pandas__plotting___core__area__1818_1901_13,pandas__pandas__plotting___core__area__1818_1901_13.py,84,578
pandas__pandas__plotting___core__barh__1434_1575_11,pandas__pandas__plotting___core__barh__1434_1575_11.py,142,1192
pandas__pandas__plotting___core__bar__1297_1432_10,pandas__pandas__plotting___core__bar__1297_1432_10.py,136,1092
pandas__pandas__plotting___core__boxplot_frame_groupby__669_769_5,pandas__pandas__plotting___core__boxplot_frame_groupby__669_769_5.py,101,805
pandas__pandas__plotting___core__boxplot_frame__467_665_4,pandas__pandas__plotting___core__boxplot_frame__467_665_4.py,199,1841
pandas__pandas__plotting___core__boxplot__279_463_3,pandas__pandas__plotting___core__boxplot__279_463_3.py,185,1784
pandas__pandas__plotting___core__hexbin__2056_2154_15,pandas__pandas__plotting___core__hexbin__2056_2154_15.py,99,879
pandas__pandas__plotting___core__hist_frame__149_275_2,pandas__pandas__plotting___core__hist_frame__149_275_2.py,127,1071
pandas__pandas__plotting___core__hist_series__50_145_1,pandas__pandas__plotting___core__hist_series__50_145_1.py,96,711
pandas__pandas__plotting___core__kde__1696_1814_12,pandas__pandas__plotting___core__kde__1696_1814_12.py,119,969
pandas__pandas__plotting___core__line__1189_1295_9,pandas__pandas__plotting___core__line__1189_1295_9.py,107,805
pandas__pandas__plotting___core__PlotAccessor__773_2154_6,pandas__pandas__plotting___core__PlotAccessor__773_2154_6.py,1382,11431
pandas__pandas__plotting___core__scatter__1961_2054_14,pandas__pandas__plotting___core__scatter__1961_2054_14.py,94,763
pandas__pandas__plotting___core___get_call_args__999_1102_7,pandas__pandas__plotting___core___get_call_args__999_1102_7.py,104,752
pandas__pandas__plotting___core____call____1104_1185_8,pandas__pandas__plotting___core____call____1104_1185_8.py,82,731
pandas__pandas__plotting___matplotlib__boxplot__boxplot__345_472_2,pandas__pandas__plotting___matplotlib__boxplot__boxplot__345_472_2.py,128,991
pandas__pandas__plotting___matplotlib__boxplot__BoxPlot__67_271_1,pandas__pandas__plotting___matplotlib__boxplot__BoxPlot__67_271_1.py,205,1668
pandas__pandas__plotting___matplotlib__converter___daily_finder__599_803_1,pandas__pandas__plotting___matplotlib__converter___daily_finder__599_803_1.py,205,2303
pandas__pandas__plotting___matplotlib__core__BarPlot__1834_2071_4,pandas__pandas__plotting___matplotlib__core__BarPlot__1834_2071_4.py,238,1691
pandas__pandas__plotting___matplotlib__core__LinePlot__1537_1755_3,pandas__pandas__plotting___matplotlib__core__LinePlot__1537_1755_3.py,219,1947
pandas__pandas__plotting___matplotlib__core__MPLPlot__114_1253_1,pandas__pandas__plotting___matplotlib__core__MPLPlot__114_1253_1.py,1140,8821
pandas__pandas__plotting___matplotlib__core__PiePlot__2125_2207_5,pandas__pandas__plotting___matplotlib__core__PiePlot__2125_2207_5.py,83,712
pandas__pandas__plotting___matplotlib__core__ScatterPlot__1310_1494_2,pandas__pandas__plotting___matplotlib__core__ScatterPlot__1310_1494_2.py,185,1601
pandas__pandas__plotting___matplotlib__core___make_plot__1931_2041_9,pandas__pandas__plotting___matplotlib__core___make_plot__1931_2041_9.py,111,832
pandas__pandas__plotting___matplotlib__core___parse_errorbars__1119_1211_8,pandas__pandas__plotting___matplotlib__core___parse_errorbars__1119_1211_8.py,93,732
pandas__pandas__plotting___matplotlib__core___validate_subplots_kwarg__340_443_7,pandas__pandas__plotting___matplotlib__core___validate_subplots_kwarg__340_443_7.py,104,784
pandas__pandas__plotting___matplotlib__core____init____139_296_6,pandas__pandas__plotting___matplotlib__core____init____139_296_6.py,158,1301
pandas__pandas__plotting___matplotlib__hist__HistPlot__56_221_1,pandas__pandas__plotting___matplotlib__hist__HistPlot__56_221_1.py,166,1449
pandas__pandas__plotting___matplotlib__hist__hist_frame__493_574_3,pandas__pandas__plotting___matplotlib__hist__hist_frame__493_574_3.py,82,543
pandas__pandas__plotting___matplotlib__hist___grouped_hist__335_414_2,pandas__pandas__plotting___matplotlib__hist___grouped_hist__335_414_2.py,80,507
pandas__pandas__plotting___matplotlib__misc__radviz__136_220_2,pandas__pandas__plotting___matplotlib__misc__radviz__136_220_2.py,85,729
pandas__pandas__plotting___matplotlib__misc__scatter_matrix__33_127_1,pandas__pandas__plotting___matplotlib__misc__scatter_matrix__33_127_1.py,95,764
pandas__pandas__plotting___matplotlib__tools__create_subplots__142_323_1,pandas__pandas__plotting___matplotlib__tools__create_subplots__142_323_1.py,182,1457
pandas__pandas__plotting___misc__parallel_coordinates__500_588_3,pandas__pandas__plotting___misc__parallel_coordinates__500_588_3.py,89,678
pandas__pandas__plotting___misc__radviz__274_359_2,pandas__pandas__plotting___misc__radviz__274_359_2.py,86,817
pandas__pandas__plotting___misc__scatter_matrix__178_270_1,pandas__pandas__plotting___misc__scatter_matrix__178_270_1.py,93,855
pandas__pandas__plotting___misc___Options__697_781_4,pandas__pandas__plotting___misc___Options__697_781_4.py,85,642
pandas__pandas__tseries__frequencies__infer_freq__91_177_1,pandas__pandas__tseries__frequencies__infer_freq__91_177_1.py,87,618
pandas__pandas__tseries__frequencies___FrequencyInferer__180_429_2,pandas__pandas__tseries__frequencies___FrequencyInferer__180_429_2.py,250,2147
pandas__pandas__tseries__holiday__AbstractHolidayCalendar__459_600_2,pandas__pandas__tseries__holiday__AbstractHolidayCalendar__459_600_2.py,142,895
pandas__pandas__tseries__holiday__Holiday__155_426_1,pandas__pandas__tseries__holiday__Holiday__155_426_1.py,272,2098
pandas__pandas__tseries__holiday____init____165_271_3,pandas__pandas__tseries__holiday____init____165_271_3.py,107,977
pandas__pandas__util__version____init____Version__217_346_1,pandas__pandas__util__version____init____Version__217_346_1.py,130,893
pandas__pandas__util___decorators__deprecate_kwarg__104_224_1,pandas__pandas__util___decorators__deprecate_kwarg__104_224_1.py,121,1081
pandas__pandas__util___doctools__TablePlotter__15_174_1,pandas__pandas__util___doctools__TablePlotter__15_174_1.py,160,1397
pandas__pandas___config__config__set_option__195_289_1,pandas__pandas___config__config__set_option__195_289_1.py,95,785
pandas__pandas___testing__asserters__assert_almost_equal__72_151_1,pandas__pandas___testing__asserters__assert_almost_equal__72_151_1.py,80,519
pandas__pandas___testing__asserters__assert_extension_array_equal__703_854_3,pandas__pandas___testing__asserters__assert_extension_array_equal__703_854_3.py,152,1257
pandas__pandas___testing__asserters__assert_frame_equal__1150_1362_5,pandas__pandas___testing__asserters__assert_frame_equal__1150_1362_5.py,213,1751
pandas__pandas___testing__asserters__assert_index_equal__188_376_2,pandas__pandas___testing__asserters__assert_index_equal__188_376_2.py,189,1483
pandas__pandas___testing__asserters__assert_series_equal__860_1144_4,pandas__pandas___testing__asserters__assert_series_equal__860_1144_4.py,285,2206
pandas__pandas___testing___warnings__assert_produces_warning__27_142_1,pandas__pandas___testing___warnings__assert_produces_warning__27_142_1.py,116,974
pandas__scripts__validate_unwanted_patterns__strings_with_wrong_placed_whitespace__176_288_1,pandas__scripts__validate_unwanted_patterns__strings_with_wrong_placed_whitespace__176_288_1.py,113,769
pandas__web__pandas_web__Preprocessors__57_358_1,pandas__web__pandas_web__Preprocessors__57_358_1.py,302,2280
pandas__web__pandas_web__roadmap_pdeps__273_358_2,pandas__web__pandas_web__roadmap_pdeps__273_358_2.py,86,679
requests__src__requests__adapters__HTTPAdapter__145_698_1,requests__src__requests__adapters__HTTPAdapter__145_698_1.py,554,4508
requests__src__requests__adapters__send__592_698_2,requests__src__requests__adapters__send__592_698_2.py,107,808
requests__src__requests__auth__build_digest_header__126_234_2,requests__src__requests__auth__build_digest_header__126_234_2.py,109,864
requests__src__requests__auth__HTTPDigestAuth__107_314_1,requests__src__requests__auth__HTTPDigestAuth__107_314_1.py,208,1662
requests__src__requests__cookies__RequestsCookieJar__176_437_1,requests__src__requests__cookies__RequestsCookieJar__176_437_1.py,262,1955
requests__src__requests__models__PreparedRequest__315_639_3,requests__src__requests__models__PreparedRequest__315_639_3.py,325,2379
requests__src__requests__models__RequestEncodingMixin__86_205_1,requests__src__requests__models__RequestEncodingMixin__86_205_1.py,120,807
requests__src__requests__models__Request__232_312_2,requests__src__requests__models__Request__232_312_2.py,81,592
requests__src__requests__models__Response__642_1041_4,requests__src__requests__models__Response__642_1041_4.py,400,3047
requests__src__requests__sessions__request__503_594_4,requests__src__requests__sessions__request__503_594_4.py,92,784
requests__src__requests__sessions__resolve_redirects__160_281_3,requests__src__requests__sessions__resolve_redirects__160_281_3.py,122,910
requests__src__requests__sessions__SessionRedirectMixin__107_354_1,requests__src__requests__sessions__SessionRedirectMixin__107_354_1.py,248,2024
requests__src__requests__sessions__Session__357_819_2,requests__src__requests__sessions__Session__357_819_2.py,463,3629
scikit_learn__benchmarks__bench_hist_gradient_boosting_threading__one_run__143_239_1,scikit_learn__benchmarks__bench_hist_gradient_boosting_threading__one_run__143_239_1.py,97,894
scikit_learn__benchmarks__bench_hist_gradient_boosting__one_run__93_202_1,scikit_learn__benchmarks__bench_hist_gradient_boosting__one_run__93_202_1.py,110,967
scikit_learn__benchmarks__bench_plot_neighbors__barplot_neighbors__27_185_1,scikit_learn__benchmarks__bench_plot_neighbors__barplot_neighbors__27_185_1.py,159,1274
scikit_learn__benchmarks__bench_plot_nmf___nls_subproblem__45_144_1,scikit_learn__benchmarks__bench_plot_nmf___nls_subproblem__45_144_1.py,100,947
scikit_learn__benchmarks__bench_plot_nmf___PGNMF__191_310_2,scikit_learn__benchmarks__bench_plot_nmf___PGNMF__191_310_2.py,120,891
scikit_learn__benchmarks__bench_saga__exp__153_244_2,scikit_learn__benchmarks__bench_saga__exp__153_244_2.py,92,607
scikit_learn__benchmarks__bench_saga__fit_single__31_142_1,scikit_learn__benchmarks__bench_saga__fit_single__31_142_1.py,112,829
scikit_learn__benchmarks__bench_saga__plot__247_363_3,scikit_learn__benchmarks__bench_saga__plot__247_363_3.py,117,802
scikit_learn__build_tools__generate_authors_table__get_contributors__43_146_1,scikit_learn__build_tools__generate_authors_table__get_contributors__43_146_1.py,104,892
scikit_learn__build_tools__get_comment__get_message__69_219_1,scikit_learn__build_tools__get_comment__get_message__69_219_1.py,151,1290
scikit_learn__sklearn__base__BaseEstimator__156_505_1,scikit_learn__sklearn__base__BaseEstimator__156_505_1.py,350,2658
scikit_learn__sklearn__base__BiclusterMixin__720_819_3,scikit_learn__sklearn__base__BiclusterMixin__720_819_3.py,100,775
scikit_learn__sklearn__base__OutlierMixin__1059_1138_5,scikit_learn__sklearn__base__OutlierMixin__1059_1138_5.py,80,665
scikit_learn__sklearn__base__RegressorMixin__578_663_2,scikit_learn__sklearn__base__RegressorMixin__578_663_2.py,86,872
scikit_learn__sklearn__base__TransformerMixin__822_919_4,scikit_learn__sklearn__base__TransformerMixin__822_919_4.py,98,863
scikit_learn__sklearn__base___get_params_html__263_345_6,scikit_learn__sklearn__base___get_params_html__263_345_6.py,83,548
scikit_learn__sklearn__calibration__CalibratedClassifierCV__74_596_1,scikit_learn__sklearn__calibration__CalibratedClassifierCV__74_596_1.py,523,4536
scikit_learn__sklearn__calibration__CalibrationDisplay__1343_1718_7,scikit_learn__sklearn__calibration__CalibrationDisplay__1343_1718_7.py,376,2757
scikit_learn__sklearn__calibration__calibration_curve__1225_1340_6,scikit_learn__sklearn__calibration__calibration_curve__1225_1340_6.py,116,1016
scikit_learn__sklearn__calibration__fit__1078_1181_9,scikit_learn__sklearn__calibration__fit__1078_1181_9.py,104,790
scikit_learn__sklearn__calibration__fit__341_508_8,scikit_learn__sklearn__calibration__fit__341_508_8.py,168,1313
scikit_learn__sklearn__calibration__from_estimator__1483_1604_10,scikit_learn__sklearn__calibration__from_estimator__1483_1604_10.py,122,820
scikit_learn__sklearn__calibration__from_predictions__1607_1718_11,scikit_learn__sklearn__calibration__from_predictions__1607_1718_11.py,112,819
scikit_learn__sklearn__calibration___CalibratedClassifier__753_848_3,scikit_learn__sklearn__calibration___CalibratedClassifier__753_848_3.py,96,827
scikit_learn__sklearn__calibration___fit_classifier_calibrator_pair__599_685_2,scikit_learn__sklearn__calibration___fit_classifier_calibrator_pair__599_685_2.py,87,550
scikit_learn__sklearn__calibration___sigmoid_calibration__853_952_4,scikit_learn__sklearn__calibration___sigmoid_calibration__853_952_4.py,100,907
scikit_learn__sklearn__calibration___TemperatureScaling__1069_1212_5,scikit_learn__sklearn__calibration___TemperatureScaling__1069_1212_5.py,144,1066
scikit_learn__sklearn__cluster___affinity_propagation__AffinityPropagation__312_607_3,scikit_learn__sklearn__cluster___affinity_propagation__AffinityPropagation__312_607_3.py,296,2354
scikit_learn__sklearn__cluster___affinity_propagation__affinity_propagation__189_309_2,scikit_learn__sklearn__cluster___affinity_propagation__affinity_propagation__189_309_2.py,121,954
scikit_learn__sklearn__cluster___affinity_propagation___affinity_propagation__34_175_1,scikit_learn__sklearn__cluster___affinity_propagation___affinity_propagation__34_175_1.py,142,1112
scikit_learn__sklearn__cluster___agglomerative__AgglomerativeClustering__781_1118_3,scikit_learn__sklearn__cluster___agglomerative__AgglomerativeClustering__781_1118_3.py,338,2801
scikit_learn__sklearn__cluster___agglomerative__FeatureAgglomeration__1121_1335_4,scikit_learn__sklearn__cluster___agglomerative__FeatureAgglomeration__1121_1335_4.py,215,1850
scikit_learn__sklearn__cluster___agglomerative__linkage_tree__428_701_2,scikit_learn__sklearn__cluster___agglomerative__linkage_tree__428_701_2.py,274,2297
scikit_learn__sklearn__cluster___agglomerative__ward_tree__193_424_1,scikit_learn__sklearn__cluster___agglomerative__ward_tree__193_424_1.py,232,2117
scikit_learn__sklearn__cluster___agglomerative___fit__995_1095_5,scikit_learn__sklearn__cluster___agglomerative___fit__995_1095_5.py,101,723
scikit_learn__sklearn__cluster___bicluster__BaseSpectral__82_199_1,scikit_learn__sklearn__cluster___bicluster__BaseSpectral__82_199_1.py,118,960
scikit_learn__sklearn__cluster___bicluster__SpectralBiclustering__360_622_3,scikit_learn__sklearn__cluster___bicluster__SpectralBiclustering__360_622_3.py,263,2281
scikit_learn__sklearn__cluster___bicluster__SpectralCoclustering__202_357_2,scikit_learn__sklearn__cluster___bicluster__SpectralCoclustering__202_357_2.py,156,1442
scikit_learn__sklearn__cluster___birch__Birch__359_730_3,scikit_learn__sklearn__cluster___birch__Birch__359_730_3.py,372,2831
scikit_learn__sklearn__cluster___birch___CFNode__109_261_1,scikit_learn__sklearn__cluster___birch___CFNode__109_261_1.py,153,1268
scikit_learn__sklearn__cluster___birch___CFSubcluster__264_356_2,scikit_learn__sklearn__cluster___birch___CFSubcluster__264_356_2.py,93,861
scikit_learn__sklearn__cluster___bisect_k_means__BisectingKMeans__83_543_1,scikit_learn__sklearn__cluster___bisect_k_means__BisectingKMeans__83_543_1.py,461,3797
scikit_learn__sklearn__cluster___bisect_k_means__fit__363_454_2,scikit_learn__sklearn__cluster___bisect_k_means__fit__363_454_2.py,92,742
scikit_learn__sklearn__cluster___dbscan__DBSCAN__201_512_2,scikit_learn__sklearn__cluster___dbscan__DBSCAN__201_512_2.py,312,2867
scikit_learn__sklearn__cluster___dbscan__dbscan__29_198_1,scikit_learn__sklearn__cluster___dbscan__dbscan__29_198_1.py,170,1690
scikit_learn__sklearn__cluster___hdbscan__hdbscan__fit__701_900_4,scikit_learn__sklearn__cluster___hdbscan__hdbscan__fit__701_900_4.py,200,1684
scikit_learn__sklearn__cluster___hdbscan__hdbscan__HDBSCAN__423_1020_3,scikit_learn__sklearn__cluster___hdbscan__hdbscan__HDBSCAN__423_1020_3.py,598,5574
scikit_learn__sklearn__cluster___hdbscan__hdbscan___hdbscan_brute__171_279_1,scikit_learn__sklearn__cluster___hdbscan__hdbscan___hdbscan_brute__171_279_1.py,109,971
scikit_learn__sklearn__cluster___hdbscan__hdbscan___hdbscan_prims__282_361_2,scikit_learn__sklearn__cluster___hdbscan__hdbscan___hdbscan_prims__282_361_2.py,80,689
scikit_learn__sklearn__cluster___kmeans__fit__1433_1560_11,scikit_learn__sklearn__cluster___kmeans__fit__1433_1560_11.py,128,946
scikit_learn__sklearn__cluster___kmeans__fit__2053_2221_12,scikit_learn__sklearn__cluster___kmeans__fit__2053_2221_12.py,169,1336
scikit_learn__sklearn__cluster___kmeans__kmeans_plusplus__74_177_1,scikit_learn__sklearn__cluster___kmeans__kmeans_plusplus__74_177_1.py,104,880
scikit_learn__sklearn__cluster___kmeans__KMeans__1192_1560_7,scikit_learn__sklearn__cluster___kmeans__KMeans__1192_1560_7.py,369,3171
scikit_learn__sklearn__cluster___kmeans__k_means__304_459_3,scikit_learn__sklearn__cluster___kmeans__k_means__304_459_3.py,156,1418
scikit_learn__sklearn__cluster___kmeans__MiniBatchKMeans__1684_2324_9,scikit_learn__sklearn__cluster___kmeans__MiniBatchKMeans__1684_2324_9.py,641,5358
scikit_learn__sklearn__cluster___kmeans__partial_fit__2224_2324_13,scikit_learn__sklearn__cluster___kmeans__partial_fit__2224_2324_13.py,101,738
scikit_learn__sklearn__cluster___kmeans___BaseKMeans__837_1189_6,scikit_learn__sklearn__cluster___kmeans___BaseKMeans__837_1189_6.py,353,2594
scikit_learn__sklearn__cluster___kmeans___init_centroids__961_1045_10,scikit_learn__sklearn__cluster___kmeans___init_centroids__961_1045_10.py,85,622
scikit_learn__sklearn__cluster___kmeans___kmeans_plusplus__180_278_2,scikit_learn__sklearn__cluster___kmeans___kmeans_plusplus__180_278_2.py,99,882
scikit_learn__sklearn__cluster___kmeans___kmeans_single_elkan__462_624_4,scikit_learn__sklearn__cluster___kmeans___kmeans_single_elkan__462_624_4.py,163,1108
scikit_learn__sklearn__cluster___kmeans___kmeans_single_lloyd__630_758_5,scikit_learn__sklearn__cluster___kmeans___kmeans_single_lloyd__630_758_5.py,129,876
scikit_learn__sklearn__cluster___kmeans___mini_batch_step__1563_1681_8,scikit_learn__sklearn__cluster___kmeans___mini_batch_step__1563_1681_8.py,119,935
scikit_learn__sklearn__cluster___mean_shift__fit__470_561_3,scikit_learn__sklearn__cluster___mean_shift__fit__470_561_3.py,92,741
scikit_learn__sklearn__cluster___mean_shift__MeanShift__300_579_2,scikit_learn__sklearn__cluster___mean_shift__MeanShift__300_579_2.py,280,2265
scikit_learn__sklearn__cluster___mean_shift__mean_shift__135_244_1,scikit_learn__sklearn__cluster___mean_shift__mean_shift__135_244_1.py,110,886
scikit_learn__sklearn__cluster___optics__cluster_optics_xi__811_919_3,scikit_learn__sklearn__cluster___optics__cluster_optics_xi__811_919_3.py,109,932
scikit_learn__sklearn__cluster___optics__compute_optics_graph__459_669_2,scikit_learn__sklearn__cluster___optics__compute_optics_graph__459_669_2.py,211,2049
scikit_learn__sklearn__cluster___optics__fit__304_394_5,scikit_learn__sklearn__cluster___optics__fit__304_394_5.py,91,648
scikit_learn__sklearn__cluster___optics__OPTICS__33_394_1,scikit_learn__sklearn__cluster___optics__OPTICS__33_394_1.py,362,3450
scikit_learn__sklearn__cluster___optics___xi_cluster__1021_1173_4,scikit_learn__sklearn__cluster___optics___xi_cluster__1021_1173_4.py,153,1360
scikit_learn__sklearn__cluster___spectral__discretize__55_187_1,scikit_learn__sklearn__cluster___spectral__discretize__55_187_1.py,133,1197
scikit_learn__sklearn__cluster___spectral__fit__672_772_4,scikit_learn__sklearn__cluster___spectral__fit__672_772_4.py,101,839
scikit_learn__sklearn__cluster___spectral__SpectralClustering__379_805_3,scikit_learn__sklearn__cluster___spectral__SpectralClustering__379_805_3.py,427,3884
scikit_learn__sklearn__cluster___spectral__spectral_clustering__194_376_2,scikit_learn__sklearn__cluster___spectral__spectral_clustering__194_376_2.py,183,1803
scikit_learn__sklearn__compose___column_transformer__ColumnTransformer__67_1333_1,scikit_learn__sklearn__compose___column_transformer__ColumnTransformer__67_1333_1.py,1267,10255
scikit_learn__sklearn__compose___column_transformer__fit_transform__946_1030_4,scikit_learn__sklearn__compose___column_transformer__fit_transform__946_1030_4.py,85,650
scikit_learn__sklearn__compose___column_transformer__make_column_selector__1516_1602_3,scikit_learn__sklearn__compose___column_transformer__make_column_selector__1516_1602_3.py,87,824
scikit_learn__sklearn__compose___column_transformer__make_column_transformer__1382_1513_2,scikit_learn__sklearn__compose___column_transformer__make_column_transformer__1382_1513_2.py,132,1215
scikit_learn__sklearn__compose___column_transformer__transform__1032_1113_5,scikit_learn__sklearn__compose___column_transformer__transform__1032_1113_5.py,82,650
scikit_learn__sklearn__compose___column_transformer___hstack__1115_1224_6,scikit_learn__sklearn__compose___column_transformer___hstack__1115_1224_6.py,110,883
scikit_learn__sklearn__compose___target__TransformedTargetRegressor__26_397_1,scikit_learn__sklearn__compose___target__TransformedTargetRegressor__26_397_1.py,372,2964
scikit_learn__sklearn__conftest__pytest_collection_modifyitems__131_252_1,scikit_learn__sklearn__conftest__pytest_collection_modifyitems__131_252_1.py,122,996
scikit_learn__sklearn__covariance___elliptic_envelope__EllipticEnvelope__15_266_1,scikit_learn__sklearn__covariance___elliptic_envelope__EllipticEnvelope__15_266_1.py,252,1908
scikit_learn__sklearn__covariance___empirical_covariance__EmpiricalCovariance__114_368_1,scikit_learn__sklearn__covariance___empirical_covariance__EmpiricalCovariance__114_368_1.py,255,1967
scikit_learn__sklearn__covariance___graph_lasso__fit__948_1132_6,scikit_learn__sklearn__covariance___graph_lasso__fit__948_1132_6.py,185,1557
scikit_learn__sklearn__covariance___graph_lasso__GraphicalLassoCV__722_1152_5,scikit_learn__sklearn__covariance___graph_lasso__GraphicalLassoCV__722_1152_5.py,431,3685
scikit_learn__sklearn__covariance___graph_lasso__GraphicalLasso__399_590_3,scikit_learn__sklearn__covariance___graph_lasso__GraphicalLasso__399_590_3.py,192,1581
scikit_learn__sklearn__covariance___graph_lasso__graphical_lasso_path__594_719_4,scikit_learn__sklearn__covariance___graph_lasso__graphical_lasso_path__594_719_4.py,126,999
scikit_learn__sklearn__covariance___graph_lasso__graphical_lasso__238_365_2,scikit_learn__sklearn__covariance___graph_lasso__graphical_lasso__238_365_2.py,128,1037
scikit_learn__sklearn__covariance___graph_lasso___graphical_lasso__71_208_1,scikit_learn__sklearn__covariance___graph_lasso___graphical_lasso__71_208_1.py,138,1303
scikit_learn__sklearn__covariance___robust_covariance__fast_mcd__399_618_3,scikit_learn__sklearn__covariance___robust_covariance__fast_mcd__399_618_3.py,220,2148
scikit_learn__sklearn__covariance___robust_covariance__MinCovDet__621_925_4,scikit_learn__sklearn__covariance___robust_covariance__MinCovDet__621_925_4.py,305,2710
scikit_learn__sklearn__covariance___robust_covariance__select_candidates__253_396_2,scikit_learn__sklearn__covariance___robust_covariance__select_candidates__253_396_2.py,144,1229
scikit_learn__sklearn__covariance___robust_covariance___c_step__114_213_1,scikit_learn__sklearn__covariance___robust_covariance___c_step__114_213_1.py,100,872
scikit_learn__sklearn__covariance___shrunk_covariance__LedoitWolf__467_613_3,scikit_learn__sklearn__covariance___shrunk_covariance__LedoitWolf__467_613_3.py,147,1219
scikit_learn__sklearn__covariance___shrunk_covariance__ledoit_wolf_shrinkage__297_400_2,scikit_learn__sklearn__covariance___shrunk_covariance__ledoit_wolf_shrinkage__297_400_2.py,104,1112
scikit_learn__sklearn__covariance___shrunk_covariance__OAS__688_822_4,scikit_learn__sklearn__covariance___shrunk_covariance__OAS__688_822_4.py,135,1145
scikit_learn__sklearn__covariance___shrunk_covariance__ShrunkCovariance__159_283_1,scikit_learn__sklearn__covariance___shrunk_covariance__ShrunkCovariance__159_283_1.py,125,975
scikit_learn__sklearn__cross_decomposition___pls__CCA__793_900_4,scikit_learn__sklearn__cross_decomposition___pls__CCA__793_900_4.py,108,928
scikit_learn__sklearn__cross_decomposition___pls__fit__206_366_6,scikit_learn__sklearn__cross_decomposition___pls__fit__206_366_6.py,161,1507
scikit_learn__sklearn__cross_decomposition___pls__PLSCanonical__660_790_3,scikit_learn__sklearn__cross_decomposition___pls__PLSCanonical__660_790_3.py,131,1124
scikit_learn__sklearn__cross_decomposition___pls__PLSRegression__507_657_2,scikit_learn__sklearn__cross_decomposition___pls__PLSRegression__507_657_2.py,151,1291
scikit_learn__sklearn__cross_decomposition___pls__PLSSVD__903_1097_5,scikit_learn__sklearn__cross_decomposition___pls__PLSSVD__903_1097_5.py,195,1566
scikit_learn__sklearn__cross_decomposition___pls___PLS__155_504_1,scikit_learn__sklearn__cross_decomposition___pls___PLS__155_504_1.py,350,2976
scikit_learn__sklearn__datasets___arff_parser__load_arff_from_gzip_file__463_543_3,scikit_learn__sklearn__datasets___arff_parser__load_arff_from_gzip_file__463_543_3.py,81,568
scikit_learn__sklearn__datasets___arff_parser___liac_arff_parser__107_308_1,scikit_learn__sklearn__datasets___arff_parser___liac_arff_parser__107_308_1.py,202,1676
scikit_learn__sklearn__datasets___arff_parser___pandas_arff_parser__311_460_2,scikit_learn__sklearn__datasets___arff_parser___pandas_arff_parser__311_460_2.py,150,1405
scikit_learn__sklearn__datasets___base__load_breast_cancer__754_900_4,scikit_learn__sklearn__datasets___base__load_breast_cancer__754_900_4.py,147,1112
scikit_learn__sklearn__datasets___base__load_diabetes__1047_1164_6,scikit_learn__sklearn__datasets___base__load_diabetes__1047_1164_6.py,118,943
scikit_learn__sklearn__datasets___base__load_digits__911_1040_5,scikit_learn__sklearn__datasets___base__load_digits__911_1040_5.py,130,1012
scikit_learn__sklearn__datasets___base__load_files__145_322_1,scikit_learn__sklearn__datasets___base__load_files__145_322_1.py,178,1305
scikit_learn__sklearn__datasets___base__load_iris__625_747_3,scikit_learn__sklearn__datasets___base__load_iris__625_747_3.py,123,948
scikit_learn__sklearn__datasets___base__load_linnerud__1174_1291_7,scikit_learn__sklearn__datasets___base__load_linnerud__1174_1291_7.py,118,942
scikit_learn__sklearn__datasets___base__load_wine__501_618_2,scikit_learn__sklearn__datasets___base__load_wine__501_618_2.py,118,903
scikit_learn__sklearn__datasets___base___fetch_remote__1434_1539_8,scikit_learn__sklearn__datasets___base___fetch_remote__1434_1539_8.py,106,848
scikit_learn__sklearn__datasets___california_housing__fetch_california_housing__67_246_1,scikit_learn__sklearn__datasets___california_housing__fetch_california_housing__67_246_1.py,180,1310
scikit_learn__sklearn__datasets___covtype__fetch_covtype__79_252_1,scikit_learn__sklearn__datasets___covtype__fetch_covtype__79_252_1.py,174,1342
scikit_learn__sklearn__datasets___kddcup99__fetch_kddcup99__69_263_1,scikit_learn__sklearn__datasets___kddcup99__fetch_kddcup99__69_263_1.py,195,1592
scikit_learn__sklearn__datasets___kddcup99___fetch_brute_kddcup99__266_415_2,scikit_learn__sklearn__datasets___kddcup99___fetch_brute_kddcup99__266_415_2.py,150,1181
scikit_learn__sklearn__datasets___lfw__fetch_lfw_pairs__498_654_2,scikit_learn__sklearn__datasets___lfw__fetch_lfw_pairs__498_654_2.py,157,1386
scikit_learn__sklearn__datasets___lfw__fetch_lfw_people__266_424_1,scikit_learn__sklearn__datasets___lfw__fetch_lfw_people__266_424_1.py,159,1296
scikit_learn__sklearn__datasets___olivetti_faces__fetch_olivetti_faces__55_187_1,scikit_learn__sklearn__datasets___olivetti_faces__fetch_olivetti_faces__55_187_1.py,133,1091
scikit_learn__sklearn__datasets___openml__fetch_openml__778_1164_4,scikit_learn__sklearn__datasets___openml__fetch_openml__778_1164_4.py,387,3624
scikit_learn__sklearn__datasets___openml___download_data_to_bunch__577_713_3,scikit_learn__sklearn__datasets___openml___download_data_to_bunch__577_713_3.py,137,996
scikit_learn__sklearn__datasets___openml___get_data_info_by_name__262_356_1,scikit_learn__sklearn__datasets___openml___get_data_info_by_name__262_356_1.py,95,754
scikit_learn__sklearn__datasets___openml___load_arff_response__441_574_2,scikit_learn__sklearn__datasets___openml___load_arff_response__441_574_2.py,134,1116
scikit_learn__sklearn__datasets___rcv1__fetch_rcv1__94_322_1,scikit_learn__sklearn__datasets___rcv1__fetch_rcv1__94_322_1.py,229,1956
scikit_learn__sklearn__datasets___samples_generator__make_biclusters__2134_2241_10,scikit_learn__sklearn__datasets___samples_generator__make_biclusters__2134_2241_10.py,108,788
scikit_learn__sklearn__datasets___samples_generator__make_blobs__994_1158_5,scikit_learn__sklearn__datasets___samples_generator__make_blobs__994_1158_5.py,165,1329
scikit_learn__sklearn__datasets___samples_generator__make_checkerboard__2256_2383_11,scikit_learn__sklearn__datasets___samples_generator__make_checkerboard__2256_2383_11.py,128,914
scikit_learn__sklearn__datasets___samples_generator__make_circles__807_891_4,scikit_learn__sklearn__datasets___samples_generator__make_circles__807_891_4.py,85,744
scikit_learn__sklearn__datasets___samples_generator__make_classification__61_381_1,scikit_learn__sklearn__datasets___samples_generator__make_classification__61_381_1.py,321,2854
scikit_learn__sklearn__datasets___samples_generator__make_gaussian_quantiles__2005_2110_9,scikit_learn__sklearn__datasets___samples_generator__make_gaussian_quantiles__2005_2110_9.py,106,770
scikit_learn__sklearn__datasets___samples_generator__make_low_rank_matrix__1423_1516_6,scikit_learn__sklearn__datasets___samples_generator__make_low_rank_matrix__1423_1516_6.py,94,719
scikit_learn__sklearn__datasets___samples_generator__make_multilabel_classification__399_563_2,scikit_learn__sklearn__datasets___samples_generator__make_multilabel_classification__399_563_2.py,165,1451
scikit_learn__sklearn__datasets___samples_generator__make_regression__648_794_3,scikit_learn__sklearn__datasets___samples_generator__make_regression__648_794_3.py,147,1153
scikit_learn__sklearn__datasets___samples_generator__make_sparse_coded_signal__1529_1613_7,scikit_learn__sklearn__datasets___samples_generator__make_sparse_coded_signal__1529_1613_7.py,85,626
scikit_learn__sklearn__datasets___samples_generator__make_sparse_spd_matrix__1746_1848_8,scikit_learn__sklearn__datasets___samples_generator__make_sparse_spd_matrix__1746_1848_8.py,103,805
scikit_learn__sklearn__datasets___species_distributions__fetch_species_distributions__139_287_1,scikit_learn__sklearn__datasets___species_distributions__fetch_species_distributions__139_287_1.py,149,1373
scikit_learn__sklearn__datasets___svmlight_format_io__dump_svmlight_file__462_590_3,scikit_learn__sklearn__datasets___svmlight_format_io__dump_svmlight_file__462_590_3.py,129,1218
scikit_learn__sklearn__datasets___svmlight_format_io__load_svmlight_files__257_418_2,scikit_learn__sklearn__datasets___svmlight_format_io__load_svmlight_files__257_418_2.py,162,1411
scikit_learn__sklearn__datasets___svmlight_format_io__load_svmlight_file__55_191_1,scikit_learn__sklearn__datasets___svmlight_format_io__load_svmlight_file__55_191_1.py,137,1195
scikit_learn__sklearn__datasets___twenty_newsgroups__fetch_20newsgroups_vectorized__403_625_2,scikit_learn__sklearn__datasets___twenty_newsgroups__fetch_20newsgroups_vectorized__403_625_2.py,223,1711
scikit_learn__sklearn__datasets___twenty_newsgroups__fetch_20newsgroups__177_386_1,scikit_learn__sklearn__datasets___twenty_newsgroups__fetch_20newsgroups__177_386_1.py,210,1672
scikit_learn__sklearn__decomposition___base___BasePCA__20_210_1,scikit_learn__sklearn__decomposition___base___BasePCA__20_210_1.py,191,1480
scikit_learn__sklearn__decomposition___dict_learning__DictionaryLearning__1417_1757_8,scikit_learn__sklearn__decomposition___dict_learning__DictionaryLearning__1417_1757_8.py,341,2763
scikit_learn__sklearn__decomposition___dict_learning__dict_learning_online__673_880_4,scikit_learn__sklearn__decomposition___dict_learning__dict_learning_online__673_880_4.py,208,1655
scikit_learn__sklearn__decomposition___dict_learning__dict_learning__892_1068_5,scikit_learn__sklearn__decomposition___dict_learning__dict_learning__892_1068_5.py,177,1336
scikit_learn__sklearn__decomposition___dict_learning__fit__2207_2286_10,scikit_learn__sklearn__decomposition___dict_learning__fit__2207_2286_10.py,80,549
scikit_learn__sklearn__decomposition___dict_learning__MiniBatchDictionaryLearning__1760_2341_9,scikit_learn__sklearn__decomposition___dict_learning__MiniBatchDictionaryLearning__1760_2341_9.py,582,4652
scikit_learn__sklearn__decomposition___dict_learning__SparseCoder__1182_1414_7,scikit_learn__sklearn__decomposition___dict_learning__SparseCoder__1182_1414_7.py,233,1843
scikit_learn__sklearn__decomposition___dict_learning__sparse_encode__226_388_2,scikit_learn__sklearn__decomposition___dict_learning__sparse_encode__226_388_2.py,163,1368
scikit_learn__sklearn__decomposition___dict_learning___BaseSparseCoding__1071_1179_6,scikit_learn__sklearn__decomposition___dict_learning___BaseSparseCoding__1071_1179_6.py,109,759
scikit_learn__sklearn__decomposition___dict_learning___dict_learning__551_661_3,scikit_learn__sklearn__decomposition___dict_learning___dict_learning__551_661_3.py,111,735
scikit_learn__sklearn__decomposition___dict_learning___sparse_encode_precomputed__36_201_1,scikit_learn__sklearn__decomposition___dict_learning___sparse_encode_precomputed__36_201_1.py,166,1298
scikit_learn__sklearn__decomposition___factor_analysis__FactorAnalysis__39_435_1,scikit_learn__sklearn__decomposition___factor_analysis__FactorAnalysis__39_435_1.py,397,3045
scikit_learn__sklearn__decomposition___factor_analysis__fit__203_309_2,scikit_learn__sklearn__decomposition___factor_analysis__fit__203_309_2.py,107,780
scikit_learn__sklearn__decomposition___fastica__fastica__177_369_1,scikit_learn__sklearn__decomposition___fastica__fastica__177_369_1.py,193,1630
scikit_learn__sklearn__decomposition___fastica__FastICA__372_809_2,scikit_learn__sklearn__decomposition___fastica__FastICA__372_809_2.py,438,3501
scikit_learn__sklearn__decomposition___fastica___fit_transform__550_700_3,scikit_learn__sklearn__decomposition___fastica___fit_transform__550_700_3.py,151,1211
scikit_learn__sklearn__decomposition___incremental_pca__IncrementalPCA__19_423_1,scikit_learn__sklearn__decomposition___incremental_pca__IncrementalPCA__19_423_1.py,405,3572
scikit_learn__sklearn__decomposition___incremental_pca__partial_fit__254_376_2,scikit_learn__sklearn__decomposition___incremental_pca__partial_fit__254_376_2.py,123,1013
scikit_learn__sklearn__decomposition___kernel_pca__KernelPCA__32_579_1,scikit_learn__sklearn__decomposition___kernel_pca__KernelPCA__32_579_1.py,548,5058
scikit_learn__sklearn__decomposition___lda__fit__625_705_3,scikit_learn__sklearn__decomposition___lda__fit__625_705_3.py,81,607
scikit_learn__sklearn__decomposition___lda__LatentDirichletAllocation__160_956_2,scikit_learn__sklearn__decomposition___lda__LatentDirichletAllocation__160_956_2.py,797,6354
scikit_learn__sklearn__decomposition___lda___update_doc_distribution__40_157_1,scikit_learn__sklearn__decomposition___lda___update_doc_distribution__40_157_1.py,118,1092
scikit_learn__sklearn__decomposition___nmf__MiniBatchNMF__1758_2401_10,scikit_learn__sklearn__decomposition___nmf__MiniBatchNMF__1758_2401_10.py,644,5762
scikit_learn__sklearn__decomposition___nmf__NMF__1317_1755_9,scikit_learn__sklearn__decomposition___nmf__NMF__1317_1755_9.py,439,3781
scikit_learn__sklearn__decomposition___nmf__non_negative_factorization__897_1123_7,scikit_learn__sklearn__decomposition___nmf__non_negative_factorization__897_1123_7.py,227,2289
scikit_learn__sklearn__decomposition___nmf___BaseNMF__1126_1314_8,scikit_learn__sklearn__decomposition___nmf___BaseNMF__1126_1314_8.py,189,1470
scikit_learn__sklearn__decomposition___nmf___beta_divergence__77_181_1,scikit_learn__sklearn__decomposition___nmf___beta_divergence__77_181_1.py,105,988
scikit_learn__sklearn__decomposition___nmf___fit_coordinate_descent__398_515_3,scikit_learn__sklearn__decomposition___nmf___fit_coordinate_descent__398_515_3.py,118,863
scikit_learn__sklearn__decomposition___nmf___fit_multiplicative_update__723_885_6,scikit_learn__sklearn__decomposition___nmf___fit_multiplicative_update__723_885_6.py,163,1339
scikit_learn__sklearn__decomposition___nmf___fit_transform__1630_1726_11,scikit_learn__sklearn__decomposition___nmf___fit_transform__1630_1726_11.py,97,759
scikit_learn__sklearn__decomposition___nmf___fit_transform__2219_2314_12,scikit_learn__sklearn__decomposition___nmf___fit_transform__2219_2314_12.py,96,823
scikit_learn__sklearn__decomposition___nmf___initialize_nmf__213_365_2,scikit_learn__sklearn__decomposition___nmf___initialize_nmf__213_365_2.py,153,1340
scikit_learn__sklearn__decomposition___nmf___multiplicative_update_h__626_720_5,scikit_learn__sklearn__decomposition___nmf___multiplicative_update_h__626_720_5.py,95,814
scikit_learn__sklearn__decomposition___nmf___multiplicative_update_w__518_623_4,scikit_learn__sklearn__decomposition___nmf___multiplicative_update_w__518_623_4.py,106,864
scikit_learn__sklearn__decomposition___pca__PCA__113_852_1,scikit_learn__sklearn__decomposition___pca__PCA__113_852_1.py,740,7185
scikit_learn__sklearn__decomposition___pca___fit_full__544_694_2,scikit_learn__sklearn__decomposition___pca___fit_full__544_694_2.py,151,1603
scikit_learn__sklearn__decomposition___pca___fit_truncated__696_788_3,scikit_learn__sklearn__decomposition___pca___fit_truncated__696_788_3.py,93,945
scikit_learn__sklearn__decomposition___sparse_pca__MiniBatchSparsePCA__342_551_3,scikit_learn__sklearn__decomposition___sparse_pca__MiniBatchSparsePCA__342_551_3.py,210,1614
scikit_learn__sklearn__decomposition___sparse_pca__SparsePCA__162_339_2,scikit_learn__sklearn__decomposition___sparse_pca__SparsePCA__162_339_2.py,178,1356
scikit_learn__sklearn__decomposition___sparse_pca___BaseSparsePCA__27_159_1,scikit_learn__sklearn__decomposition___sparse_pca___BaseSparsePCA__27_159_1.py,133,923
scikit_learn__sklearn__decomposition___truncated_svd__TruncatedSVD__28_322_1,scikit_learn__sklearn__decomposition___truncated_svd__TruncatedSVD__28_322_1.py,295,2544
scikit_learn__sklearn__discriminant_analysis__fit__1047_1147_4,scikit_learn__sklearn__discriminant_analysis__fit__1047_1147_4.py,101,850
scikit_learn__sklearn__discriminant_analysis__fit__639_730_3,scikit_learn__sklearn__discriminant_analysis__fit__639_730_3.py,92,740
scikit_learn__sklearn__discriminant_analysis__LinearDiscriminantAnalysis__249_829_1,scikit_learn__sklearn__discriminant_analysis__LinearDiscriminantAnalysis__249_829_1.py,581,5053
scikit_learn__sklearn__discriminant_analysis__QuadraticDiscriminantAnalysis__832_1186_2,scikit_learn__sklearn__discriminant_analysis__QuadraticDiscriminantAnalysis__832_1186_2.py,355,3233
scikit_learn__sklearn__dummy__DummyClassifier__34_458_1,scikit_learn__sklearn__dummy__DummyClassifier__34_458_1.py,425,3248
scikit_learn__sklearn__dummy__DummyRegressor__461_700_2,scikit_learn__sklearn__dummy__DummyRegressor__461_700_2.py,240,1891
scikit_learn__sklearn__dummy__fit__162_250_3,scikit_learn__sklearn__dummy__fit__162_250_3.py,89,601
scikit_learn__sklearn__dummy__fit__543_622_5,scikit_learn__sklearn__dummy__fit__543_622_5.py,80,571
scikit_learn__sklearn__dummy__predict__252_337_4,scikit_learn__sklearn__dummy__predict__252_337_4.py,86,594
scikit_learn__sklearn__ensemble___bagging__BaggingClassifier__685_1194_2,scikit_learn__sklearn__ensemble___bagging__BaggingClassifier__685_1194_2.py,510,4025
scikit_learn__sklearn__ensemble___bagging__BaggingRegressor__1197_1486_3,scikit_learn__sklearn__ensemble___bagging__BaggingRegressor__1197_1486_3.py,290,2385
scikit_learn__sklearn__ensemble___bagging__BaseBagging__266_682_1,scikit_learn__sklearn__ensemble___bagging__BaseBagging__266_682_1.py,417,2969
scikit_learn__sklearn__ensemble___bagging___fit__398_572_4,scikit_learn__sklearn__ensemble___bagging___fit__398_572_4.py,175,1229
scikit_learn__sklearn__ensemble___base__BaseEnsemble__87_168_1,scikit_learn__sklearn__ensemble___base__BaseEnsemble__87_168_1.py,82,538
scikit_learn__sklearn__ensemble___base___BaseHeterogeneousEnsemble__184_313_2,scikit_learn__sklearn__ensemble___base___BaseHeterogeneousEnsemble__184_313_2.py,130,951
scikit_learn__sklearn__ensemble___forest__BaseForest__183_702_1,scikit_learn__sklearn__ensemble___forest__BaseForest__183_702_1.py,520,4012
scikit_learn__sklearn__ensemble___forest__ExtraTreesClassifier__1964_2350_6,scikit_learn__sklearn__ensemble___forest__ExtraTreesClassifier__1964_2350_6.py,387,3609
scikit_learn__sklearn__ensemble___forest__ExtraTreesRegressor__2353_2715_7,scikit_learn__sklearn__ensemble___forest__ExtraTreesRegressor__2353_2715_7.py,363,3372
scikit_learn__sklearn__ensemble___forest__fit__304_523_9,scikit_learn__sklearn__ensemble___forest__fit__304_523_9.py,220,1721
scikit_learn__sklearn__ensemble___forest__ForestClassifier__721_1006_2,scikit_learn__sklearn__ensemble___forest__ForestClassifier__721_1006_2.py,286,2182
scikit_learn__sklearn__ensemble___forest__ForestRegressor__1009_1172_3,scikit_learn__sklearn__ensemble___forest__ForestRegressor__1009_1172_3.py,164,1162
scikit_learn__sklearn__ensemble___forest__RandomForestClassifier__1175_1575_4,scikit_learn__sklearn__ensemble___forest__RandomForestClassifier__1175_1575_4.py,401,3824
scikit_learn__sklearn__ensemble___forest__RandomForestRegressor__1578_1961_5,scikit_learn__sklearn__ensemble___forest__RandomForestRegressor__1578_1961_5.py,384,3678
scikit_learn__sklearn__ensemble___forest__RandomTreesEmbedding__2718_3086_8,scikit_learn__sklearn__ensemble___forest__RandomTreesEmbedding__2718_3086_8.py,369,3234
scikit_learn__sklearn__ensemble___gb__BaseGradientBoosting__361_1142_2,scikit_learn__sklearn__ensemble___gb__BaseGradientBoosting__361_1142_2.py,782,6303
scikit_learn__sklearn__ensemble___gb__fit__626_829_6,scikit_learn__sklearn__ensemble___gb__fit__626_829_6.py,204,1602
scikit_learn__sklearn__ensemble___gb__GradientBoostingClassifier__1145_1753_3,scikit_learn__sklearn__ensemble___gb__GradientBoostingClassifier__1145_1753_3.py,609,5521
scikit_learn__sklearn__ensemble___gb__GradientBoostingRegressor__1756_2213_4,scikit_learn__sklearn__ensemble___gb__GradientBoostingRegressor__1756_2213_4.py,458,4342
scikit_learn__sklearn__ensemble___gb___fit_stages__831_961_7,scikit_learn__sklearn__ensemble___gb___fit_stages__831_961_7.py,131,1052
scikit_learn__sklearn__ensemble___gb___fit_stage__438_522_5,scikit_learn__sklearn__ensemble___gb___fit_stage__438_522_5.py,85,620
scikit_learn__sklearn__ensemble___gb___update_terminal_regions__136_271_1,scikit_learn__sklearn__ensemble___gb___update_terminal_regions__136_271_1.py,136,1347
scikit_learn__sklearn__ensemble___hist_gradient_boosting__binning__fit__178_262_2,scikit_learn__sklearn__ensemble___hist_gradient_boosting__binning__fit__178_262_2.py,85,729
scikit_learn__sklearn__ensemble___hist_gradient_boosting__binning___BinMapper__80_338_1,scikit_learn__sklearn__ensemble___hist_gradient_boosting__binning___BinMapper__80_338_1.py,259,2405
scikit_learn__sklearn__ensemble___hist_gradient_boosting__gradient_boosting__BaseHistGradientBoosting__143_1469_1,scikit_learn__sklearn__ensemble___hist_gradient_boosting__gradient_boosting__BaseHistGradientBoosting__143_1469_1.py,1327,10576
scikit_learn__sklearn__ensemble___hist_gradient_boosting__gradient_boosting__fit__513_1071_5,scikit_learn__sklearn__ensemble___hist_gradient_boosting__gradient_boosting__fit__513_1071_5.py,559,4573
scikit_learn__sklearn__ensemble___hist_gradient_boosting__gradient_boosting__HistGradientBoostingClassifier__1875_2373_3,scikit_learn__sklearn__ensemble___hist_gradient_boosting__gradient_boosting__HistGradientBoostingClassifier__1875_2373_3.py,499,4618
scikit_learn__sklearn__ensemble___hist_gradient_boosting__gradient_boosting__HistGradientBoostingRegressor__1472_1872_2,scikit_learn__sklearn__ensemble___hist_gradient_boosting__gradient_boosting__HistGradientBoostingRegressor__1472_1872_2.py,401,3825
scikit_learn__sklearn__ensemble___hist_gradient_boosting__gradient_boosting___check_categorical_features__356_473_4,scikit_learn__sklearn__ensemble___hist_gradient_boosting__gradient_boosting___check_categorical_features__356_473_4.py,118,934
scikit_learn__sklearn__ensemble___hist_gradient_boosting__grower__split_next__488_652_4,scikit_learn__sklearn__ensemble___hist_gradient_boosting__grower__split_next__488_652_4.py,165,1387
scikit_learn__sklearn__ensemble___hist_gradient_boosting__grower__TreeGrower__149_744_2,scikit_learn__sklearn__ensemble___hist_gradient_boosting__grower__TreeGrower__149_744_2.py,596,5196
scikit_learn__sklearn__ensemble___hist_gradient_boosting__grower__TreeNode__31_146_1,scikit_learn__sklearn__ensemble___hist_gradient_boosting__grower__TreeNode__31_146_1.py,116,946
scikit_learn__sklearn__ensemble___hist_gradient_boosting__grower____init____246_357_3,scikit_learn__sklearn__ensemble___hist_gradient_boosting__grower____init____246_357_3.py,112,991
scikit_learn__sklearn__ensemble___iforest__fit__299_391_2,scikit_learn__sklearn__ensemble___iforest__fit__299_391_2.py,93,679
scikit_learn__sklearn__ensemble___iforest__IsolationForest__55_645_1,scikit_learn__sklearn__ensemble___iforest__IsolationForest__55_645_1.py,591,4761
scikit_learn__sklearn__ensemble___stacking__fit__159_279_4,scikit_learn__sklearn__ensemble___stacking__fit__159_279_4.py,121,964
scikit_learn__sklearn__ensemble___stacking__StackingClassifier__422_838_2,scikit_learn__sklearn__ensemble___stacking__StackingClassifier__422_838_2.py,417,3514
scikit_learn__sklearn__ensemble___stacking__StackingRegressor__841_1145_3,scikit_learn__sklearn__ensemble___stacking__StackingRegressor__841_1145_3.py,305,2497
scikit_learn__sklearn__ensemble___stacking___BaseStacking__49_419_1,scikit_learn__sklearn__ensemble___stacking___BaseStacking__49_419_1.py,371,2981
scikit_learn__sklearn__ensemble___voting__VotingClassifier__194_539_2,scikit_learn__sklearn__ensemble___voting__VotingClassifier__194_539_2.py,346,2755
scikit_learn__sklearn__ensemble___voting__VotingRegressor__542_734_3,scikit_learn__sklearn__ensemble___voting__VotingRegressor__542_734_3.py,193,1530
scikit_learn__sklearn__ensemble___voting___BaseVoting__47_191_1,scikit_learn__sklearn__ensemble___voting___BaseVoting__47_191_1.py,145,1037
scikit_learn__sklearn__ensemble___weight_boosting__AdaBoostClassifier__321_820_2,scikit_learn__sklearn__ensemble___weight_boosting__AdaBoostClassifier__321_820_2.py,500,3976
scikit_learn__sklearn__ensemble___weight_boosting__AdaBoostRegressor__823_1129_3,scikit_learn__sklearn__ensemble___weight_boosting__AdaBoostRegressor__823_1129_3.py,307,2428
scikit_learn__sklearn__ensemble___weight_boosting__BaseWeightBoosting__59_318_1,scikit_learn__sklearn__ensemble___weight_boosting__BaseWeightBoosting__59_318_1.py,260,1788
scikit_learn__sklearn__ensemble___weight_boosting__fit__108_202_4,scikit_learn__sklearn__ensemble___weight_boosting__fit__108_202_4.py,95,688
scikit_learn__sklearn__ensemble___weight_boosting___boost__486_570_5,scikit_learn__sklearn__ensemble___weight_boosting___boost__486_570_5.py,85,604
scikit_learn__sklearn__ensemble___weight_boosting___boost__969_1064_6,scikit_learn__sklearn__ensemble___weight_boosting___boost__969_1064_6.py,96,709
scikit_learn__sklearn__externals__array_api_compat__common___helpers__array_namespace__576_676_1,scikit_learn__sklearn__externals__array_api_compat__common___helpers__array_namespace__576_676_1.py,101,730
scikit_learn__sklearn__externals__array_api_compat__common___helpers__to_device__836_916_2,scikit_learn__sklearn__externals__array_api_compat__common___helpers__to_device__836_916_2.py,81,753
scikit_learn__sklearn__externals__array_api_compat__cupy___info__dtypes__189_317_2,scikit_learn__sklearn__externals__array_api_compat__cupy___info__dtypes__189_317_2.py,129,1044
scikit_learn__sklearn__externals__array_api_compat__cupy___info____array_namespace_info____30_336_1,scikit_learn__sklearn__externals__array_api_compat__cupy___info____array_namespace_info____30_336_1.py,307,2051
scikit_learn__sklearn__externals__array_api_compat__dask__array___info__dtypes__250_380_2,scikit_learn__sklearn__externals__array_api_compat__dask__array___info__dtypes__250_380_2.py,131,1071
scikit_learn__sklearn__externals__array_api_compat__dask__array___info____array_namespace_info____55_407_1,scikit_learn__sklearn__externals__array_api_compat__dask__array___info____array_namespace_info____55_407_1.py,353,2475
scikit_learn__sklearn__externals__array_api_compat__numpy___info__dtypes__195_333_2,scikit_learn__sklearn__externals__array_api_compat__numpy___info__dtypes__195_333_2.py,139,1120
scikit_learn__sklearn__externals__array_api_compat__numpy___info____array_namespace_info____34_360_1,scikit_learn__sklearn__externals__array_api_compat__numpy___info____array_namespace_info____34_360_1.py,327,2147
scikit_learn__sklearn__externals__array_api_compat__torch___info____array_namespace_info____14_369_1,scikit_learn__sklearn__externals__array_api_compat__torch___info____array_namespace_info____14_369_1.py,356,2475
scikit_learn__sklearn__externals__array_api_extra__testing__lazy_xp_function__51_215_1,scikit_learn__sklearn__externals__array_api_extra__testing__lazy_xp_function__51_215_1.py,165,1446
scikit_learn__sklearn__externals__array_api_extra__testing__patch_lazy_xp_functions__218_341_2,scikit_learn__sklearn__externals__array_api_extra__testing__patch_lazy_xp_functions__218_341_2.py,124,1089
scikit_learn__sklearn__externals__array_api_extra___delegation__isclose__24_113_1,scikit_learn__sklearn__externals__array_api_extra___delegation__isclose__24_113_1.py,90,916
scikit_learn__sklearn__externals__array_api_extra___lib___at__at__61_463_1,scikit_learn__sklearn__externals__array_api_extra___lib___at__at__61_463_1.py,403,3620
scikit_learn__sklearn__externals__array_api_extra___lib___at___op__224_360_2,scikit_learn__sklearn__externals__array_api_extra___lib___at___op__224_360_2.py,137,1122
scikit_learn__sklearn__externals__array_api_extra___lib___funcs__apply_where__60_143_1,scikit_learn__sklearn__externals__array_api_extra___lib___funcs__apply_where__60_143_1.py,84,930
scikit_learn__sklearn__externals__array_api_extra___lib___funcs__cov__284_375_2,scikit_learn__sklearn__externals__array_api_extra___lib___funcs__cov__284_375_2.py,92,859
scikit_learn__sklearn__externals__array_api_extra___lib___funcs__expand_dims__496_579_3,scikit_learn__sklearn__externals__array_api_extra___lib___funcs__expand_dims__496_579_3.py,84,691
scikit_learn__sklearn__externals__array_api_extra___lib___funcs__kron__629_738_4,scikit_learn__sklearn__externals__array_api_extra___lib___funcs__kron__629_738_4.py,110,1238
scikit_learn__sklearn__externals__array_api_extra___lib___funcs__sinc__945_1031_5,scikit_learn__sklearn__externals__array_api_extra___lib___funcs__sinc__945_1031_5.py,87,1022
scikit_learn__sklearn__externals__array_api_extra___lib___lazy__lazy_apply__57_302_1,scikit_learn__sklearn__externals__array_api_extra___lib___lazy__lazy_apply__57_302_1.py,246,2422
scikit_learn__sklearn__externals__array_api_extra___lib___utils___helpers__pickle_flatten__362_458_1,scikit_learn__sklearn__externals__array_api_extra___lib___utils___helpers__pickle_flatten__362_458_1.py,97,786
scikit_learn__sklearn__externals___arff__ArffDecoder__666_898_1,scikit_learn__sklearn__externals___arff__ArffDecoder__666_898_1.py,233,1690
scikit_learn__sklearn__externals___arff__ArffEncoder__901_1040_2,scikit_learn__sklearn__externals___arff__ArffEncoder__901_1040_2.py,140,1053
scikit_learn__sklearn__externals___arff___decode__771_876_3,scikit_learn__sklearn__externals___arff___decode__771_876_3.py,106,693
scikit_learn__sklearn__externals___numpydoc__docscrape__ClassDoc__621_728_2,scikit_learn__sklearn__externals___numpydoc__docscrape__ClassDoc__621_728_2.py,108,717
scikit_learn__sklearn__externals___numpydoc__docscrape__NumpyDocString__111_568_1,scikit_learn__sklearn__externals___numpydoc__docscrape__NumpyDocString__111_568_1.py,458,3506
scikit_learn__sklearn__externals___packaging__version__Version__288_421_1,scikit_learn__sklearn__externals___packaging__version__Version__288_421_1.py,134,918
scikit_learn__sklearn__externals___scipy__sparse__csgraph___laplacian__laplacian__20_369_1,scikit_learn__sklearn__externals___scipy__sparse__csgraph___laplacian__laplacian__20_369_1.py,350,3574
scikit_learn__sklearn__feature_extraction__image__extract_patches_2d__368_463_1,scikit_learn__sklearn__feature_extraction__image__extract_patches_2d__368_463_1.py,96,875
scikit_learn__sklearn__feature_extraction__image__PatchExtractor__530_692_2,scikit_learn__sklearn__feature_extraction__image__PatchExtractor__530_692_2.py,163,1383
scikit_learn__sklearn__feature_extraction__text__CountVectorizer__938_1492_3,scikit_learn__sklearn__feature_extraction__text__CountVectorizer__938_1492_3.py,555,4661
scikit_learn__sklearn__feature_extraction__text__HashingVectorizer__567_927_2,scikit_learn__sklearn__feature_extraction__text__HashingVectorizer__567_927_2.py,361,2994
scikit_learn__sklearn__feature_extraction__text__TfidfTransformer__1500_1741_4,scikit_learn__sklearn__feature_extraction__text__TfidfTransformer__1500_1741_4.py,242,2330
scikit_learn__sklearn__feature_extraction__text__TfidfVectorizer__1744_2136_5,scikit_learn__sklearn__feature_extraction__text__TfidfVectorizer__1744_2136_5.py,393,3238
scikit_learn__sklearn__feature_extraction__text___VectorizerMixin__210_564_1,scikit_learn__sklearn__feature_extraction__text___VectorizerMixin__210_564_1.py,355,2471
scikit_learn__sklearn__feature_extraction___dict_vectorizer__DictVectorizer__17_457_1,scikit_learn__sklearn__feature_extraction___dict_vectorizer__DictVectorizer__17_457_1.py,441,3253
scikit_learn__sklearn__feature_extraction___dict_vectorizer___transform__195_292_2,scikit_learn__sklearn__feature_extraction___dict_vectorizer___transform__195_292_2.py,98,718
scikit_learn__sklearn__feature_extraction___hash__FeatureHasher__21_208_1,scikit_learn__sklearn__feature_extraction___hash__FeatureHasher__21_208_1.py,188,1739
scikit_learn__sklearn__feature_selection___base__SelectorMixin__25_196_1,scikit_learn__sklearn__feature_selection___base__SelectorMixin__25_196_1.py,172,1340
scikit_learn__sklearn__feature_selection___from_model__SelectFromModel__95_519_1,scikit_learn__sklearn__feature_selection___from_model__SelectFromModel__95_519_1.py,425,3483
scikit_learn__sklearn__feature_selection___mutual_info__mutual_info_classif__465_580_3,scikit_learn__sklearn__feature_selection___mutual_info__mutual_info_classif__465_580_3.py,116,1075
scikit_learn__sklearn__feature_selection___mutual_info__mutual_info_regression__337_450_2,scikit_learn__sklearn__feature_selection___mutual_info__mutual_info_regression__337_450_2.py,114,1025
scikit_learn__sklearn__feature_selection___mutual_info___estimate_mi__202_322_1,scikit_learn__sklearn__feature_selection___mutual_info___estimate_mi__202_322_1.py,121,1006
scikit_learn__sklearn__feature_selection___rfe__fit__800_936_4,scikit_learn__sklearn__feature_selection___rfe__fit__800_936_4.py,137,1172
scikit_learn__sklearn__feature_selection___rfe__RFECV__558_1014_2,scikit_learn__sklearn__feature_selection___rfe__RFECV__558_1014_2.py,457,3853
scikit_learn__sklearn__feature_selection___rfe__RFE__73_555_1,scikit_learn__sklearn__feature_selection___rfe__RFE__73_555_1.py,483,3742
scikit_learn__sklearn__feature_selection___rfe___fit__278_376_3,scikit_learn__sklearn__feature_selection___rfe___fit__278_376_3.py,99,763
scikit_learn__sklearn__feature_selection___sequential__fit__206_304_2,scikit_learn__sklearn__feature_selection___sequential__fit__206_304_2.py,99,815
scikit_learn__sklearn__feature_selection___sequential__SequentialFeatureSelector__34_369_1,scikit_learn__sklearn__feature_selection___sequential__SequentialFeatureSelector__34_369_1.py,336,2828
scikit_learn__sklearn__feature_selection___univariate_selection__chi2__200_289_1,scikit_learn__sklearn__feature_selection___univariate_selection__chi2__200_289_1.py,90,834
scikit_learn__sklearn__feature_selection___univariate_selection__f_regression__406_520_3,scikit_learn__sklearn__feature_selection___univariate_selection__f_regression__406_520_3.py,115,1173
scikit_learn__sklearn__feature_selection___univariate_selection__GenericUnivariateSelect__1062_1171_7,scikit_learn__sklearn__feature_selection___univariate_selection__GenericUnivariateSelect__1062_1171_7.py,110,937
scikit_learn__sklearn__feature_selection___univariate_selection__r_regression__301_394_2,scikit_learn__sklearn__feature_selection___univariate_selection__r_regression__301_394_2.py,94,949
scikit_learn__sklearn__feature_selection___univariate_selection__SelectFdr__889_977_6,scikit_learn__sklearn__feature_selection___univariate_selection__SelectFdr__889_977_6.py,89,721
scikit_learn__sklearn__feature_selection___univariate_selection__SelectKBest__698_806_5,scikit_learn__sklearn__feature_selection___univariate_selection__SelectKBest__698_806_5.py,109,889
scikit_learn__sklearn__feature_selection___univariate_selection__SelectPercentile__593_695_4,scikit_learn__sklearn__feature_selection___univariate_selection__SelectPercentile__593_695_4.py,103,820
scikit_learn__sklearn__frozen___frozen__FrozenEstimator__27_166_1,scikit_learn__sklearn__frozen___frozen__FrozenEstimator__27_166_1.py,140,928
scikit_learn__sklearn__gaussian_process__kernels__CompoundKernel__511_672_3,scikit_learn__sklearn__gaussian_process__kernels__CompoundKernel__511_672_3.py,162,1219
scikit_learn__sklearn__gaussian_process__kernels__ConstantKernel__1181_1316_8,scikit_learn__sklearn__gaussian_process__kernels__ConstantKernel__1181_1316_8.py,136,1062
scikit_learn__sklearn__gaussian_process__kernels__DotProduct__2096_2231_14,scikit_learn__sklearn__gaussian_process__kernels__DotProduct__2096_2231_14.py,136,1269
scikit_learn__sklearn__gaussian_process__kernels__Exponentiation__990_1178_7,scikit_learn__sklearn__gaussian_process__kernels__Exponentiation__990_1178_7.py,189,1350
scikit_learn__sklearn__gaussian_process__kernels__ExpSineSquared__1951_2093_13,scikit_learn__sklearn__gaussian_process__kernels__ExpSineSquared__1951_2093_13.py,143,1374
scikit_learn__sklearn__gaussian_process__kernels__Hyperparameter__52_148_1,scikit_learn__sklearn__gaussian_process__kernels__Hyperparameter__52_148_1.py,97,932
scikit_learn__sklearn__gaussian_process__kernels__KernelOperator__675_790_4,scikit_learn__sklearn__gaussian_process__kernels__KernelOperator__675_790_4.py,116,803
scikit_learn__sklearn__gaussian_process__kernels__Kernel__151_458_2,scikit_learn__sklearn__gaussian_process__kernels__Kernel__151_458_2.py,308,2149
scikit_learn__sklearn__gaussian_process__kernels__Matern__1595_1792_11,scikit_learn__sklearn__gaussian_process__kernels__Matern__1595_1792_11.py,198,2070
scikit_learn__sklearn__gaussian_process__kernels__PairwiseKernel__2247_2407_15,scikit_learn__sklearn__gaussian_process__kernels__PairwiseKernel__2247_2407_15.py,161,1285
scikit_learn__sklearn__gaussian_process__kernels__Product__890_987_6,scikit_learn__sklearn__gaussian_process__kernels__Product__890_987_6.py,98,816
scikit_learn__sklearn__gaussian_process__kernels__RationalQuadratic__1795_1948_12,scikit_learn__sklearn__gaussian_process__kernels__RationalQuadratic__1795_1948_12.py,154,1444
scikit_learn__sklearn__gaussian_process__kernels__RBF__1442_1592_10,scikit_learn__sklearn__gaussian_process__kernels__RBF__1442_1592_10.py,151,1468
scikit_learn__sklearn__gaussian_process__kernels__Sum__793_887_5,scikit_learn__sklearn__gaussian_process__kernels__Sum__793_887_5.py,95,796
scikit_learn__sklearn__gaussian_process__kernels__WhiteKernel__1319_1439_9,scikit_learn__sklearn__gaussian_process__kernels__WhiteKernel__1319_1439_9.py,121,1018
scikit_learn__sklearn__gaussian_process__kernels____call____1679_1780_16,scikit_learn__sklearn__gaussian_process__kernels____call____1679_1780_16.py,102,983
scikit_learn__sklearn__gaussian_process___gpc__fit__171_267_3,scikit_learn__sklearn__gaussian_process___gpc__fit__171_267_3.py,97,774
scikit_learn__sklearn__gaussian_process___gpc__GaussianProcessClassifier__516_973_2,scikit_learn__sklearn__gaussian_process___gpc__GaussianProcessClassifier__516_973_2.py,458,3895
scikit_learn__sklearn__gaussian_process___gpc__log_marginal_likelihood__851_934_4,scikit_learn__sklearn__gaussian_process___gpc__log_marginal_likelihood__851_934_4.py,84,686
scikit_learn__sklearn__gaussian_process___gpc___BinaryGaussianProcessClassifierLaplace__36_513_1,scikit_learn__sklearn__gaussian_process___gpc___BinaryGaussianProcessClassifierLaplace__36_513_1.py,478,4350
scikit_learn__sklearn__gaussian_process___gpr__fit__231_371_2,scikit_learn__sklearn__gaussian_process___gpr__fit__231_371_2.py,141,1212
scikit_learn__sklearn__gaussian_process___gpr__GaussianProcessRegressor__32_682_1,scikit_learn__sklearn__gaussian_process___gpr__GaussianProcessRegressor__32_682_1.py,651,6143
scikit_learn__sklearn__gaussian_process___gpr__log_marginal_likelihood__544_659_4,scikit_learn__sklearn__gaussian_process___gpr__log_marginal_likelihood__544_659_4.py,116,1219
scikit_learn__sklearn__gaussian_process___gpr__predict__373_503_3,scikit_learn__sklearn__gaussian_process___gpr__predict__373_503_3.py,131,1249
scikit_learn__sklearn__impute___base__MissingIndicator__781_1143_2,scikit_learn__sklearn__impute___base__MissingIndicator__781_1143_2.py,363,2807
scikit_learn__sklearn__impute___base__SimpleImputer__170_778_1,scikit_learn__sklearn__impute___base__SimpleImputer__170_778_1.py,609,5067
scikit_learn__sklearn__impute___base__transform__595_682_4,scikit_learn__sklearn__impute___base__transform__595_682_4.py,88,677
scikit_learn__sklearn__impute___base___validate_input__330_427_3,scikit_learn__sklearn__impute___base___validate_input__330_427_3.py,98,839
scikit_learn__sklearn__impute___iterative__fit_transform__723_873_3,scikit_learn__sklearn__impute___iterative__fit_transform__723_873_3.py,151,1121
scikit_learn__sklearn__impute___iterative__IterativeImputer__60_1002_1,scikit_learn__sklearn__impute___iterative__IterativeImputer__60_1002_1.py,943,8123
scikit_learn__sklearn__impute___iterative___impute_one_feature__354_475_2,scikit_learn__sklearn__impute___iterative___impute_one_feature__354_475_2.py,122,980
scikit_learn__sklearn__impute___knn__KNNImputer__24_411_1,scikit_learn__sklearn__impute___knn__KNNImputer__24_411_1.py,388,3162
scikit_learn__sklearn__impute___knn__transform__254_386_2,scikit_learn__sklearn__impute___knn__transform__254_386_2.py,133,1007
scikit_learn__sklearn__inspection___partial_dependence__partial_dependence__371_779_3,scikit_learn__sklearn__inspection___partial_dependence__partial_dependence__371_779_3.py,409,3715
scikit_learn__sklearn__inspection___partial_dependence___grid_from_X__44_161_1,scikit_learn__sklearn__inspection___partial_dependence___grid_from_X__44_161_1.py,118,1130
scikit_learn__sklearn__inspection___partial_dependence___partial_dependence_brute__222_347_2,scikit_learn__sklearn__inspection___partial_dependence___partial_dependence_brute__222_347_2.py,126,1358
scikit_learn__sklearn__inspection___permutation_importance__permutation_importance__138_313_1,scikit_learn__sklearn__inspection___permutation_importance__permutation_importance__138_313_1.py,176,1648
scikit_learn__sklearn__inspection___plot__decision_boundary__DecisionBoundaryDisplay__57_635_1,scikit_learn__sklearn__inspection___plot__decision_boundary__DecisionBoundaryDisplay__57_635_1.py,579,5014
scikit_learn__sklearn__inspection___plot__decision_boundary__from_estimator__336_635_3,scikit_learn__sklearn__inspection___plot__decision_boundary__from_estimator__336_635_3.py,300,2619
scikit_learn__sklearn__inspection___plot__decision_boundary__plot__203_333_2,scikit_learn__sklearn__inspection___plot__decision_boundary__plot__203_333_2.py,131,1166
scikit_learn__sklearn__inspection___plot__partial_dependence__from_estimator__245_784_2,scikit_learn__sklearn__inspection___plot__partial_dependence__from_estimator__245_784_2.py,540,5017
scikit_learn__sklearn__inspection___plot__partial_dependence__PartialDependenceDisplay__22_1490_1,scikit_learn__sklearn__inspection___plot__partial_dependence__PartialDependenceDisplay__22_1490_1.py,1469,12896
scikit_learn__sklearn__inspection___plot__partial_dependence__plot__1133_1490_5,scikit_learn__sklearn__inspection___plot__partial_dependence__plot__1133_1490_5.py,358,2887
scikit_learn__sklearn__inspection___plot__partial_dependence___plot_one_way_partial_dependence__888_1003_3,scikit_learn__sklearn__inspection___plot__partial_dependence___plot_one_way_partial_dependence__888_1003_3.py,116,889
scikit_learn__sklearn__inspection___plot__partial_dependence___plot_two_way_partial_dependence__1005_1131_4,scikit_learn__sklearn__inspection___plot__partial_dependence___plot_two_way_partial_dependence__1005_1131_4.py,127,1090
scikit_learn__sklearn__isotonic__IsotonicRegression__181_515_1,scikit_learn__sklearn__isotonic__IsotonicRegression__181_515_1.py,335,2723
scikit_learn__sklearn__kernel_approximation__AdditiveChi2Sampler__585_844_4,scikit_learn__sklearn__kernel_approximation__AdditiveChi2Sampler__585_844_4.py,260,2180
scikit_learn__sklearn__kernel_approximation__Nystroem__847_1125_5,scikit_learn__sklearn__kernel_approximation__Nystroem__847_1125_5.py,279,2168
scikit_learn__sklearn__kernel_approximation__PolynomialCountSketch__40_250_1,scikit_learn__sklearn__kernel_approximation__PolynomialCountSketch__40_250_1.py,211,1849
scikit_learn__sklearn__kernel_approximation__RBFSampler__253_422_2,scikit_learn__sklearn__kernel_approximation__RBFSampler__253_422_2.py,170,1503
scikit_learn__sklearn__kernel_approximation__SkewedChi2Sampler__425_582_3,scikit_learn__sklearn__kernel_approximation__SkewedChi2Sampler__425_582_3.py,158,1397
scikit_learn__sklearn__kernel_ridge__KernelRidge__21_244_1,scikit_learn__sklearn__kernel_ridge__KernelRidge__21_244_1.py,224,1994
scikit_learn__sklearn__linear_model___base__fit__619_725_5,scikit_learn__sklearn__linear_model___base__fit__619_725_5.py,107,835
scikit_learn__sklearn__linear_model___base__LinearClassifierMixin__336_425_2,scikit_learn__sklearn__linear_model___base__LinearClassifierMixin__336_425_2.py,90,764
scikit_learn__sklearn__linear_model___base__LinearRegression__486_730_3,scikit_learn__sklearn__linear_model___base__LinearRegression__486_730_3.py,245,2055
scikit_learn__sklearn__linear_model___base___preprocess_data__113_217_1,scikit_learn__sklearn__linear_model___base___preprocess_data__113_217_1.py,105,1006
scikit_learn__sklearn__linear_model___base___pre_fit__797_893_4,scikit_learn__sklearn__linear_model___base___pre_fit__797_893_4.py,97,799
scikit_learn__sklearn__linear_model___bayes__ARDRegression__466_824_2,scikit_learn__sklearn__linear_model___bayes__ARDRegression__466_824_2.py,359,3099
scikit_learn__sklearn__linear_model___bayes__BayesianRidge__26_459_1,scikit_learn__sklearn__linear_model___bayes__BayesianRidge__26_459_1.py,434,3715
scikit_learn__sklearn__linear_model___bayes__fit__217_372_3,scikit_learn__sklearn__linear_model___bayes__fit__217_372_3.py,156,1322
scikit_learn__sklearn__linear_model___bayes__fit__640_763_4,scikit_learn__sklearn__linear_model___bayes__fit__640_763_4.py,124,1063
scikit_learn__sklearn__linear_model___coordinate_descent__ElasticNetCV__2250_2538_9,scikit_learn__sklearn__linear_model___coordinate_descent__ElasticNetCV__2250_2538_9.py,289,2534
scikit_learn__sklearn__linear_model___coordinate_descent__ElasticNet__769_1209_4,scikit_learn__sklearn__linear_model___coordinate_descent__ElasticNet__769_1209_4.py,441,3790
scikit_learn__sklearn__linear_model___coordinate_descent__enet_path__422_762_3,scikit_learn__sklearn__linear_model___coordinate_descent__enet_path__422_762_3.py,341,2818
scikit_learn__sklearn__linear_model___coordinate_descent__fit__1628_1949_15,scikit_learn__sklearn__linear_model___coordinate_descent__fit__1628_1949_15.py,322,2834
scikit_learn__sklearn__linear_model___coordinate_descent__fit__2699_2788_16,scikit_learn__sklearn__linear_model___coordinate_descent__fit__2699_2788_16.py,90,648
scikit_learn__sklearn__linear_model___coordinate_descent__fit__982_1181_14,scikit_learn__sklearn__linear_model___coordinate_descent__fit__982_1181_14.py,200,1581
scikit_learn__sklearn__linear_model___coordinate_descent__LassoCV__1983_2247_8,scikit_learn__sklearn__linear_model___coordinate_descent__LassoCV__1983_2247_8.py,265,2217
scikit_learn__sklearn__linear_model___coordinate_descent__lasso_path__226_400_2,scikit_learn__sklearn__linear_model___coordinate_descent__lasso_path__226_400_2.py,175,1507
scikit_learn__sklearn__linear_model___coordinate_descent__Lasso__1216_1403_5,scikit_learn__sklearn__linear_model___coordinate_descent__Lasso__1216_1403_5.py,188,1726
scikit_learn__sklearn__linear_model___coordinate_descent__LinearModelCV__1552_1980_7,scikit_learn__sklearn__linear_model___coordinate_descent__LinearModelCV__1552_1980_7.py,429,3584
scikit_learn__sklearn__linear_model___coordinate_descent__MultiTaskElasticNetCV__2940_3206_12,scikit_learn__sklearn__linear_model___coordinate_descent__MultiTaskElasticNetCV__2940_3206_12.py,267,2347
scikit_learn__sklearn__linear_model___coordinate_descent__MultiTaskElasticNet__2545_2795_10,scikit_learn__sklearn__linear_model___coordinate_descent__MultiTaskElasticNet__2545_2795_10.py,251,2039
scikit_learn__sklearn__linear_model___coordinate_descent__MultiTaskLassoCV__3209_3458_13,scikit_learn__sklearn__linear_model___coordinate_descent__MultiTaskLassoCV__3209_3458_13.py,250,1989
scikit_learn__sklearn__linear_model___coordinate_descent__MultiTaskLasso__2798_2937_11,scikit_learn__sklearn__linear_model___coordinate_descent__MultiTaskLasso__2798_2937_11.py,140,1167
scikit_learn__sklearn__linear_model___coordinate_descent___alpha_grid__96_206_1,scikit_learn__sklearn__linear_model___coordinate_descent___alpha_grid__96_206_1.py,111,945
scikit_learn__sklearn__linear_model___coordinate_descent___path_residuals__1410_1549_6,scikit_learn__sklearn__linear_model___coordinate_descent___path_residuals__1410_1549_6.py,140,1135
scikit_learn__sklearn__linear_model___glm__glm__fit__176_320_5,scikit_learn__sklearn__linear_model___glm__glm__fit__176_320_5.py,145,1173
scikit_learn__sklearn__linear_model___glm__glm__GammaRegressor__598_727_3,scikit_learn__sklearn__linear_model___glm__glm__GammaRegressor__598_727_3.py,130,1045
scikit_learn__sklearn__linear_model___glm__glm__PoissonRegressor__467_595_2,scikit_learn__sklearn__linear_model___glm__glm__PoissonRegressor__467_595_2.py,129,1036
scikit_learn__sklearn__linear_model___glm__glm__TweedieRegressor__730_907_4,scikit_learn__sklearn__linear_model___glm__glm__TweedieRegressor__730_907_4.py,178,1474
scikit_learn__sklearn__linear_model___glm__glm___GeneralizedLinearRegressor__35_464_1,scikit_learn__sklearn__linear_model___glm__glm___GeneralizedLinearRegressor__35_464_1.py,430,3748
scikit_learn__sklearn__linear_model___glm___newton_solver__inner_solve__505_623_5,scikit_learn__sklearn__linear_model___glm___newton_solver__inner_solve__505_623_5.py,119,1444
scikit_learn__sklearn__linear_model___glm___newton_solver__line_search__205_313_3,scikit_learn__sklearn__linear_model___glm___newton_solver__line_search__205_313_3.py,109,963
scikit_learn__sklearn__linear_model___glm___newton_solver__NewtonCholeskySolver__452_637_2,scikit_learn__sklearn__linear_model___glm___newton_solver__NewtonCholeskySolver__452_637_2.py,186,2182
scikit_learn__sklearn__linear_model___glm___newton_solver__NewtonSolver__22_449_1,scikit_learn__sklearn__linear_model___glm___newton_solver__NewtonSolver__22_449_1.py,428,3537
scikit_learn__sklearn__linear_model___glm___newton_solver__solve__368_449_4,scikit_learn__sklearn__linear_model___glm___newton_solver__solve__368_449_4.py,82,646
scikit_learn__sklearn__linear_model___huber__fit__278_358_3,scikit_learn__sklearn__linear_model___huber__fit__278_358_3.py,81,624
scikit_learn__sklearn__linear_model___huber__HuberRegressor__129_363_2,scikit_learn__sklearn__linear_model___huber__HuberRegressor__129_363_2.py,235,2093
scikit_learn__sklearn__linear_model___huber___huber_loss_and_gradient__19_126_1,scikit_learn__sklearn__linear_model___huber___huber_loss_and_gradient__19_126_1.py,108,986
scikit_learn__sklearn__linear_model___least_angle__fit__1698_1808_10,scikit_learn__sklearn__linear_model___least_angle__fit__1698_1808_10.py,111,920
scikit_learn__sklearn__linear_model___least_angle__fit__2225_2313_11,scikit_learn__sklearn__linear_model___least_angle__fit__2225_2313_11.py,89,691
scikit_learn__sklearn__linear_model___least_angle__LarsCV__1515_1828_7,scikit_learn__sklearn__linear_model___least_angle__LarsCV__1515_1828_7.py,314,2512
scikit_learn__sklearn__linear_model___least_angle__lars_path_gram__253_408_2,scikit_learn__sklearn__linear_model___least_angle__lars_path_gram__253_408_2.py,156,1335
scikit_learn__sklearn__linear_model___least_angle__lars_path__63_232_1,scikit_learn__sklearn__linear_model___least_angle__lars_path__63_232_1.py,170,1493
scikit_learn__sklearn__linear_model___least_angle__Lars__920_1207_4,scikit_learn__sklearn__linear_model___least_angle__Lars__920_1207_4.py,288,2376
scikit_learn__sklearn__linear_model___least_angle__LassoLarsCV__1831_2024_8,scikit_learn__sklearn__linear_model___least_angle__LassoLarsCV__1831_2024_8.py,194,1646
scikit_learn__sklearn__linear_model___least_angle__LassoLarsIC__2029_2349_9,scikit_learn__sklearn__linear_model___least_angle__LassoLarsIC__2029_2349_9.py,321,2765
scikit_learn__sklearn__linear_model___least_angle__LassoLars__1210_1386_5,scikit_learn__sklearn__linear_model___least_angle__LassoLars__1210_1386_5.py,177,1617
scikit_learn__sklearn__linear_model___least_angle___lars_path_residues__1399_1512_6,scikit_learn__sklearn__linear_model___least_angle___lars_path_residues__1399_1512_6.py,114,929
scikit_learn__sklearn__linear_model___least_angle___lars_path_solver__411_913_3,scikit_learn__sklearn__linear_model___least_angle___lars_path_solver__411_913_3.py,503,4507
scikit_learn__sklearn__linear_model___linear_loss__gradient_hessian_product__706_857_4,scikit_learn__sklearn__linear_model___linear_loss__gradient_hessian_product__706_857_4.py,152,1778
scikit_learn__sklearn__linear_model___linear_loss__gradient_hessian__449_704_3,scikit_learn__sklearn__linear_model___linear_loss__gradient_hessian__449_704_3.py,256,2674
scikit_learn__sklearn__linear_model___linear_loss__LinearModelLoss__44_857_1,scikit_learn__sklearn__linear_model___linear_loss__LinearModelLoss__44_857_1.py,814,7996
scikit_learn__sklearn__linear_model___linear_loss__loss_gradient__288_374_2,scikit_learn__sklearn__linear_model___linear_loss__loss_gradient__288_374_2.py,87,790
scikit_learn__sklearn__linear_model___logistic__fit__1165_1376_5,scikit_learn__sklearn__linear_model___logistic__fit__1165_1376_5.py,212,1650
scikit_learn__sklearn__linear_model___logistic__fit__1828_2229_6,scikit_learn__sklearn__linear_model___logistic__fit__1828_2229_6.py,402,3804
scikit_learn__sklearn__linear_model___logistic__LogisticRegressionCV__1441_2320_4,scikit_learn__sklearn__linear_model___logistic__LogisticRegressionCV__1441_2320_4.py,880,8540
scikit_learn__sklearn__linear_model___logistic__LogisticRegression__813_1438_3,scikit_learn__sklearn__linear_model___logistic__LogisticRegression__813_1438_3.py,626,5719
scikit_learn__sklearn__linear_model___logistic___logistic_regression_path__99_556_1,scikit_learn__sklearn__linear_model___logistic___logistic_regression_path__99_556_1.py,458,4095
scikit_learn__sklearn__linear_model___logistic___log_reg_scoring_path__560_810_2,scikit_learn__sklearn__linear_model___logistic___log_reg_scoring_path__560_810_2.py,251,2127
scikit_learn__sklearn__linear_model___omp__OrthogonalMatchingPursuitCV__901_1128_6,scikit_learn__sklearn__linear_model___omp__OrthogonalMatchingPursuitCV__901_1128_6.py,228,1846
scikit_learn__sklearn__linear_model___omp__OrthogonalMatchingPursuit__645_823_5,scikit_learn__sklearn__linear_model___omp__OrthogonalMatchingPursuit__645_823_5.py,179,1559
scikit_learn__sklearn__linear_model___omp__orthogonal_mp_gram__481_642_4,scikit_learn__sklearn__linear_model___omp__orthogonal_mp_gram__481_642_4.py,162,1459
scikit_learn__sklearn__linear_model___omp__orthogonal_mp__303_464_3,scikit_learn__sklearn__linear_model___omp__orthogonal_mp__303_464_3.py,162,1444
scikit_learn__sklearn__linear_model___omp___cholesky_omp__36_149_1,scikit_learn__sklearn__linear_model___omp___cholesky_omp__36_149_1.py,114,1016
scikit_learn__sklearn__linear_model___omp___gram_omp__152_287_2,scikit_learn__sklearn__linear_model___omp___gram_omp__152_287_2.py,136,1151
scikit_learn__sklearn__linear_model___passive_aggressive__PassiveAggressiveClassifier__22_339_1,scikit_learn__sklearn__linear_model___passive_aggressive__PassiveAggressiveClassifier__22_339_1.py,318,2524
scikit_learn__sklearn__linear_model___passive_aggressive__PassiveAggressiveRegressor__348_622_2,scikit_learn__sklearn__linear_model___passive_aggressive__PassiveAggressiveRegressor__348_622_2.py,275,2116
scikit_learn__sklearn__linear_model___perceptron__Perceptron__10_226_1,scikit_learn__sklearn__linear_model___perceptron__Perceptron__10_226_1.py,217,1734
scikit_learn__sklearn__linear_model___quantile__fit__143_296_2,scikit_learn__sklearn__linear_model___quantile__fit__143_296_2.py,154,1371
scikit_learn__sklearn__linear_model___quantile__QuantileRegressor__20_301_1,scikit_learn__sklearn__linear_model___quantile__QuantileRegressor__20_301_1.py,282,2383
scikit_learn__sklearn__linear_model___ransac__fit__321_602_2,scikit_learn__sklearn__linear_model___ransac__fit__321_602_2.py,282,2196
scikit_learn__sklearn__linear_model___ransac__RANSACRegressor__81_726_1,scikit_learn__sklearn__linear_model___ransac__RANSACRegressor__81_726_1.py,646,5127
scikit_learn__sklearn__linear_model___ridge__fit__2180_2369_12,scikit_learn__sklearn__linear_model___ridge__fit__2180_2369_12.py,190,1618
scikit_learn__sklearn__linear_model___ridge__fit__2458_2598_13,scikit_learn__sklearn__linear_model___ridge__fit__2458_2598_13.py,141,1024
scikit_learn__sklearn__linear_model___ridge__fit__927_1027_11,scikit_learn__sklearn__linear_model___ridge__fit__927_1027_11.py,101,839
scikit_learn__sklearn__linear_model___ridge__RidgeClassifierCV__2844_3048_10,scikit_learn__sklearn__linear_model___ridge__RidgeClassifierCV__2844_3048_10.py,205,1841
scikit_learn__sklearn__linear_model___ridge__RidgeClassifier__1385_1617_6,scikit_learn__sklearn__linear_model___ridge__RidgeClassifier__1385_1617_6.py,233,1931
scikit_learn__sklearn__linear_model___ridge__RidgeCV__2651_2841_9,scikit_learn__sklearn__linear_model___ridge__RidgeCV__2651_2841_9.py,191,1785
scikit_learn__sklearn__linear_model___ridge__ridge_regression__415_611_1,scikit_learn__sklearn__linear_model___ridge__ridge_regression__415_611_1.py,197,1788
scikit_learn__sklearn__linear_model___ridge__Ridge__1030_1277_4,scikit_learn__sklearn__linear_model___ridge__Ridge__1030_1277_4.py,248,2169
scikit_learn__sklearn__linear_model___ridge___BaseRidgeCV__2428_2648_8,scikit_learn__sklearn__linear_model___ridge___BaseRidgeCV__2428_2648_8.py,221,1641
scikit_learn__sklearn__linear_model___ridge___BaseRidge__889_1027_3,scikit_learn__sklearn__linear_model___ridge___BaseRidge__889_1027_3.py,139,1129
scikit_learn__sklearn__linear_model___ridge___RidgeClassifierMixin__1280_1382_5,scikit_learn__sklearn__linear_model___ridge___RidgeClassifierMixin__1280_1382_5.py,103,899
scikit_learn__sklearn__linear_model___ridge___RidgeGCV__1751_2425_7,scikit_learn__sklearn__linear_model___ridge___RidgeGCV__1751_2425_7.py,675,6292
scikit_learn__sklearn__linear_model___ridge___ridge_regression__614_840_2,scikit_learn__sklearn__linear_model___ridge___ridge_regression__614_840_2.py,227,1663
scikit_learn__sklearn__linear_model___sag__sag_solver__87_370_1,scikit_learn__sklearn__linear_model___sag__sag_solver__87_370_1.py,284,2325
scikit_learn__sklearn__linear_model___stochastic_gradient__BaseSGDClassifier__522_955_3,scikit_learn__sklearn__linear_model___stochastic_gradient__BaseSGDClassifier__522_955_3.py,434,3068
scikit_learn__sklearn__linear_model___stochastic_gradient__BaseSGDRegressor__1430_1799_5,scikit_learn__sklearn__linear_model___stochastic_gradient__BaseSGDRegressor__1430_1799_5.py,370,2413
scikit_learn__sklearn__linear_model___stochastic_gradient__BaseSGD__87_347_1,scikit_learn__sklearn__linear_model___stochastic_gradient__BaseSGD__87_347_1.py,261,2034
scikit_learn__sklearn__linear_model___stochastic_gradient__fit_binary__387_515_2,scikit_learn__sklearn__linear_model___stochastic_gradient__fit_binary__387_515_2.py,129,862
scikit_learn__sklearn__linear_model___stochastic_gradient__SGDClassifier__958_1427_4,scikit_learn__sklearn__linear_model___stochastic_gradient__SGDClassifier__958_1427_4.py,470,4508
scikit_learn__sklearn__linear_model___stochastic_gradient__SGDOneClassSVM__2125_2680_7,scikit_learn__sklearn__linear_model___stochastic_gradient__SGDOneClassSVM__2125_2680_7.py,556,4169
scikit_learn__sklearn__linear_model___stochastic_gradient__SGDRegressor__1802_2122_6,scikit_learn__sklearn__linear_model___stochastic_gradient__SGDRegressor__1802_2122_6.py,321,3188
scikit_learn__sklearn__linear_model___stochastic_gradient___fit_one_class__2320_2413_10,scikit_learn__sklearn__linear_model___stochastic_gradient___fit_one_class__2320_2413_10.py,94,753
scikit_learn__sklearn__linear_model___stochastic_gradient___fit_regressor__1712_1794_9,scikit_learn__sklearn__linear_model___stochastic_gradient___fit_regressor__1712_1794_9.py,83,630
scikit_learn__sklearn__linear_model___stochastic_gradient___partial_fit__595_683_8,scikit_learn__sklearn__linear_model___stochastic_gradient___partial_fit__595_683_8.py,89,528
scikit_learn__sklearn__linear_model___theil_sen__TheilSenRegressor__207_449_1,scikit_learn__sklearn__linear_model___theil_sen__TheilSenRegressor__207_449_1.py,243,2127
scikit_learn__sklearn__manifold___classical_mds__ClassicalMDS__21_198_1,scikit_learn__sklearn__manifold___classical_mds__ClassicalMDS__21_198_1.py,178,1312
scikit_learn__sklearn__manifold___isomap__Isomap__28_442_1,scikit_learn__sklearn__manifold___isomap__Isomap__28_442_1.py,415,3329
scikit_learn__sklearn__manifold___isomap___fit_transform__212_311_2,scikit_learn__sklearn__manifold___isomap___fit_transform__212_311_2.py,100,775
scikit_learn__sklearn__manifold___locally_linear__LocallyLinearEmbedding__601_878_3,scikit_learn__sklearn__manifold___locally_linear__LocallyLinearEmbedding__601_878_3.py,278,2299
scikit_learn__sklearn__manifold___locally_linear__locally_linear_embedding__464_598_2,scikit_learn__sklearn__manifold___locally_linear__locally_linear_embedding__464_598_2.py,135,1177
scikit_learn__sklearn__manifold___locally_linear___locally_linear_embedding__199_444_1,scikit_learn__sklearn__manifold___locally_linear___locally_linear_embedding__199_444_1.py,246,2210
scikit_learn__sklearn__manifold___mds__fit_transform__718_836_4,scikit_learn__sklearn__manifold___mds__fit_transform__718_836_4.py,119,936
scikit_learn__sklearn__manifold___mds__MDS__440_836_3,scikit_learn__sklearn__manifold___mds__MDS__440_836_3.py,397,3353
scikit_learn__sklearn__manifold___mds__smacof__216_433_2,scikit_learn__sklearn__manifold___mds__smacof__216_433_2.py,218,1860
scikit_learn__sklearn__manifold___mds___smacof_single__29_195_1,scikit_learn__sklearn__manifold___mds___smacof_single__29_195_1.py,167,1513
scikit_learn__sklearn__manifold___spectral_embedding__SpectralEmbedding__466_772_3,scikit_learn__sklearn__manifold___spectral_embedding__SpectralEmbedding__466_772_3.py,307,2575
scikit_learn__sklearn__manifold___spectral_embedding__spectral_embedding__162_292_1,scikit_learn__sklearn__manifold___spectral_embedding__spectral_embedding__162_292_1.py,131,1175
scikit_learn__sklearn__manifold___spectral_embedding___spectral_embedding__295_463_2,scikit_learn__sklearn__manifold___spectral_embedding___spectral_embedding__295_463_2.py,169,1842
scikit_learn__sklearn__manifold___t_sne__trustworthiness__456_557_3,scikit_learn__sklearn__manifold___t_sne__trustworthiness__456_557_3.py,102,1140
scikit_learn__sklearn__manifold___t_sne__TSNE__560_1177_4,scikit_learn__sklearn__manifold___t_sne__TSNE__560_1177_4.py,618,5659
scikit_learn__sklearn__manifold___t_sne___fit__852_1033_5,scikit_learn__sklearn__manifold___t_sne___fit__852_1033_5.py,182,1496
scikit_learn__sklearn__manifold___t_sne___gradient_descent__301_444_2,scikit_learn__sklearn__manifold___t_sne___gradient_descent__301_444_2.py,144,1019
scikit_learn__sklearn__manifold___t_sne___kl_divergence_bh__205_298_1,scikit_learn__sklearn__manifold___t_sne___kl_divergence_bh__205_298_1.py,94,733
scikit_learn__sklearn__metrics__cluster___supervised__adjusted_mutual_info_score__946_1073_5,scikit_learn__sklearn__metrics__cluster___supervised__adjusted_mutual_info_score__946_1073_5.py,128,1334
scikit_learn__sklearn__metrics__cluster___supervised__adjusted_rand_score__360_462_1,scikit_learn__sklearn__metrics__cluster___supervised__adjusted_rand_score__360_462_1.py,103,1025
scikit_learn__sklearn__metrics__cluster___supervised__fowlkes_mallows_score__1196_1283_7,scikit_learn__sklearn__metrics__cluster___supervised__fowlkes_mallows_score__1196_1283_7.py,88,908
scikit_learn__sklearn__metrics__cluster___supervised__homogeneity_completeness_v_measure__473_563_2,scikit_learn__sklearn__metrics__cluster___supervised__homogeneity_completeness_v_measure__473_563_2.py,91,812
scikit_learn__sklearn__metrics__cluster___supervised__mutual_info_score__830_935_4,scikit_learn__sklearn__metrics__cluster___supervised__mutual_info_score__830_935_4.py,106,1046
scikit_learn__sklearn__metrics__cluster___supervised__normalized_mutual_info_score__1084_1185_6,scikit_learn__sklearn__metrics__cluster___supervised__normalized_mutual_info_score__1084_1185_6.py,102,940
scikit_learn__sklearn__metrics__cluster___supervised__v_measure_score__726_819_3,scikit_learn__sklearn__metrics__cluster___supervised__v_measure_score__726_819_3.py,94,948
scikit_learn__sklearn__metrics__cluster___unsupervised__silhouette_samples__211_323_2,scikit_learn__sklearn__metrics__cluster___unsupervised__silhouette_samples__211_323_2.py,113,1129
scikit_learn__sklearn__metrics__cluster___unsupervised__silhouette_score__59_146_1,scikit_learn__sklearn__metrics__cluster___unsupervised__silhouette_score__59_146_1.py,88,911
scikit_learn__sklearn__metrics__pairwise__check_pairwise_arrays__84_218_1,scikit_learn__sklearn__metrics__pairwise__check_pairwise_arrays__84_218_1.py,135,1174
scikit_learn__sklearn__metrics__pairwise__euclidean_distances__267_372_2,scikit_learn__sklearn__metrics__pairwise__euclidean_distances__267_372_2.py,106,1028
scikit_learn__sklearn__metrics__pairwise__nan_euclidean_distances__439_563_3,scikit_learn__sklearn__metrics__pairwise__nan_euclidean_distances__439_563_3.py,125,1036
scikit_learn__sklearn__metrics__pairwise__pairwise_distances_argmin_min__710_844_4,scikit_learn__sklearn__metrics__pairwise__pairwise_distances_argmin_min__710_844_4.py,135,1195
scikit_learn__sklearn__metrics__pairwise__pairwise_distances_argmin__860_986_5,scikit_learn__sklearn__metrics__pairwise__pairwise_distances_argmin__860_986_5.py,127,1110
scikit_learn__sklearn__metrics__pairwise__pairwise_distances_chunked__2110_2280_6,scikit_learn__sklearn__metrics__pairwise__pairwise_distances_chunked__2110_2280_6.py,171,1755
scikit_learn__sklearn__metrics__pairwise__pairwise_distances__2293_2478_7,scikit_learn__sklearn__metrics__pairwise__pairwise_distances__2293_2478_7.py,186,1879
scikit_learn__sklearn__metrics__pairwise__pairwise_kernels__2574_2677_8,scikit_learn__sklearn__metrics__pairwise__pairwise_kernels__2574_2677_8.py,104,1101
scikit_learn__sklearn__metrics___base___average_binary_score__19_134_1,scikit_learn__sklearn__metrics___base___average_binary_score__19_134_1.py,116,1013
scikit_learn__sklearn__metrics___classification__balanced_accuracy_score__2888_2980_14,scikit_learn__sklearn__metrics___classification__balanced_accuracy_score__2888_2980_14.py,93,825
scikit_learn__sklearn__metrics___classification__brier_score_loss__3701_3844_19,scikit_learn__sklearn__metrics___classification__brier_score_loss__3701_3844_19.py,144,1428
scikit_learn__sklearn__metrics___classification__classification_report__3000_3225_15,scikit_learn__sklearn__metrics___classification__classification_report__3000_3225_15.py,226,2060
scikit_learn__sklearn__metrics___classification__class_likelihood_ratios__2239_2509_11,scikit_learn__sklearn__metrics___classification__class_likelihood_ratios__2239_2509_11.py,271,2985
scikit_learn__sklearn__metrics___classification__cohen_kappa_score__893_1042_5,scikit_learn__sklearn__metrics___classification__cohen_kappa_score__893_1042_5.py,150,1613
scikit_learn__sklearn__metrics___classification__confusion_matrix__433_628_3,scikit_learn__sklearn__metrics___classification__confusion_matrix__433_628_3.py,196,1864
scikit_learn__sklearn__metrics___classification__d2_brier_score__3949_4043_21,scikit_learn__sklearn__metrics___classification__d2_brier_score__3949_4043_21.py,95,913
scikit_learn__sklearn__metrics___classification__d2_log_loss_score__3856_3936_20,scikit_learn__sklearn__metrics___classification__d2_log_loss_score__3856_3936_20.py,81,702
scikit_learn__sklearn__metrics___classification__f1_score__1452_1624_8,scikit_learn__sklearn__metrics___classification__f1_score__1452_1624_8.py,173,1854
scikit_learn__sklearn__metrics___classification__fbeta_score__1647_1846_9,scikit_learn__sklearn__metrics___classification__fbeta_score__1647_1846_9.py,200,2018
scikit_learn__sklearn__metrics___classification__hamming_loss__3236_3338_16,scikit_learn__sklearn__metrics___classification__hamming_loss__3236_3338_16.py,103,905
scikit_learn__sklearn__metrics___classification__hinge_loss__3458_3601_18,scikit_learn__sklearn__metrics___classification__hinge_loss__3458_3601_18.py,144,1399
scikit_learn__sklearn__metrics___classification__jaccard_score__1063_1245_6,scikit_learn__sklearn__metrics___classification__jaccard_score__1063_1245_6.py,183,1776
scikit_learn__sklearn__metrics___classification__log_loss__3351_3434_17,scikit_learn__sklearn__metrics___classification__log_loss__3351_3434_17.py,84,756
scikit_learn__sklearn__metrics___classification__matthews_corrcoef__1256_1344_7,scikit_learn__sklearn__metrics___classification__matthews_corrcoef__1256_1344_7.py,89,906
scikit_learn__sklearn__metrics___classification__multilabel_confusion_matrix__641_876_4,scikit_learn__sklearn__metrics___classification__multilabel_confusion_matrix__641_876_4.py,236,2003
scikit_learn__sklearn__metrics___classification__precision_recall_fscore_support__1965_2222_10,scikit_learn__sklearn__metrics___classification__precision_recall_fscore_support__1965_2222_10.py,258,2625
scikit_learn__sklearn__metrics___classification__precision_score__2531_2692_12,scikit_learn__sklearn__metrics___classification__precision_score__2531_2692_12.py,162,1685
scikit_learn__sklearn__metrics___classification__recall_score__2714_2876_13,scikit_learn__sklearn__metrics___classification__recall_score__2714_2876_13.py,163,1690
scikit_learn__sklearn__metrics___classification___check_targets__75_180_1,scikit_learn__sklearn__metrics___classification___check_targets__75_180_1.py,106,953
scikit_learn__sklearn__metrics___classification___validate_multiclass_probabilistic_prediction__236_333_2,scikit_learn__sklearn__metrics___classification___validate_multiclass_probabilistic_prediction__236_333_2.py,98,880
scikit_learn__sklearn__metrics___pairwise_distances_reduction___dispatcher__ArgKminClassMode__452_613_4,scikit_learn__sklearn__metrics___pairwise_distances_reduction___dispatcher__ArgKminClassMode__452_613_4.py,162,1322
scikit_learn__sklearn__metrics___pairwise_distances_reduction___dispatcher__ArgKmin__170_303_2,scikit_learn__sklearn__metrics___pairwise_distances_reduction___dispatcher__ArgKmin__170_303_2.py,134,1060
scikit_learn__sklearn__metrics___pairwise_distances_reduction___dispatcher__BaseDistancesReductionDispatcher__58_167_1,scikit_learn__sklearn__metrics___pairwise_distances_reduction___dispatcher__BaseDistancesReductionDispatcher__58_167_1.py,110,798
scikit_learn__sklearn__metrics___pairwise_distances_reduction___dispatcher__compute__185_303_6,scikit_learn__sklearn__metrics___pairwise_distances_reduction___dispatcher__compute__185_303_6.py,119,943
scikit_learn__sklearn__metrics___pairwise_distances_reduction___dispatcher__compute__323_449_7,scikit_learn__sklearn__metrics___pairwise_distances_reduction___dispatcher__compute__323_449_7.py,127,983
scikit_learn__sklearn__metrics___pairwise_distances_reduction___dispatcher__compute__479_613_8,scikit_learn__sklearn__metrics___pairwise_distances_reduction___dispatcher__compute__479_613_8.py,135,1083
scikit_learn__sklearn__metrics___pairwise_distances_reduction___dispatcher__compute__647_763_9,scikit_learn__sklearn__metrics___pairwise_distances_reduction___dispatcher__compute__647_763_9.py,117,1102
scikit_learn__sklearn__metrics___pairwise_distances_reduction___dispatcher__RadiusNeighborsClassMode__616_763_5,scikit_learn__sklearn__metrics___pairwise_distances_reduction___dispatcher__RadiusNeighborsClassMode__616_763_5.py,148,1345
scikit_learn__sklearn__metrics___pairwise_distances_reduction___dispatcher__RadiusNeighbors__306_449_3,scikit_learn__sklearn__metrics___pairwise_distances_reduction___dispatcher__RadiusNeighbors__306_449_3.py,144,1111
scikit_learn__sklearn__metrics___plot__confusion_matrix__ConfusionMatrixDisplay__15_499_1,scikit_learn__sklearn__metrics___plot__confusion_matrix__ConfusionMatrixDisplay__15_499_1.py,485,3531
scikit_learn__sklearn__metrics___plot__confusion_matrix__from_estimator__205_351_3,scikit_learn__sklearn__metrics___plot__confusion_matrix__from_estimator__205_351_3.py,147,1082
scikit_learn__sklearn__metrics___plot__confusion_matrix__from_predictions__354_499_4,scikit_learn__sklearn__metrics___plot__confusion_matrix__from_predictions__354_499_4.py,146,1042
scikit_learn__sklearn__metrics___plot__confusion_matrix__plot__88_202_2,scikit_learn__sklearn__metrics___plot__confusion_matrix__plot__88_202_2.py,115,825
scikit_learn__sklearn__metrics___plot__det_curve__DetCurveDisplay__14_388_1,scikit_learn__sklearn__metrics___plot__det_curve__DetCurveDisplay__14_388_1.py,375,2916
scikit_learn__sklearn__metrics___plot__det_curve__from_estimator__90_202_2,scikit_learn__sklearn__metrics___plot__det_curve__from_estimator__90_202_2.py,113,801
scikit_learn__sklearn__metrics___plot__det_curve__from_predictions__205_323_3,scikit_learn__sklearn__metrics___plot__det_curve__from_predictions__205_323_3.py,119,923
scikit_learn__sklearn__metrics___plot__precision_recall_curve__from_cv_results__739_926_5,scikit_learn__sklearn__metrics___plot__precision_recall_curve__from_cv_results__739_926_5.py,188,1487
scikit_learn__sklearn__metrics___plot__precision_recall_curve__from_estimator__408_563_3,scikit_learn__sklearn__metrics___plot__precision_recall_curve__from_estimator__408_563_3.py,156,1128
scikit_learn__sklearn__metrics___plot__precision_recall_curve__from_predictions__566_736_4,scikit_learn__sklearn__metrics___plot__precision_recall_curve__from_predictions__566_736_4.py,171,1259
scikit_learn__sklearn__metrics___plot__precision_recall_curve__plot__210_405_2,scikit_learn__sklearn__metrics___plot__precision_recall_curve__plot__210_405_2.py,196,1528
scikit_learn__sklearn__metrics___plot__precision_recall_curve__PrecisionRecallDisplay__22_926_1,scikit_learn__sklearn__metrics___plot__precision_recall_curve__PrecisionRecallDisplay__22_926_1.py,905,7016
scikit_learn__sklearn__metrics___plot__regression__from_estimator__190_292_3,scikit_learn__sklearn__metrics___plot__regression__from_estimator__190_292_3.py,103,755
scikit_learn__sklearn__metrics___plot__regression__from_predictions__295_413_4,scikit_learn__sklearn__metrics___plot__regression__from_predictions__295_413_4.py,119,903
scikit_learn__sklearn__metrics___plot__regression__plot__85_187_2,scikit_learn__sklearn__metrics___plot__regression__plot__85_187_2.py,103,789
scikit_learn__sklearn__metrics___plot__regression__PredictionErrorDisplay__13_413_1,scikit_learn__sklearn__metrics___plot__regression__PredictionErrorDisplay__13_413_1.py,401,2984
scikit_learn__sklearn__metrics___plot__roc_curve__from_cv_results__624_793_5,scikit_learn__sklearn__metrics___plot__roc_curve__from_cv_results__624_793_5.py,170,1311
scikit_learn__sklearn__metrics___plot__roc_curve__from_estimator__316_461_3,scikit_learn__sklearn__metrics___plot__roc_curve__from_estimator__316_461_3.py,146,1039
scikit_learn__sklearn__metrics___plot__roc_curve__from_predictions__464_621_4,scikit_learn__sklearn__metrics___plot__roc_curve__from_predictions__464_621_4.py,158,1184
scikit_learn__sklearn__metrics___plot__roc_curve__plot__170_313_2,scikit_learn__sklearn__metrics___plot__roc_curve__plot__170_313_2.py,144,1078
scikit_learn__sklearn__metrics___plot__roc_curve__RocCurveDisplay__19_793_1,scikit_learn__sklearn__metrics___plot__roc_curve__RocCurveDisplay__19_793_1.py,775,5952
scikit_learn__sklearn__metrics___ranking__average_precision_score__123_289_1,scikit_learn__sklearn__metrics___ranking__average_precision_score__123_289_1.py,167,1563
scikit_learn__sklearn__metrics___ranking__confusion_matrix_at_thresholds__877_1009_5,scikit_learn__sklearn__metrics___ranking__confusion_matrix_at_thresholds__877_1009_5.py,133,1312
scikit_learn__sklearn__metrics___ranking__dcg_score__1752_1858_10,scikit_learn__sklearn__metrics___ranking__dcg_score__1752_1858_10.py,107,1039
scikit_learn__sklearn__metrics___ranking__det_curve__302_453_2,scikit_learn__sklearn__metrics___ranking__det_curve__302_453_2.py,152,1481
scikit_learn__sklearn__metrics___ranking__label_ranking_average_precision_score__1346_1436_8,scikit_learn__sklearn__metrics___ranking__label_ranking_average_precision_score__1346_1436_8.py,91,782
scikit_learn__sklearn__metrics___ranking__label_ranking_loss__1524_1615_9,scikit_learn__sklearn__metrics___ranking__label_ranking_loss__1524_1615_9.py,92,922
scikit_learn__sklearn__metrics___ranking__ndcg_score__1922_2029_11,scikit_learn__sklearn__metrics___ranking__ndcg_score__1922_2029_11.py,108,1179
scikit_learn__sklearn__metrics___ranking__precision_recall_curve__1022_1168_6,scikit_learn__sklearn__metrics___ranking__precision_recall_curve__1022_1168_6.py,147,1420
scikit_learn__sklearn__metrics___ranking__roc_auc_score__501_737_3,scikit_learn__sklearn__metrics___ranking__roc_auc_score__501_737_3.py,237,2516
scikit_learn__sklearn__metrics___ranking__roc_curve__1181_1335_7,scikit_learn__sklearn__metrics___ranking__roc_curve__1181_1335_7.py,155,1554
scikit_learn__sklearn__metrics___ranking__top_k_accuracy_score__2043_2210_12,scikit_learn__sklearn__metrics___ranking__top_k_accuracy_score__2043_2210_12.py,168,1630
scikit_learn__sklearn__metrics___ranking___multiclass_roc_auc_score__740_865_4,scikit_learn__sklearn__metrics___ranking___multiclass_roc_auc_score__740_865_4.py,126,1047
scikit_learn__sklearn__metrics___regression__d2_absolute_error_score__1873_1958_11,scikit_learn__sklearn__metrics___regression__d2_absolute_error_score__1873_1958_11.py,86,849
scikit_learn__sklearn__metrics___regression__d2_pinball_score__1701_1858_10,scikit_learn__sklearn__metrics___regression__d2_pinball_score__1701_1858_10.py,158,1418
scikit_learn__sklearn__metrics___regression__d2_tweedie_score__1585_1685_9,scikit_learn__sklearn__metrics___regression__d2_tweedie_score__1585_1685_9.py,101,975
scikit_learn__sklearn__metrics___regression__explained_variance_score__1002_1132_6,scikit_learn__sklearn__metrics___regression__explained_variance_score__1002_1132_6.py,131,1176
scikit_learn__sklearn__metrics___regression__mean_absolute_error__224_305_2,scikit_learn__sklearn__metrics___regression__mean_absolute_error__224_305_2.py,82,742
scikit_learn__sklearn__metrics___regression__mean_absolute_percentage_error__416_510_4,scikit_learn__sklearn__metrics___regression__mean_absolute_percentage_error__416_510_4.py,95,986
scikit_learn__sklearn__metrics___regression__mean_pinball_loss__318_404_3,scikit_learn__sklearn__metrics___regression__mean_pinball_loss__318_404_3.py,87,829
scikit_learn__sklearn__metrics___regression__mean_squared_error__522_601_5,scikit_learn__sklearn__metrics___regression__mean_squared_error__522_601_5.py,80,688
scikit_learn__sklearn__metrics___regression__mean_tweedie_deviance__1402_1483_8,scikit_learn__sklearn__metrics___regression__mean_tweedie_deviance__1402_1483_8.py,82,833
scikit_learn__sklearn__metrics___regression__r2_score__1149_1311_7,scikit_learn__sklearn__metrics___regression__r2_score__1149_1311_7.py,163,1475
scikit_learn__sklearn__metrics___regression___check_reg_targets__59_153_1,scikit_learn__sklearn__metrics___regression___check_reg_targets__59_153_1.py,95,841
scikit_learn__sklearn__metrics___scorer__check_scoring__895_999_4,scikit_learn__sklearn__metrics___scorer__check_scoring__895_999_4.py,105,1019
scikit_learn__sklearn__metrics___scorer___BaseScorer__228_365_2,scikit_learn__sklearn__metrics___scorer___BaseScorer__228_365_2.py,138,1071
scikit_learn__sklearn__metrics___scorer___check_multimetric_scoring__514_600_3,scikit_learn__sklearn__metrics___scorer___check_multimetric_scoring__514_600_3.py,87,682
scikit_learn__sklearn__metrics___scorer___CurveScorer__1014_1116_5,scikit_learn__sklearn__metrics___scorer___CurveScorer__1014_1116_5.py,103,745
scikit_learn__sklearn__metrics___scorer___MultimetricScorer__114_225_1,scikit_learn__sklearn__metrics___scorer___MultimetricScorer__114_225_1.py,112,908
scikit_learn__sklearn__mixture___base__BaseMixture__49_614_1,scikit_learn__sklearn__mixture___base__BaseMixture__49_614_1.py,566,4213
scikit_learn__sklearn__mixture___base__fit_predict__203_312_2,scikit_learn__sklearn__mixture___base__fit_predict__203_312_2.py,110,913
scikit_learn__sklearn__mixture___bayesian_mixture__BayesianGaussianMixture__74_891_1,scikit_learn__sklearn__mixture___bayesian_mixture__BayesianGaussianMixture__74_891_1.py,818,7114
scikit_learn__sklearn__mixture___gaussian_mixture__GaussianMixture__556_1005_1,scikit_learn__sklearn__mixture___gaussian_mixture__GaussianMixture__556_1005_1.py,450,3881
scikit_learn__sklearn__model_selection___classification_threshold__BaseThresholdClassifier__48_204_1,scikit_learn__sklearn__model_selection___classification_threshold__BaseThresholdClassifier__48_204_1.py,157,1147
scikit_learn__sklearn__model_selection___classification_threshold__FixedThresholdClassifier__207_399_2,scikit_learn__sklearn__model_selection___classification_threshold__FixedThresholdClassifier__207_399_2.py,193,1505
scikit_learn__sklearn__model_selection___classification_threshold__TunedThresholdClassifierCV__498_883_3,scikit_learn__sklearn__model_selection___classification_threshold__TunedThresholdClassifierCV__498_883_3.py,386,3343
scikit_learn__sklearn__model_selection___classification_threshold___fit__703_820_4,scikit_learn__sklearn__model_selection___classification_threshold___fit__703_820_4.py,118,970
scikit_learn__sklearn__model_selection___plot__from_estimator__287_508_5,scikit_learn__sklearn__model_selection___plot__from_estimator__287_508_5.py,222,1933
scikit_learn__sklearn__model_selection___plot__from_estimator__681_885_6,scikit_learn__sklearn__model_selection___plot__from_estimator__681_885_6.py,205,1730
scikit_learn__sklearn__model_selection___plot__LearningCurveDisplay__126_508_2,scikit_learn__sklearn__model_selection___plot__LearningCurveDisplay__126_508_2.py,383,3297
scikit_learn__sklearn__model_selection___plot__ValidationCurveDisplay__511_885_3,scikit_learn__sklearn__model_selection___plot__ValidationCurveDisplay__511_885_3.py,375,3168
scikit_learn__sklearn__model_selection___plot___BaseCurveDisplay__11_123_1,scikit_learn__sklearn__model_selection___plot___BaseCurveDisplay__11_123_1.py,113,777
scikit_learn__sklearn__model_selection___plot___plot_curve__12_123_4,scikit_learn__sklearn__model_selection___plot___plot_curve__12_123_4.py,112,769
scikit_learn__sklearn__model_selection___search_successive_halving__BaseSuccessiveHalving__65_378_1,scikit_learn__sklearn__model_selection___search_successive_halving__BaseSuccessiveHalving__65_378_1.py,314,2488
scikit_learn__sklearn__model_selection___search_successive_halving__HalvingGridSearchCV__381_726_2,scikit_learn__sklearn__model_selection___search_successive_halving__HalvingGridSearchCV__381_726_2.py,346,3211
scikit_learn__sklearn__model_selection___search_successive_halving__HalvingRandomSearchCV__729_1106_3,scikit_learn__sklearn__model_selection___search_successive_halving__HalvingRandomSearchCV__729_1106_3.py,378,3533
scikit_learn__sklearn__model_selection___search_successive_halving___run_search__260_367_4,scikit_learn__sklearn__model_selection___search_successive_halving___run_search__260_367_4.py,108,890
scikit_learn__sklearn__model_selection___search__BaseSearchCV__440_1243_3,scikit_learn__sklearn__model_selection___search__BaseSearchCV__440_1243_3.py,804,6382
scikit_learn__sklearn__model_selection___search__fit__920_1109_6,scikit_learn__sklearn__model_selection___search__fit__920_1109_6.py,190,1566
scikit_learn__sklearn__model_selection___search__GridSearchCV__1246_1613_4,scikit_learn__sklearn__model_selection___search__GridSearchCV__1246_1613_4.py,368,3718
scikit_learn__sklearn__model_selection___search__ParameterGrid__67_217_1,scikit_learn__sklearn__model_selection___search__ParameterGrid__67_217_1.py,151,1185
scikit_learn__sklearn__model_selection___search__ParameterSampler__220_353_2,scikit_learn__sklearn__model_selection___search__ParameterSampler__220_353_2.py,134,1128
scikit_learn__sklearn__model_selection___search__RandomizedSearchCV__1616_2008_5,scikit_learn__sklearn__model_selection___search__RandomizedSearchCV__1616_2008_5.py,393,3832
scikit_learn__sklearn__model_selection___search___format_results__1111_1197_7,scikit_learn__sklearn__model_selection___search___format_results__1111_1197_7.py,87,757
scikit_learn__sklearn__model_selection___split__BaseShuffleSplit__1855_1972_12,scikit_learn__sklearn__model_selection___split__BaseShuffleSplit__1855_1972_12.py,118,961
scikit_learn__sklearn__model_selection___split__check_cv__2690_2769_17,scikit_learn__sklearn__model_selection___split__check_cv__2690_2769_17.py,80,786
scikit_learn__sklearn__model_selection___split__GroupKFold__534_685_4,scikit_learn__sklearn__model_selection___split__GroupKFold__534_685_4.py,152,1356
scikit_learn__sklearn__model_selection___split__GroupShuffleSplit__2080_2223_14,scikit_learn__sklearn__model_selection___split__GroupShuffleSplit__2080_2223_14.py,144,1398
scikit_learn__sklearn__model_selection___split__KFold__438_531_3,scikit_learn__sklearn__model_selection___split__KFold__438_531_3.py,94,841
scikit_learn__sklearn__model_selection___split__LeaveOneGroupOut__1323_1437_8,scikit_learn__sklearn__model_selection___split__LeaveOneGroupOut__1323_1437_8.py,115,997
scikit_learn__sklearn__model_selection___split__LeavePGroupsOut__1440_1568_9,scikit_learn__sklearn__model_selection___split__LeavePGroupsOut__1440_1568_9.py,129,1141
scikit_learn__sklearn__model_selection___split__LeavePOut__251_340_1,scikit_learn__sklearn__model_selection___split__LeavePOut__251_340_1.py,90,778
scikit_learn__sklearn__model_selection___split__PredefinedSplit__2513_2634_16,scikit_learn__sklearn__model_selection___split__PredefinedSplit__2513_2634_16.py,122,962
scikit_learn__sklearn__model_selection___split__RepeatedStratifiedKFold__1742_1852_11,scikit_learn__sklearn__model_selection___split__RepeatedStratifiedKFold__1742_1852_11.py,111,918
scikit_learn__sklearn__model_selection___split__ShuffleSplit__1975_2077_13,scikit_learn__sklearn__model_selection___split__ShuffleSplit__1975_2077_13.py,103,1034
scikit_learn__sklearn__model_selection___split__StratifiedGroupKFold__893_1106_6,scikit_learn__sklearn__model_selection___split__StratifiedGroupKFold__893_1106_6.py,214,2356
scikit_learn__sklearn__model_selection___split__StratifiedKFold__688_890_5,scikit_learn__sklearn__model_selection___split__StratifiedKFold__688_890_5.py,203,1837
scikit_learn__sklearn__model_selection___split__StratifiedShuffleSplit__2226_2435_15,scikit_learn__sklearn__model_selection___split__StratifiedShuffleSplit__2226_2435_15.py,210,1923
scikit_learn__sklearn__model_selection___split__TimeSeriesSplit__1109_1320_7,scikit_learn__sklearn__model_selection___split__TimeSeriesSplit__1109_1320_7.py,212,1942
scikit_learn__sklearn__model_selection___split__train_test_split__2790_2969_18,scikit_learn__sklearn__model_selection___split__train_test_split__2790_2969_18.py,180,1712
scikit_learn__sklearn__model_selection___split___BaseKFold__343_435_2,scikit_learn__sklearn__model_selection___split___BaseKFold__343_435_2.py,93,689
scikit_learn__sklearn__model_selection___split___iter_test_indices__1001_1085_19,scikit_learn__sklearn__model_selection___split___iter_test_indices__1001_1085_19.py,85,811
scikit_learn__sklearn__model_selection___split___RepeatedSplits__1571_1673_10,scikit_learn__sklearn__model_selection___split___RepeatedSplits__1571_1673_10.py,103,815
scikit_learn__sklearn__model_selection___validation__cross_validate__101_424_1,scikit_learn__sklearn__model_selection___validation__cross_validate__101_424_1.py,324,2790
scikit_learn__sklearn__model_selection___validation__cross_val_predict__998_1249_4,scikit_learn__sklearn__model_selection___validation__cross_val_predict__998_1249_4.py,252,2314
scikit_learn__sklearn__model_selection___validation__cross_val_score__509_664_2,scikit_learn__sklearn__model_selection___validation__cross_val_score__509_664_2.py,156,1353
scikit_learn__sklearn__model_selection___validation__learning_curve__1737_2069_6,scikit_learn__sklearn__model_selection___validation__learning_curve__1737_2069_6.py,333,2982
scikit_learn__sklearn__model_selection___validation__permutation_test_score__1441_1682_5,scikit_learn__sklearn__model_selection___validation__permutation_test_score__1441_1682_5.py,242,2123
scikit_learn__sklearn__model_selection___validation__validation_curve__2232_2460_7,scikit_learn__sklearn__model_selection___validation__validation_curve__2232_2460_7.py,229,1987
scikit_learn__sklearn__model_selection___validation___fit_and_score__667_901_3,scikit_learn__sklearn__model_selection___validation___fit_and_score__667_901_3.py,235,1894
scikit_learn__sklearn__multiclass__OneVsOneClassifier__678_1040_2,scikit_learn__sklearn__multiclass__OneVsOneClassifier__678_1040_2.py,363,2691
scikit_learn__sklearn__multiclass__OneVsRestClassifier__202_636_1,scikit_learn__sklearn__multiclass__OneVsRestClassifier__202_636_1.py,435,3574
scikit_learn__sklearn__multiclass__OutputCodeClassifier__1043_1289_3,scikit_learn__sklearn__multiclass__OutputCodeClassifier__1043_1289_3.py,247,1962
scikit_learn__sklearn__multiclass__partial_fit__845_930_4,scikit_learn__sklearn__multiclass__partial_fit__845_930_4.py,86,599
scikit_learn__sklearn__multioutput__ClassifierChain__877_1164_5,scikit_learn__sklearn__multioutput__ClassifierChain__877_1164_5.py,288,2118
scikit_learn__sklearn__multioutput__fit__740_854_8,scikit_learn__sklearn__multioutput__fit__740_854_8.py,115,976
scikit_learn__sklearn__multioutput__MultiOutputClassifier__445_621_3,scikit_learn__sklearn__multioutput__MultiOutputClassifier__445_621_3.py,177,1375
scikit_learn__sklearn__multioutput__MultiOutputRegressor__342_442_2,scikit_learn__sklearn__multioutput__MultiOutputRegressor__342_442_2.py,101,806
scikit_learn__sklearn__multioutput__partial_fit__115_206_7,scikit_learn__sklearn__multioutput__partial_fit__115_206_7.py,92,712
scikit_learn__sklearn__multioutput__RegressorChain__1167_1324_6,scikit_learn__sklearn__multioutput__RegressorChain__1167_1324_6.py,158,1218
scikit_learn__sklearn__multioutput___BaseChain__638_874_4,scikit_learn__sklearn__multioutput___BaseChain__638_874_4.py,237,1961
scikit_learn__sklearn__multioutput___MultiOutputEstimator__99_339_1,scikit_learn__sklearn__multioutput___MultiOutputEstimator__99_339_1.py,241,1769
scikit_learn__sklearn__naive_bayes__BernoulliNB__1094_1261_6,scikit_learn__sklearn__naive_bayes__BernoulliNB__1094_1261_6.py,168,1512
scikit_learn__sklearn__naive_bayes__CategoricalNB__1264_1572_7,scikit_learn__sklearn__naive_bayes__CategoricalNB__1264_1572_7.py,309,2616
scikit_learn__sklearn__naive_bayes__ComplementNB__939_1091_5,scikit_learn__sklearn__naive_bayes__ComplementNB__939_1091_5.py,153,1306
scikit_learn__sklearn__naive_bayes__GaussianNB__163_550_2,scikit_learn__sklearn__naive_bayes__GaussianNB__163_550_2.py,388,3345
scikit_learn__sklearn__naive_bayes__MultinomialNB__811_936_4,scikit_learn__sklearn__naive_bayes__MultinomialNB__811_936_4.py,126,1090
scikit_learn__sklearn__naive_bayes__partial_fit__664_744_9,scikit_learn__sklearn__naive_bayes__partial_fit__664_744_9.py,81,720
scikit_learn__sklearn__naive_bayes___BaseDiscreteNB__553_808_3,scikit_learn__sklearn__naive_bayes___BaseDiscreteNB__553_808_3.py,256,2189
scikit_learn__sklearn__naive_bayes___BaseNB__49_160_1,scikit_learn__sklearn__naive_bayes___BaseNB__49_160_1.py,112,879
scikit_learn__sklearn__naive_bayes___partial_fit__407_531_8,scikit_learn__sklearn__naive_bayes___partial_fit__407_531_8.py,125,1112
scikit_learn__sklearn__neighbors___base__KNeighborsMixin__712_1041_3,scikit_learn__sklearn__neighbors___base__KNeighborsMixin__712_1041_3.py,330,2698
scikit_learn__sklearn__neighbors___base__kneighbors_graph__960_1041_7,scikit_learn__sklearn__neighbors___base__kneighbors_graph__960_1041_7.py,82,707
scikit_learn__sklearn__neighbors___base__kneighbors__756_958_6,scikit_learn__sklearn__neighbors___base__kneighbors__756_958_6.py,203,1663
scikit_learn__sklearn__neighbors___base__NeighborsBase__387_709_2,scikit_learn__sklearn__neighbors___base__NeighborsBase__387_709_2.py,323,2659
scikit_learn__sklearn__neighbors___base__RadiusNeighborsMixin__1044_1397_4,scikit_learn__sklearn__neighbors___base__RadiusNeighborsMixin__1044_1397_4.py,354,2799
scikit_learn__sklearn__neighbors___base__radius_neighbors_graph__1304_1392_9,scikit_learn__sklearn__neighbors___base__radius_neighbors_graph__1304_1392_9.py,89,739
scikit_learn__sklearn__neighbors___base__radius_neighbors__1086_1302_8,scikit_learn__sklearn__neighbors___base__radius_neighbors__1086_1302_8.py,217,1737
scikit_learn__sklearn__neighbors___base__sort_graph_by_row_values__196_284_1,scikit_learn__sklearn__neighbors___base__sort_graph_by_row_values__196_284_1.py,89,782
scikit_learn__sklearn__neighbors___base___fit__467_699_5,scikit_learn__sklearn__neighbors___base___fit__467_699_5.py,233,1944
scikit_learn__sklearn__neighbors___classification__KNeighborsClassifier__44_456_1,scikit_learn__sklearn__neighbors___classification__KNeighborsClassifier__44_456_1.py,413,3492
scikit_learn__sklearn__neighbors___classification__predict_proba__314_417_3,scikit_learn__sklearn__neighbors___classification__predict_proba__314_417_3.py,104,883
scikit_learn__sklearn__neighbors___classification__predict_proba__767_885_4,scikit_learn__sklearn__neighbors___classification__predict_proba__767_885_4.py,119,1030
scikit_learn__sklearn__neighbors___classification__RadiusNeighborsClassifier__459_923_2,scikit_learn__sklearn__neighbors___classification__RadiusNeighborsClassifier__459_923_2.py,465,3881
scikit_learn__sklearn__neighbors___graph__KNeighborsTransformer__263_486_3,scikit_learn__sklearn__neighbors___graph__KNeighborsTransformer__263_486_3.py,224,1750
scikit_learn__sklearn__neighbors___graph__kneighbors_graph__63_152_1,scikit_learn__sklearn__neighbors___graph__kneighbors_graph__63_152_1.py,90,760
scikit_learn__sklearn__neighbors___graph__RadiusNeighborsTransformer__489_709_4,scikit_learn__sklearn__neighbors___graph__RadiusNeighborsTransformer__489_709_4.py,221,1690
scikit_learn__sklearn__neighbors___graph__radius_neighbors_graph__168_260_2,scikit_learn__sklearn__neighbors___graph__radius_neighbors_graph__168_260_2.py,93,758
scikit_learn__sklearn__neighbors___kde__KernelDensity__42_363_1,scikit_learn__sklearn__neighbors___kde__KernelDensity__42_363_1.py,322,2521
scikit_learn__sklearn__neighbors___lof__LocalOutlierFactor__19_521_1,scikit_learn__sklearn__neighbors___lof__LocalOutlierFactor__19_521_1.py,503,4359
scikit_learn__sklearn__neighbors___nca__fit__226_346_2,scikit_learn__sklearn__neighbors___nca__fit__226_346_2.py,121,984
scikit_learn__sklearn__neighbors___nca__NeighborhoodComponentsAnalysis__34_534_1,scikit_learn__sklearn__neighbors___nca__NeighborhoodComponentsAnalysis__34_534_1.py,501,4070
scikit_learn__sklearn__neighbors___nearest_centroid__fit__150_273_2,scikit_learn__sklearn__neighbors___nearest_centroid__fit__150_273_2.py,124,1195
scikit_learn__sklearn__neighbors___nearest_centroid__NearestCentroid__26_356_1,scikit_learn__sklearn__neighbors___nearest_centroid__NearestCentroid__26_356_1.py,331,2826
scikit_learn__sklearn__neighbors___regression__KNeighborsRegressor__21_272_1,scikit_learn__sklearn__neighbors___regression__KNeighborsRegressor__21_272_1.py,252,2088
scikit_learn__sklearn__neighbors___regression__RadiusNeighborsRegressor__275_518_2,scikit_learn__sklearn__neighbors___regression__RadiusNeighborsRegressor__275_518_2.py,244,1910
scikit_learn__sklearn__neighbors___unsupervised__NearestNeighbors__10_179_1,scikit_learn__sklearn__neighbors___unsupervised__NearestNeighbors__10_179_1.py,170,1375
scikit_learn__sklearn__neural_network___multilayer_perceptron__BaseMultilayerPerceptron__58_876_1,scikit_learn__sklearn__neural_network___multilayer_perceptron__BaseMultilayerPerceptron__58_876_1.py,819,6384
scikit_learn__sklearn__neural_network___multilayer_perceptron__MLPClassifier__879_1383_2,scikit_learn__sklearn__neural_network___multilayer_perceptron__MLPClassifier__879_1383_2.py,505,4291
scikit_learn__sklearn__neural_network___multilayer_perceptron__MLPRegressor__1386_1801_3,scikit_learn__sklearn__neural_network___multilayer_perceptron__MLPRegressor__1386_1801_3.py,416,3557
scikit_learn__sklearn__neural_network___multilayer_perceptron___backprop__301_393_4,scikit_learn__sklearn__neural_network___multilayer_perceptron___backprop__301_393_4.py,93,837
scikit_learn__sklearn__neural_network___multilayer_perceptron___fit_stochastic__610_797_6,scikit_learn__sklearn__neural_network___multilayer_perceptron___fit_stochastic__610_797_6.py,188,1323
scikit_learn__sklearn__neural_network___multilayer_perceptron___fit__462_545_5,scikit_learn__sklearn__neural_network___multilayer_perceptron___fit__462_545_5.py,84,604
scikit_learn__sklearn__neural_network___rbm__BernoulliRBM__25_445_1,scikit_learn__sklearn__neural_network___rbm__BernoulliRBM__25_445_1.py,421,3338
scikit_learn__sklearn__neural_network___stochastic_optimizers__AdamOptimizer__197_287_2,scikit_learn__sklearn__neural_network___stochastic_optimizers__AdamOptimizer__197_287_2.py,91,677
scikit_learn__sklearn__neural_network___stochastic_optimizers__SGDOptimizer__72_194_1,scikit_learn__sklearn__neural_network___stochastic_optimizers__SGDOptimizer__72_194_1.py,123,884
scikit_learn__sklearn__pipeline__FeatureUnion__1525_2113_2,scikit_learn__sklearn__pipeline__FeatureUnion__1525_2113_2.py,589,4530
scikit_learn__sklearn__pipeline__Pipeline__92_1373_1,scikit_learn__sklearn__pipeline__Pipeline__92_1373_1.py,1282,10428
scikit_learn__sklearn__preprocessing___data__Binarizer__2278_2417_11,scikit_learn__sklearn__preprocessing___data__Binarizer__2278_2417_11.py,140,1062
scikit_learn__sklearn__preprocessing___data__KernelCenterer__2420_2583_12,scikit_learn__sklearn__preprocessing___data__KernelCenterer__2420_2583_12.py,164,1268
scikit_learn__sklearn__preprocessing___data__MaxAbsScaler__1173_1431_5,scikit_learn__sklearn__preprocessing___data__MaxAbsScaler__1173_1431_5.py,259,1824
scikit_learn__sklearn__preprocessing___data__maxabs_scale__1441_1532_6,scikit_learn__sklearn__preprocessing___data__maxabs_scale__1441_1532_6.py,92,800
scikit_learn__sklearn__preprocessing___data__MinMaxScaler__303_619_2,scikit_learn__sklearn__preprocessing___data__MinMaxScaler__303_619_2.py,317,2229
scikit_learn__sklearn__preprocessing___data__minmax_scale__629_737_3,scikit_learn__sklearn__preprocessing___data__minmax_scale__629_737_3.py,109,951
scikit_learn__sklearn__preprocessing___data__Normalizer__2075_2208_10,scikit_learn__sklearn__preprocessing___data__Normalizer__2075_2208_10.py,134,1077
scikit_learn__sklearn__preprocessing___data__normalize__1961_2072_9,scikit_learn__sklearn__preprocessing___data__normalize__1961_2072_9.py,112,960
scikit_learn__sklearn__preprocessing___data__partial_fit__927_1073_17,scikit_learn__sklearn__preprocessing___data__partial_fit__927_1073_17.py,147,1241
scikit_learn__sklearn__preprocessing___data__PowerTransformer__3226_3609_15,scikit_learn__sklearn__preprocessing___data__PowerTransformer__3226_3609_15.py,384,3183
scikit_learn__sklearn__preprocessing___data__power_transform__3616_3716_16,scikit_learn__sklearn__preprocessing___data__power_transform__3616_3716_16.py,101,941
scikit_learn__sklearn__preprocessing___data__QuantileTransformer__2650_3075_13,scikit_learn__sklearn__preprocessing___data__QuantileTransformer__2650_3075_13.py,426,3624
scikit_learn__sklearn__preprocessing___data__quantile_transform__3082_3223_14,scikit_learn__sklearn__preprocessing___data__quantile_transform__3082_3223_14.py,142,1274
scikit_learn__sklearn__preprocessing___data__RobustScaler__1535_1807_7,scikit_learn__sklearn__preprocessing___data__RobustScaler__1535_1807_7.py,273,2102
scikit_learn__sklearn__preprocessing___data__robust_scale__1814_1948_8,scikit_learn__sklearn__preprocessing___data__robust_scale__1814_1948_8.py,135,1148
scikit_learn__sklearn__preprocessing___data__scale__144_300_1,scikit_learn__sklearn__preprocessing___data__scale__144_300_1.py,157,1451
scikit_learn__sklearn__preprocessing___data__StandardScaler__740_1170_4,scikit_learn__sklearn__preprocessing___data__StandardScaler__740_1170_4.py,431,3493
scikit_learn__sklearn__preprocessing___discretization__fit__237_416_2,scikit_learn__sklearn__preprocessing___discretization__fit__237_416_2.py,180,1599
scikit_learn__sklearn__preprocessing___discretization__KBinsDiscretizer__24_547_1,scikit_learn__sklearn__preprocessing___discretization__KBinsDiscretizer__24_547_1.py,524,4667
scikit_learn__sklearn__preprocessing___encoders__fit__1475_1581_9,scikit_learn__sklearn__preprocessing___encoders__fit__1475_1581_9.py,107,813
scikit_learn__sklearn__preprocessing___encoders__inverse_transform__1095_1212_8,scikit_learn__sklearn__preprocessing___encoders__inverse_transform__1095_1212_8.py,118,942
scikit_learn__sklearn__preprocessing___encoders__inverse_transform__1615_1699_10,scikit_learn__sklearn__preprocessing___encoders__inverse_transform__1615_1699_10.py,85,655
scikit_learn__sklearn__preprocessing___encoders__OneHotEncoder__473_1259_2,scikit_learn__sklearn__preprocessing___encoders__OneHotEncoder__473_1259_2.py,787,6971
scikit_learn__sklearn__preprocessing___encoders__OrdinalEncoder__1262_1699_3,scikit_learn__sklearn__preprocessing___encoders__OrdinalEncoder__1262_1699_3.py,438,3650
scikit_learn__sklearn__preprocessing___encoders__transform__1008_1093_7,scikit_learn__sklearn__preprocessing___encoders__transform__1008_1093_7.py,86,724
scikit_learn__sklearn__preprocessing___encoders___BaseEncoder__32_470_1,scikit_learn__sklearn__preprocessing___encoders___BaseEncoder__32_470_1.py,439,3509
scikit_learn__sklearn__preprocessing___encoders___fit_infrequent_category_mapping__332_412_5,scikit_learn__sklearn__preprocessing___encoders___fit_infrequent_category_mapping__332_412_5.py,81,710
scikit_learn__sklearn__preprocessing___encoders___fit__76_191_4,scikit_learn__sklearn__preprocessing___encoders___fit__76_191_4.py,116,816
scikit_learn__sklearn__preprocessing___encoders___set_drop_idx__811_925_6,scikit_learn__sklearn__preprocessing___encoders___set_drop_idx__811_925_6.py,115,977
scikit_learn__sklearn__preprocessing___function_transformer__FunctionTransformer__29_440_1,scikit_learn__sklearn__preprocessing___function_transformer__FunctionTransformer__29_440_1.py,412,3351
scikit_learn__sklearn__preprocessing___label__LabelBinarizer__184_462_2,scikit_learn__sklearn__preprocessing___label__LabelBinarizer__184_462_2.py,279,2213
scikit_learn__sklearn__preprocessing___label__LabelEncoder__40_181_1,scikit_learn__sklearn__preprocessing___label__LabelEncoder__40_181_1.py,142,981
scikit_learn__sklearn__preprocessing___label__label_binarize__475_690_3,scikit_learn__sklearn__preprocessing___label__label_binarize__475_690_3.py,216,1701
scikit_learn__sklearn__preprocessing___label__MultiLabelBinarizer__795_1063_4,scikit_learn__sklearn__preprocessing___label__MultiLabelBinarizer__795_1063_4.py,269,2097
scikit_learn__sklearn__preprocessing___polynomial__fit__297_391_3,scikit_learn__sklearn__preprocessing___polynomial__fit__297_391_3.py,95,766
scikit_learn__sklearn__preprocessing___polynomial__fit__835_976_5,scikit_learn__sklearn__preprocessing___polynomial__fit__835_976_5.py,142,1307
scikit_learn__sklearn__preprocessing___polynomial__PolynomialFeatures__90_582_1,scikit_learn__sklearn__preprocessing___polynomial__PolynomialFeatures__90_582_1.py,493,4188
scikit_learn__sklearn__preprocessing___polynomial__SplineTransformer__585_1255_2,scikit_learn__sklearn__preprocessing___polynomial__SplineTransformer__585_1255_2.py,671,6327
scikit_learn__sklearn__preprocessing___polynomial__transform__393_576_4,scikit_learn__sklearn__preprocessing___polynomial__transform__393_576_4.py,184,1606
scikit_learn__sklearn__preprocessing___polynomial__transform__978_1250_6,scikit_learn__sklearn__preprocessing___polynomial__transform__978_1250_6.py,273,2587
scikit_learn__sklearn__preprocessing___target_encoder__fit_transform__273_394_2,scikit_learn__sklearn__preprocessing___target_encoder__fit_transform__273_394_2.py,122,996
scikit_learn__sklearn__preprocessing___target_encoder__TargetEncoder__32_649_1,scikit_learn__sklearn__preprocessing___target_encoder__TargetEncoder__32_649_1.py,618,5429
scikit_learn__sklearn__random_projection__BaseRandomProjection__307_467_3,scikit_learn__sklearn__random_projection__BaseRandomProjection__307_467_3.py,161,1112
scikit_learn__sklearn__random_projection__GaussianRandomProjection__470_612_4,scikit_learn__sklearn__random_projection__GaussianRandomProjection__470_612_4.py,143,965
scikit_learn__sklearn__random_projection__johnson_lindenstrauss_min_dim__63_146_1,scikit_learn__sklearn__random_projection__johnson_lindenstrauss_min_dim__63_146_1.py,84,873
scikit_learn__sklearn__random_projection__SparseRandomProjection__615_824_5,scikit_learn__sklearn__random_projection__SparseRandomProjection__615_824_5.py,210,1631
scikit_learn__sklearn__random_projection___sparse_random_matrix__209_304_2,scikit_learn__sklearn__random_projection___sparse_random_matrix__209_304_2.py,96,823
scikit_learn__sklearn__semi_supervised___label_propagation__BaseLabelPropagation__76_342_1,scikit_learn__sklearn__semi_supervised___label_propagation__BaseLabelPropagation__76_342_1.py,267,2002
scikit_learn__sklearn__semi_supervised___label_propagation__fit__235_337_4,scikit_learn__sklearn__semi_supervised___label_propagation__fit__235_337_4.py,103,774
scikit_learn__sklearn__semi_supervised___label_propagation__LabelPropagation__345_493_2,scikit_learn__sklearn__semi_supervised___label_propagation__LabelPropagation__345_493_2.py,149,1146
scikit_learn__sklearn__semi_supervised___label_propagation__LabelSpreading__496_633_3,scikit_learn__sklearn__semi_supervised___label_propagation__LabelSpreading__496_633_3.py,138,1131
scikit_learn__sklearn__semi_supervised___self_training__fit__192_325_2,scikit_learn__sklearn__semi_supervised___self_training__fit__192_325_2.py,134,989
scikit_learn__sklearn__semi_supervised___self_training__SelfTrainingClassifier__31_580_1,scikit_learn__sklearn__semi_supervised___self_training__SelfTrainingClassifier__31_580_1.py,550,4089
scikit_learn__sklearn__svm___base__BaseLibSVM__77_717_1,scikit_learn__sklearn__svm___base__BaseLibSVM__77_717_1.py,641,4864
scikit_learn__sklearn__svm___base__BaseSVC__720_1032_2,scikit_learn__sklearn__svm___base__BaseSVC__720_1032_2.py,313,2184
scikit_learn__sklearn__svm___base__fit__162_319_4,scikit_learn__sklearn__svm___base__fit__162_319_4.py,158,1433
scikit_learn__sklearn__svm___base___fit_liblinear__1092_1288_3,scikit_learn__sklearn__svm___base___fit_liblinear__1092_1288_3.py,197,1627
scikit_learn__sklearn__svm___classes__LinearSVC__44_364_1,scikit_learn__sklearn__svm___classes__LinearSVC__44_364_1.py,321,3028
scikit_learn__sklearn__svm___classes__LinearSVR__367_620_2,scikit_learn__sklearn__svm___classes__LinearSVR__367_620_2.py,254,2270
scikit_learn__sklearn__svm___classes__NuSVC__905_1170_4,scikit_learn__sklearn__svm___classes__NuSVC__905_1170_4.py,266,2451
scikit_learn__sklearn__svm___classes__NuSVR__1367_1551_6,scikit_learn__sklearn__svm___classes__NuSVR__1367_1551_6.py,185,1520
scikit_learn__sklearn__svm___classes__OneClassSVM__1554_1808_7,scikit_learn__sklearn__svm___classes__OneClassSVM__1554_1808_7.py,255,1872
scikit_learn__sklearn__svm___classes__SVC__623_902_3,scikit_learn__sklearn__svm___classes__SVC__623_902_3.py,280,2682
scikit_learn__sklearn__svm___classes__SVR__1173_1364_5,scikit_learn__sklearn__svm___classes__SVR__1173_1364_5.py,192,1609
scikit_learn__sklearn__tree___classes__BaseDecisionTree__93_698_1,scikit_learn__sklearn__tree___classes__BaseDecisionTree__93_698_1.py,606,4733
scikit_learn__sklearn__tree___classes__DecisionTreeClassifier__706_1110_2,scikit_learn__sklearn__tree___classes__DecisionTreeClassifier__706_1110_2.py,405,3751
scikit_learn__sklearn__tree___classes__DecisionTreeRegressor__1113_1462_3,scikit_learn__sklearn__tree___classes__DecisionTreeRegressor__1113_1462_3.py,350,3209
scikit_learn__sklearn__tree___classes__ExtraTreeClassifier__1465_1751_4,scikit_learn__sklearn__tree___classes__ExtraTreeClassifier__1465_1751_4.py,287,2734
scikit_learn__sklearn__tree___classes__ExtraTreeRegressor__1754_2009_5,scikit_learn__sklearn__tree___classes__ExtraTreeRegressor__1754_2009_5.py,256,2366
scikit_learn__sklearn__tree___classes___fit__233_482_6,scikit_learn__sklearn__tree___classes___fit__233_482_6.py,250,1957
scikit_learn__sklearn__tree___export__export_graphviz__790_955_5,scikit_learn__sklearn__tree___export__export_graphviz__790_955_5.py,166,1191
scikit_learn__sklearn__tree___export__export_text__994_1177_6,scikit_learn__sklearn__tree___export__export_text__994_1177_6.py,184,1549
scikit_learn__sklearn__tree___export__node_to_str__297_408_7,scikit_learn__sklearn__tree___export__node_to_str__297_408_7.py,112,898
scikit_learn__sklearn__tree___export__plot_tree__99_215_1,scikit_learn__sklearn__tree___export__plot_tree__99_215_1.py,117,808
scikit_learn__sklearn__tree___export___BaseTreeExporter__218_411_2,scikit_learn__sklearn__tree___export___BaseTreeExporter__218_411_2.py,194,1647
scikit_learn__sklearn__tree___export___DOTTreeExporter__414_589_3,scikit_learn__sklearn__tree___export___DOTTreeExporter__414_589_3.py,176,1397
scikit_learn__sklearn__tree___export___MPLTreeExporter__592_766_4,scikit_learn__sklearn__tree___export___MPLTreeExporter__592_766_4.py,175,1419
scikit_learn__sklearn__utils__class_weight__compute_class_weight__31_122_1,scikit_learn__sklearn__utils__class_weight__compute_class_weight__31_122_1.py,92,816
scikit_learn__sklearn__utils__class_weight__compute_sample_weight__133_250_2,scikit_learn__sklearn__utils__class_weight__compute_sample_weight__133_250_2.py,118,1107
scikit_learn__sklearn__utils__discovery__all_estimators__22_150_1,scikit_learn__sklearn__utils__discovery__all_estimators__22_150_1.py,129,1088
scikit_learn__sklearn__utils__estimator_checks__check_array_api_input__1059_1262_3,scikit_learn__sklearn__utils__estimator_checks__check_array_api_input__1059_1262_3.py,204,1795
scikit_learn__sklearn__utils__estimator_checks__check_classifiers_multilabel_output_format_predict_proba__3112_3193_6,scikit_learn__sklearn__utils__estimator_checks__check_classifiers_multilabel_output_format_predict_proba__3112_3193_6.py,82,830
scikit_learn__sklearn__utils__estimator_checks__check_classifiers_train__2764_2899_5,scikit_learn__sklearn__utils__estimator_checks__check_classifiers_train__2764_2899_5.py,136,1129
scikit_learn__sklearn__utils__estimator_checks__check_dataframe_column_names_consistency__4660_4798_9,scikit_learn__sklearn__utils__estimator_checks__check_dataframe_column_names_consistency__4660_4798_9.py,139,995
scikit_learn__sklearn__utils__estimator_checks__check_estimator__718_933_2,scikit_learn__sklearn__utils__estimator_checks__check_estimator__718_933_2.py,216,1627
scikit_learn__sklearn__utils__estimator_checks__check_n_features_in_after_fitting__4487_4582_8,scikit_learn__sklearn__utils__estimator_checks__check_n_features_in_after_fitting__4487_4582_8.py,96,738
scikit_learn__sklearn__utils__estimator_checks__check_parameters_default_constructible__3860_3983_7,scikit_learn__sklearn__utils__estimator_checks__check_parameters_default_constructible__3860_3983_7.py,124,905
scikit_learn__sklearn__utils__estimator_checks__check_param_validation__4906_5017_10,scikit_learn__sklearn__utils__estimator_checks__check_param_validation__4906_5017_10.py,112,987
scikit_learn__sklearn__utils__estimator_checks__parametrize_with_checks__598_705_1,scikit_learn__sklearn__utils__estimator_checks__parametrize_with_checks__598_705_1.py,108,787
scikit_learn__sklearn__utils__estimator_checks___check_set_output_transform_dataframe__5174_5261_11,scikit_learn__sklearn__utils__estimator_checks___check_set_output_transform_dataframe__5174_5261_11.py,88,701
scikit_learn__sklearn__utils__estimator_checks___check_transformer__2115_2203_4,scikit_learn__sklearn__utils__estimator_checks___check_transformer__2115_2203_4.py,89,679
scikit_learn__sklearn__utils__extmath__randomized_svd__398_553_1,scikit_learn__sklearn__utils__extmath__randomized_svd__398_553_1.py,156,1639
scikit_learn__sklearn__utils__extmath___incremental_mean_and_var__1114_1260_3,scikit_learn__sklearn__utils__extmath___incremental_mean_and_var__1114_1260_3.py,147,1239
scikit_learn__sklearn__utils__extmath___randomized_eigsh__632_784_2,scikit_learn__sklearn__utils__extmath___randomized_eigsh__632_784_2.py,153,1591
scikit_learn__sklearn__utils__graph___fix_connected_components__79_162_1,scikit_learn__sklearn__utils__graph___fix_connected_components__79_162_1.py,84,669
scikit_learn__sklearn__utils__metaestimators___BaseComposition__19_109_1,scikit_learn__sklearn__utils__metaestimators___BaseComposition__19_109_1.py,91,793
scikit_learn__sklearn__utils__multiclass__type_of_target__240_436_1,scikit_learn__sklearn__utils__multiclass__type_of_target__240_436_1.py,197,1904
scikit_learn__sklearn__utils__optimize___cg__113_199_2,scikit_learn__sklearn__utils__optimize___cg__113_199_2.py,87,829
scikit_learn__sklearn__utils__optimize___line_search_wolfe12__31_110_1,scikit_learn__sklearn__utils__optimize___line_search_wolfe12__31_110_1.py,80,781
scikit_learn__sklearn__utils__optimize___newton_cg__202_328_3,scikit_learn__sklearn__utils__optimize___newton_cg__202_328_3.py,127,850
scikit_learn__sklearn__utils__sparsefuncs__incr_mean_variance_axis__179_291_1,scikit_learn__sklearn__utils__sparsefuncs__incr_mean_variance_axis__179_291_1.py,113,1166
scikit_learn__sklearn__utils__stats___weighted_percentile__10_216_1,scikit_learn__sklearn__utils__stats___weighted_percentile__10_216_1.py,207,2338
scikit_learn__sklearn__utils__validation__check_array__725_1145_2,scikit_learn__sklearn__utils__validation__check_array__725_1145_2.py,421,3780
scikit_learn__sklearn__utils__validation__check_is_fitted__1621_1705_4,scikit_learn__sklearn__utils__validation__check_is_fitted__1621_1705_4.py,85,747
scikit_learn__sklearn__utils__validation__check_scalar__1778_1903_5,scikit_learn__sklearn__utils__validation__check_scalar__1778_1903_5.py,126,979
scikit_learn__sklearn__utils__validation__check_X_y__1170_1335_3,scikit_learn__sklearn__utils__validation__check_X_y__1170_1335_3.py,166,1397
scikit_learn__sklearn__utils__validation__validate_data__2803_2935_10,scikit_learn__sklearn__utils__validation__validate_data__2803_2935_10.py,133,1291
scikit_learn__sklearn__utils__validation___check_feature_names__2643_2739_9,scikit_learn__sklearn__utils__validation___check_feature_names__2643_2739_9.py,97,775
scikit_learn__sklearn__utils__validation___check_monotonic_cst__2469_2548_8,scikit_learn__sklearn__utils__validation___check_monotonic_cst__2469_2548_8.py,80,812
scikit_learn__sklearn__utils__validation___check_psd_eigenvalues__1906_2076_6,scikit_learn__sklearn__utils__validation___check_psd_eigenvalues__1906_2076_6.py,171,1806
scikit_learn__sklearn__utils__validation___check_sample_weight__2079_2191_7,scikit_learn__sklearn__utils__validation___check_sample_weight__2079_2191_7.py,113,836
scikit_learn__sklearn__utils__validation___ensure_sparse_format__525_659_1,scikit_learn__sklearn__utils__validation___ensure_sparse_format__525_659_1.py,135,1110
scikit_learn__sklearn__utils___array_api__get_namespace__354_446_1,scikit_learn__sklearn__utils___array_api__get_namespace__354_446_1.py,93,640
scikit_learn__sklearn__utils___array_api__move_to__498_591_2,scikit_learn__sklearn__utils___array_api__move_to__498_591_2.py,94,863
scikit_learn__sklearn__utils___encode___check_unknown__240_321_1,scikit_learn__sklearn__utils___encode___check_unknown__240_321_1.py,82,591
scikit_learn__sklearn__utils___indexing__resample__526_710_3,scikit_learn__sklearn__utils___indexing__resample__526_710_3.py,185,1466
scikit_learn__sklearn__utils___indexing___determine_key_type__181_262_1,scikit_learn__sklearn__utils___indexing___determine_key_type__181_262_1.py,82,643
scikit_learn__sklearn__utils___indexing___safe_indexing__265_377_2,scikit_learn__sklearn__utils___indexing___safe_indexing__265_377_2.py,113,1127
scikit_learn__sklearn__utils___metadata_requests__MetadataRequest__560_756_2,scikit_learn__sklearn__utils___metadata_requests__MetadataRequest__560_756_2.py,197,1423
scikit_learn__sklearn__utils___metadata_requests__MetadataRouter__854_1235_3,scikit_learn__sklearn__utils___metadata_requests__MetadataRouter__854_1235_3.py,382,2871
scikit_learn__sklearn__utils___metadata_requests__MethodMetadataRequest__328_557_1,scikit_learn__sklearn__utils___metadata_requests__MethodMetadataRequest__328_557_1.py,230,1541
scikit_learn__sklearn__utils___metadata_requests__process_routing__1652_1751_6,scikit_learn__sklearn__utils___metadata_requests__process_routing__1652_1751_6.py,100,916
scikit_learn__sklearn__utils___metadata_requests__RequestMethod__1352_1469_4,scikit_learn__sklearn__utils___metadata_requests__RequestMethod__1352_1469_4.py,118,867
scikit_learn__sklearn__utils___metadata_requests___MetadataRequester__1472_1639_5,scikit_learn__sklearn__utils___metadata_requests___MetadataRequester__1472_1639_5.py,168,1442
scikit_learn__sklearn__utils___metadata_requests____get____1390_1469_7,scikit_learn__sklearn__utils___metadata_requests____get____1390_1469_7.py,80,601
scikit_learn__sklearn__utils___mocking__CheckingClassifier__68_343_1,scikit_learn__sklearn__utils___mocking__CheckingClassifier__68_343_1.py,276,2207
scikit_learn__sklearn__utils___param_validation__generate_valid_param__828_910_3,scikit_learn__sklearn__utils___param_validation__generate_valid_param__828_910_3.py,83,523
scikit_learn__sklearn__utils___param_validation__Interval__402_524_2,scikit_learn__sklearn__utils___param_validation__Interval__402_524_2.py,123,1105
scikit_learn__sklearn__utils___param_validation__validate_params__150_233_1,scikit_learn__sklearn__utils___param_validation__validate_params__150_233_1.py,84,632
scikit_learn__sklearn__utils___plotting___BinaryClassifierCurveDisplayMixin__16_274_1,scikit_learn__sklearn__utils___plotting___BinaryClassifierCurveDisplayMixin__16_274_1.py,259,2104
scikit_learn__sklearn__utils___plotting___validate_curve_kwargs__136_274_2,scikit_learn__sklearn__utils___plotting___validate_curve_kwargs__136_274_2.py,139,1149
scikit_learn__sklearn__utils___pprint___EstimatorPrettyPrinter__117_351_1,scikit_learn__sklearn__utils___pprint___EstimatorPrettyPrinter__117_351_1.py,235,2101
scikit_learn__sklearn__utils___pprint___safe_repr__354_462_2,scikit_learn__sklearn__utils___pprint___safe_repr__354_462_2.py,109,935
scikit_learn__sklearn__utils___repr_html__base___HTMLDocumentationLinkMixin__11_115_1,scikit_learn__sklearn__utils___repr_html__base___HTMLDocumentationLinkMixin__11_115_1.py,105,964
scikit_learn__sklearn__utils___repr_html__estimator__estimator_html_repr__416_507_3,scikit_learn__sklearn__utils___repr_html__estimator__estimator_html_repr__416_507_3.py,92,697
scikit_learn__sklearn__utils___repr_html__estimator___write_estimator_html__272_413_2,scikit_learn__sklearn__utils___repr_html__estimator___write_estimator_html__272_413_2.py,142,1115
scikit_learn__sklearn__utils___repr_html__estimator___write_label_html__107_226_1,scikit_learn__sklearn__utils___repr_html__estimator___write_label_html__107_226_1.py,120,1155
scikit_learn__sklearn__utils___response___get_response_values__116_235_1,scikit_learn__sklearn__utils___response___get_response_values__116_235_1.py,120,1008
scikit_learn__sklearn__utils___testing__assert_docstring_consistency__761_899_2,scikit_learn__sklearn__utils___testing__assert_docstring_consistency__761_899_2.py,139,1187
scikit_learn__sklearn__utils___testing__check_docstring_parameters__479_623_1,scikit_learn__sklearn__utils___testing__check_docstring_parameters__479_623_1.py,145,1118
scikit_learn__sklearn__utils___testing___convert_container__964_1069_3,scikit_learn__sklearn__utils___testing___convert_container__964_1069_3.py,106,1040
scikit_learn__sklearn__utils___testing___get_warnings_filters_info_list__1361_1459_4,scikit_learn__sklearn__utils___testing___get_warnings_filters_info_list__1361_1459_4.py,99,876
scikit_learn__sklearn___config__config_context__234_407_2,scikit_learn__sklearn___config__config_context__234_407_2.py,174,1361
scikit_learn__sklearn___config__set_config__63_230_1,scikit_learn__sklearn___config__set_config__63_230_1.py,168,1414
scikit_learn__sklearn___loss__loss__BaseLoss__78_534_1,scikit_learn__sklearn___loss__loss__BaseLoss__78_534_1.py,457,3588
scikit_learn__sklearn___loss__loss__HalfBinomialLossArrayAPI__1343_1442_3,scikit_learn__sklearn___loss__loss__HalfBinomialLossArrayAPI__1343_1442_3.py,100,603
scikit_learn__sklearn___loss__loss__HalfMultinomialLossArrayAPI__1445_1585_4,scikit_learn__sklearn___loss__loss__HalfMultinomialLossArrayAPI__1445_1585_4.py,141,996
scikit_learn__sklearn___loss__loss__HalfMultinomialLoss__973_1136_2,scikit_learn__sklearn___loss__loss__HalfMultinomialLoss__973_1136_2.py,164,1269
scrapy__scrapy__commands__genspider__Command__48_226_1,scrapy__scrapy__commands__genspider__Command__48_226_1.py,179,1288
scrapy__scrapy__commands__parse__Command__38_414_1,scrapy__scrapy__commands__parse__Command__38_414_1.py,377,2818
scrapy__scrapy__commands____init____ScrapyCommand__26_138_1,scrapy__scrapy__commands____init____ScrapyCommand__26_138_1.py,113,828
scrapy__scrapy__contracts____init____ContractsManager__92_195_1,scrapy__scrapy__contracts____init____ContractsManager__92_195_1.py,104,787
scrapy__scrapy__core__downloader__handlers__http11__ScrapyAgent__372_578_2,scrapy__scrapy__core__downloader__handlers__http11__ScrapyAgent__372_578_2.py,207,1627
scrapy__scrapy__core__downloader__handlers__http11__TunnelingTCP4ClientEndpoint__155_248_1,scrapy__scrapy__core__downloader__handlers__http11__TunnelingTCP4ClientEndpoint__155_248_1.py,94,935
scrapy__scrapy__core__downloader__handlers__http11___ResponseReader__598_710_3,scrapy__scrapy__core__downloader__handlers__http11___ResponseReader__598_710_3.py,113,816
scrapy__scrapy__core__downloader__handlers___httpx__HttpxDownloadHandler__70_269_1,scrapy__scrapy__core__downloader__handlers___httpx__HttpxDownloadHandler__70_269_1.py,200,1617
scrapy__scrapy__core__downloader__handlers___httpx___read_response__146_240_2,scrapy__scrapy__core__downloader__handlers___httpx___read_response__146_240_2.py,95,669
scrapy__scrapy__core__downloader__handlers____init____DownloadHandlers__49_178_1,scrapy__scrapy__core__downloader__handlers____init____DownloadHandlers__49_178_1.py,130,1118
scrapy__scrapy__core__downloader__middleware__DownloaderMiddlewareManager__34_159_1,scrapy__scrapy__core__downloader__middleware__DownloaderMiddlewareManager__34_159_1.py,126,996
scrapy__scrapy__core__downloader__middleware__download_async__71_159_2,scrapy__scrapy__core__downloader__middleware__download_async__71_159_2.py,89,666
scrapy__scrapy__core__downloader__webclient__ScrapyHTTPClientFactory__94_239_1,scrapy__scrapy__core__downloader__webclient__ScrapyHTTPClientFactory__94_239_1.py,146,1233
scrapy__scrapy__core__downloader____init____Downloader__109_292_1,scrapy__scrapy__core__downloader____init____Downloader__109_292_1.py,184,1511
scrapy__scrapy__core__engine__close_spider_async__590_674_2,scrapy__scrapy__core__engine__close_spider_async__590_674_2.py,85,569
scrapy__scrapy__core__engine__ExecutionEngine__100_674_1,scrapy__scrapy__core__engine__ExecutionEngine__100_674_1.py,575,4659
scrapy__scrapy__core__http2__agent__H2ConnectionPool__32_115_1,scrapy__scrapy__core__http2__agent__H2ConnectionPool__32_115_1.py,84,682
scrapy__scrapy__core__http2__protocol__H2ClientProtocol__86_446_1,scrapy__scrapy__core__http2__protocol__H2ClientProtocol__86_446_1.py,361,2944
scrapy__scrapy__core__http2__stream__close__391_484_2,scrapy__scrapy__core__http2__stream__close__391_484_2.py,94,732
scrapy__scrapy__core__http2__stream__Stream__86_500_1,scrapy__scrapy__core__http2__stream__Stream__86_500_1.py,415,3368
scrapy__scrapy__core__scheduler__Scheduler__130_530_1,scrapy__scrapy__core__scheduler__Scheduler__130_530_1.py,401,3572
scrapy__scrapy__core__scraper__Scraper__103_549_1,scrapy__scrapy__core__scraper__Scraper__103_549_1.py,447,3702
scrapy__scrapy__core__spidermw__SpiderMiddlewareManager__54_571_1,scrapy__scrapy__core__spidermw__SpiderMiddlewareManager__54_571_1.py,518,4739
scrapy__scrapy__core__spidermw___process_spider_output__262_351_2,scrapy__scrapy__core__spidermw___process_spider_output__262_351_2.py,90,888
scrapy__scrapy__crawler__AsyncCrawlerProcess__732_845_4,scrapy__scrapy__crawler__AsyncCrawlerProcess__732_845_4.py,114,1024
scrapy__scrapy__crawler__AsyncCrawlerRunner__473_581_3,scrapy__scrapy__crawler__AsyncCrawlerRunner__473_581_3.py,109,933
scrapy__scrapy__crawler__CrawlerRunner__376_470_2,scrapy__scrapy__crawler__CrawlerRunner__376_470_2.py,95,782
scrapy__scrapy__crawler__Crawler__56_320_1,scrapy__scrapy__crawler__Crawler__56_320_1.py,265,2254
scrapy__scrapy__downloadermiddlewares__cookies__CookiesMiddleware__40_189_1,scrapy__scrapy__downloadermiddlewares__cookies__CookiesMiddleware__40_189_1.py,150,1211
scrapy__scrapy__downloadermiddlewares__httpcache__HttpCacheMiddleware__31_151_1,scrapy__scrapy__downloadermiddlewares__httpcache__HttpCacheMiddleware__31_151_1.py,121,974
scrapy__scrapy__downloadermiddlewares__httpcompression__HttpCompressionMiddleware__61_208_1,scrapy__scrapy__downloadermiddlewares__httpcompression__HttpCompressionMiddleware__61_208_1.py,148,1315
scrapy__scrapy__downloadermiddlewares__retry__get_retry_request__38_123_1,scrapy__scrapy__downloadermiddlewares__retry__get_retry_request__38_123_1.py,86,814
scrapy__scrapy__extensions__closespider__CloseSpider__37_150_1,scrapy__scrapy__extensions__closespider__CloseSpider__37_150_1.py,114,1076
scrapy__scrapy__extensions__feedexport__FeedExporter__433_716_1,scrapy__scrapy__extensions__feedexport__FeedExporter__433_716_1.py,284,2508
scrapy__scrapy__extensions__httpcache__FilesystemCacheStorage__310_389_2,scrapy__scrapy__extensions__httpcache__FilesystemCacheStorage__310_389_2.py,80,864
scrapy__scrapy__extensions__httpcache__RFC2616Policy__59_244_1,scrapy__scrapy__extensions__httpcache__RFC2616Policy__59_244_1.py,186,1801
scrapy__scrapy__extensions__memusage__MemoryUsage__35_161_1,scrapy__scrapy__extensions__memusage__MemoryUsage__35_161_1.py,127,1204
scrapy__scrapy__extensions__periodic_log__PeriodicLog__27_160_1,scrapy__scrapy__extensions__periodic_log__PeriodicLog__27_160_1.py,134,1090
scrapy__scrapy__http__cookies__CookieJar__27_108_1,scrapy__scrapy__http__cookies__CookieJar__27_108_1.py,82,705
scrapy__scrapy__http__request____init____Request__84_410_1,scrapy__scrapy__http__request____init____Request__84_410_1.py,327,2841
scrapy__scrapy__http__request____init______init____123_237_2,scrapy__scrapy__http__request____init______init____123_237_2.py,115,1189
scrapy__scrapy__http__response__text__TextResponse__42_285_1,scrapy__scrapy__http__response__text__TextResponse__42_285_1.py,244,2181
scrapy__scrapy__http__response____init____Response__36_278_1,scrapy__scrapy__http__response____init____Response__36_278_1.py,243,1867
scrapy__scrapy__linkextractors__lxmlhtml__LxmlLinkExtractor__164_284_2,scrapy__scrapy__linkextractors__lxmlhtml__LxmlLinkExtractor__164_284_2.py,121,1121
scrapy__scrapy__linkextractors__lxmlhtml__LxmlParserLinkExtractor__60_157_1,scrapy__scrapy__linkextractors__lxmlhtml__LxmlParserLinkExtractor__60_157_1.py,98,745
scrapy__scrapy__logformatter__LogFormatter__37_195_1,scrapy__scrapy__logformatter__LogFormatter__37_195_1.py,159,1151
scrapy__scrapy__mail__MailSender__52_231_1,scrapy__scrapy__mail__MailSender__52_231_1.py,180,1396
scrapy__scrapy__middleware__MiddlewareManager__35_168_1,scrapy__scrapy__middleware__MiddlewareManager__35_168_1.py,134,1183
scrapy__scrapy__pipelines__files__FilesPipeline__411_715_2,scrapy__scrapy__pipelines__files__FilesPipeline__411_715_2.py,305,2594
scrapy__scrapy__pipelines__files__S3FilesStore__152_271_1,scrapy__scrapy__pipelines__files__S3FilesStore__152_271_1.py,120,1177
scrapy__scrapy__pipelines__images__ImagesPipeline__41_258_1,scrapy__scrapy__pipelines__images__ImagesPipeline__41_258_1.py,218,1704
scrapy__scrapy__pipelines__media__MediaPipeline__57_321_1,scrapy__scrapy__pipelines__media__MediaPipeline__57_321_1.py,265,2091
scrapy__scrapy__pqueues__DownloaderAwarePriorityQueue__277_410_2,scrapy__scrapy__pqueues__DownloaderAwarePriorityQueue__277_410_2.py,134,1075
scrapy__scrapy__pqueues__ScrapyPriorityQueue__52_256_1,scrapy__scrapy__pqueues__ScrapyPriorityQueue__52_256_1.py,205,1537
scrapy__scrapy__settings____init____BaseSettings__83_672_1,scrapy__scrapy__settings____init____BaseSettings__83_672_1.py,590,4971
scrapy__scrapy__shell__Shell__37_208_1,scrapy__scrapy__shell__Shell__37_208_1.py,172,1414
scrapy__scrapy__spiders__crawl__CrawlSpider__95_219_1,scrapy__scrapy__spiders__crawl__CrawlSpider__95_219_1.py,125,1024
scrapy__scrapy__spiders__feed__XMLFeedSpider__23_108_1,scrapy__scrapy__spiders__feed__XMLFeedSpider__23_108_1.py,86,768
scrapy__scrapy__spiders____init____Spider__33_185_1,scrapy__scrapy__spiders____init____Spider__33_185_1.py,153,1168
scrapy__scrapy__utils__defer___AsyncCooperatorAdapter__175_276_1,scrapy__scrapy__utils__defer___AsyncCooperatorAdapter__175_276_1.py,102,1231
scrapy__scrapy__utils__deprecate__create_deprecated_class__26_135_1,scrapy__scrapy__utils__deprecate__create_deprecated_class__26_135_1.py,110,1093
